Multiple size <= 100
TEST 1 ARG:84 61 89 68 19 5 96 26 17 34 30 75 2 86 13 25 10 38 54 14 36 83 46 7 9 55 39 23 87 93 47 29 73 48 31 90 59 42 1 18 40 21 60 78 52 45 66 82 80 94 35 74 32 77 11 43 16 97 76 57 65 49 50 56 72 67 33 37 63 70 24 4 6 0 58 8 27 99 41 12 53 22 81 3 15 91 71 92 20 85 64 88 44 69 28 62 79 51 95 98 
TEST 2 ARG:25 33 16 67 10 79 58 73 38 26 59 28 98 85 95 76 7 45 35 91 57 32 50 19 18 21 93 97 12 29 22 49 5 2 48 69 42 78 30 52 36 96 64 24 80 8 66 37 88 87 53 99 51 56 65 61 86 84 14 47 17 82 40 41 44 92 13 71 23 6 4 3 90 27 70 94 63 62 1 89 46 39 11 72 74 15 81 0 54 9 60 75 43 68 34 77 20 31 55 83 
TEST 3 ARG:28 61 74 16 1 13 32 2 29 8 30 58 56 80 6 66 0 40 83 31 19 48 60 67 86 98 70 38 50 88 9 39 81 62 17 95 46 27 97 52 35 71 22 43 23 14 33 57 69 37 49 25 59 63 79 12 5 26 77 65 99 87 24 47 18 82 91 3 90 51 53 20 64 55 76 10 44 72 7 45 41 75 54 85 36 89 94 21 68 78 92 96 84 42 73 4 93 34 15 11 
TEST 4 ARG:73 19 65 98 29 82 40 52 56 55 89 97 27 51 34 45 13 90 11 26 5 69 76 24 16 80 43 38 23 35 50 63 88 37 79 62 46 75 81 70 28 30 7 31 57 41 4 61 94 72 85 48 6 39 66 91 67 71 22 53 86 60 92 10 84 99 95 17 87 77 58 0 15 1 83 12 54 68 74 20 9 25 36 33 18 42 21 96 47 14 64 3 59 78 49 44 8 32 93 2 
TEST 5 ARG:46 18 59 62 87 30 42 77 98 97 31 89 0 72 56 61 78 71 50 69 75 51 22 20 24 96 74 53 95 67 60 58 94 40 23 76 7 84 29 80 79 55 17 25 57 92 68 36 54 86 45 91 52 19 73 34 85 28 88 32 81 44 10 66 48 26 83 8 15 27 14 35 43 6 90 12 2 64 38 49 63 16 9 3 93 11 13 33 37 99 1 70 39 65 41 5 21 47 4 82 
TEST 6 ARG:26 48 99 44 43 24 96 1 70 2 7 62 98 63 25 68 36 93 17 87 85 18 86 83 58 41 5 82 40 15 45 47 13 12 0 80 6 14 42 72 4 30 50 92 33 46 54 69 3 65 59 49 56 39 29 57 16 64 35 66 71 34 90 31 20 89 81 8 55 53 77 67 19 79 38 22 88 51 60 21 9 78 37 74 75 23 94 91 27 76 73 97 11 52 32 28 10 95 61 84 
TEST 7 ARG:21 12 31 11 67 55 14 99 73 52 85 97 59 47 37 10 24 22 28 77 74 78 20 79 1 26 90 34 7 60 57 43 86 18 30 25 64 33 45 0 36 6 23 82 42 69 70 81 83 93 96 88 58 50 35 19 27 17 40 2 15 49 13 80 41 32 68 84 98 65 44 61 56 29 8 94 87 51 92 75 39 62 53 4 5 95 71 9 48 54 3 66 72 16 89 76 91 46 38 63 
TEST 8 ARG:34 0 30 55 24 17 16 73 4 6 8 50 11 86 23 65 43 7 97 42 15 37 1 85 22 44 53 93 25 64 12 38 31 98 2 33 56 13 84 80 45 21 81 75 88 46 70 61 90 95 10 91 89 26 28 79 20 29 66 54 40 59 62 32 67 3 41 39 77 87 99 48 9 52 76 36 47 72 83 74 5 78 96 82 60 92 19 58 49 18 57 68 14 63 51 35 69 71 27 94 
TEST 9 ARG:61 64 14 85 19 5 32 74 53 62 79 96 40 73 50 95 10 89 87 43 83 0 31 60 80 11 6 30 27 12 57 35 86 28 52 46 76 75 78 39 1 58 2 68 13 7 38 42 33 63 67 23 71 66 37 91 94 17 72 88 24 8 98 9 70 45 77 69 54 97 34 55 93 18 29 99 48 51 41 92 81 26 56 3 90 84 4 47 36 59 82 44 20 65 16 15 22 25 49 21 
TEST 10 ARG:62 39 9 23 15 32 44 84 59 52 68 94 33 1 56 30 46 97 71 90 36 77 20 99 54 58 69 28 53 72 87 19 4 22 26 25 92 8 76 83 47 55 95 12 82 93 81 34 17 80 6 49 5 48 85 70 65 66 11 61 50 40 74 7 43 31 63 73 18 88 29 51 0 2 64 3 57 86 78 24 96 98 60 21 41 16 91 13 10 35 38 79 27 89 37 67 14 75 45 42 
TEST 11 ARG:20 75 22 45 17 74 41 0 34 53 43 67 9 82 60 69 23 88 33 36 64 83 39 58 5 29 90 55 46 6 62 11 80 16 92 66 50 84 72 87 59 30 28 96 26 56 15 61 47 37 57 99 40 76 63 35 44 19 21 98 49 2 86 48 38 95 18 27 73 24 85 51 93 4 54 13 1 91 70 78 71 81 25 42 52 8 79 65 77 12 68 7 94 32 3 14 97 31 10 89 
TEST 12 ARG:48 61 31 60 71 8 49 42 41 14 58 72 96 59 23 81 10 55 19 89 47 30 98 52 64 35 99 25 88 57 54 80 78 53 9 20 86 76 21 34 43 6 16 68 75 79 70 66 26 5 22 67 63 65 28 33 27 50 83 2 73 62 44 15 46 12 85 95 94 51 32 87 24 92 39 11 45 97 13 18 36 91 4 77 40 90 56 1 0 93 74 37 29 7 84 82 69 3 17 38 
TEST 13 ARG:97 96 39 45 25 41 28 21 1 70 2 48 32 46 36 9 43 10 14 27 44 22 66 4 6 61 13 0 64 69 42 26 57 78 93 63 77 83 53 54 37 87 94 52 19 58 31 59 35 79 74 8 33 68 91 72 16 55 85 30 67 15 11 49 29 92 95 81 90 73 17 12 51 24 75 89 84 47 88 65 40 82 23 60 80 18 7 50 98 56 99 20 71 76 5 38 34 62 86 3 
TEST 14 ARG:21 46 65 88 24 94 97 14 43 99 62 17 68 76 86 10 2 64 54 18 45 72 1 30 0 44 13 51 42 52 41 35 67 84 92 33 47 28 75 85 12 74 58 3 71 22 66 5 39 32 91 60 29 34 11 93 79 7 6 55 61 56 73 77 63 20 95 98 78 48 53 26 57 31 19 27 69 83 4 25 80 89 59 15 81 70 38 16 96 9 37 87 23 40 36 82 90 8 49 50 
TEST 15 ARG:90 56 0 50 3 13 58 96 32 1 28 62 29 36 51 93 20 44 95 21 23 82 30 83 47 78 91 68 89 17 25 71 98 31 65 53 6 34 88 46 69 84 80 22 54 43 97 9 73 12 60 66 81 37 86 70 5 67 26 2 85 40 49 24 74 45 39 27 94 52 4 35 38 33 61 92 48 77 19 72 41 7 99 57 10 87 55 18 59 14 8 15 75 42 63 64 76 16 11 79 
TEST 16 ARG:97 79 9 23 58 59 72 14 29 31 91 16 67 98 21 56 66 87 32 84 68 90 2 20 81 63 48 5 65 13 43 82 74 50 95 8 61 39 25 49 34 35 64 94 93 7 76 40 3 33 70 83 28 11 18 92 6 41 26 80 53 10 73 89 22 86 96 52 62 57 55 69 46 78 37 12 38 60 47 71 75 15 88 17 30 0 51 27 99 1 85 45 19 36 54 24 77 4 42 44 
TEST 17 ARG:80 45 48 77 37 5 28 54 66 14 8 42 15 87 92 27 26 24 71 63 47 40 20 73 60 82 96 65 90 75 41 25 81 44 76 91 51 74 7 30 35 85 72 22 53 64 29 94 98 12 49 46 97 84 0 3 68 2 19 11 70 93 67 69 16 38 88 78 52 79 9 10 59 55 32 83 31 50 21 34 89 33 43 1 57 17 36 18 56 4 95 61 86 39 23 99 58 62 6 13 
TEST 18 ARG:34 27 78 19 71 55 98 63 13 33 37 79 23 59 9 49 58 74 60 29 54 99 35 45 65 22 47 92 70 87 73 67 56 14 52 3 50 93 6 39 48 18 8 85 16 21 0 32 51 46 81 96 42 90 83 28 95 30 86 69 82 12 88 11 91 10 24 62 53 38 7 76 97 84 1 26 2 68 4 64 31 61 75 15 77 25 57 20 41 17 40 43 44 36 5 72 66 94 89 80 
TEST 19 ARG:2 44 13 46 16 85 59 55 38 93 89 73 70 9 82 20 7 5 27 10 79 26 86 83 62 36 81 45 71 76 31 39 42 80 67 43 50 57 64 19 28 30 0 17 4 32 68 18 61 12 92 99 87 37 90 98 60 8 58 56 47 33 77 91 84 29 52 23 72 54 22 14 1 94 65 78 74 3 11 69 21 88 95 48 97 15 75 53 49 25 34 96 6 66 63 40 24 51 35 41 
TEST 20 ARG:75 3 7 0 51 21 77 26 20 43 60 83 27 64 70 33 84 1 99 37 34 92 61 62 98 32 71 63 40 22 52 4 49 6 57 89 5 19 47 56 50 76 78 74 25 68 15 58 69 97 96 17 11 13 94 24 16 65 53 93 42 9 73 29 2 35 88 66 86 72 81 12 28 8 80 87 14 59 31 36 95 85 38 54 45 39 46 18 79 30 41 90 44 82 23 55 67 48 10 91 
TEST 21 ARG:55 0 22 11 2 42 54 78 53 83 19 44 73 13 4 64 27 89 59 15 49 80 66 77 58 97 3 25 92 37 17 87 28 41 96 82 71 43 76 79 95 93 88 62 39 26 98 40 12 5 57 9 6 72 46 48 16 20 63 86 81 10 84 31 34 85 69 30 35 68 56 32 60 18 61 52 1 91 21 47 29 94 23 99 36 38 7 51 24 45 8 14 90 65 33 75 50 70 74 67 
TEST 22 ARG:35 38 84 58 22 12 40 10 26 39 15 99 55 42 48 56 65 20 66 90 81 45 73 72 36 63 33 93 17 44 1 68 27 60 86 37 9 94 2 70 83 14 89 32 98 4 31 30 21 78 49 5 59 77 80 53 92 82 28 67 91 0 18 11 88 85 8 51 97 41 16 46 7 54 69 3 76 79 6 87 23 52 71 95 29 19 34 43 62 24 75 61 64 57 25 74 50 96 47 13 
TEST 23 ARG:16 28 89 17 81 59 23 34 93 70 83 56 32 4 2 30 95 75 84 72 21 98 68 47 40 97 33 66 8 77 62 10 99 5 7 94 20 3 36 53 65 19 12 15 13 14 27 41 73 18 37 52 85 69 50 96 39 80 87 49 58 22 82 46 63 60 79 55 35 91 51 26 61 9 6 1 25 92 86 29 74 64 43 48 31 24 38 57 44 71 78 54 88 90 0 45 67 42 76 11 
TEST 24 ARG:92 52 13 87 97 1 41 28 49 6 40 58 30 42 25 60 51 44 19 3 79 11 43 59 15 18 63 2 89 76 65 74 27 96 46 64 80 81 84 47 70 45 62 22 48 55 36 72 66 9 75 20 32 26 24 8 61 35 73 33 68 91 16 21 94 10 95 39 67 69 82 31 71 54 4 77 50 37 23 78 38 86 12 53 88 14 85 34 5 90 29 57 7 0 83 56 98 93 99 17 
TEST 25 ARG:59 48 53 20 36 62 79 55 58 6 85 42 0 71 10 24 83 61 34 26 86 4 1 67 30 17 99 54 96 77 97 98 2 94 37 33 39 12 44 87 78 9 15 73 29 25 57 95 27 84 11 68 21 32 16 14 7 88 89 70 90 13 60 82 3 5 51 18 19 92 93 52 47 45 22 64 56 40 65 72 91 69 43 8 66 49 35 41 74 46 63 31 28 75 80 23 50 76 38 81 
TEST 26 ARG:62 42 8 25 61 86 45 54 60 19 12 85 1 87 57 88 18 15 27 99 28 30 31 16 33 93 46 37 44 43 22 98 38 29 6 2 23 14 78 0 83 51 9 17 71 32 65 10 40 7 67 56 69 84 35 49 75 11 94 95 63 41 55 80 76 47 13 91 26 66 92 68 39 20 64 58 77 90 97 5 81 48 79 24 52 53 89 73 70 59 50 21 36 74 4 3 96 34 72 82 
TEST 27 ARG:57 36 83 80 95 65 10 8 16 5 63 87 71 55 19 75 52 84 97 33 27 82 41 0 32 90 38 42 78 21 49 24 43 39 76 35 22 11 12 59 4 66 70 45 62 67 25 69 1 72 7 91 2 51 23 26 37 73 60 85 89 68 88 94 99 6 31 14 77 40 48 34 9 64 29 17 93 20 3 30 98 86 58 53 18 46 81 96 61 50 13 44 79 92 15 54 56 28 74 47 
TEST 28 ARG:34 42 50 49 64 99 96 97 22 33 14 1 69 60 27 26 45 83 10 93 81 8 72 54 61 2 91 9 88 55 89 28 76 79 0 92 73 65 70 19 13 30 37 32 98 36 68 51 52 11 16 90 23 86 82 44 17 31 62 4 24 66 15 53 43 47 3 29 94 25 80 84 71 18 67 5 74 35 38 75 6 59 20 85 48 58 63 87 77 78 40 46 95 39 21 57 7 41 56 12 
TEST 29 ARG:62 29 51 30 75 90 59 79 24 54 38 81 27 36 8 32 39 41 68 11 65 12 25 15 63 73 78 40 5 71 45 6 13 76 60 88 43 49 48 80 77 82 21 92 84 99 58 35 46 9 2 98 22 31 34 66 61 69 55 3 4 83 95 26 50 33 97 20 74 70 7 67 28 10 1 18 93 42 53 19 57 86 89 91 96 87 56 52 16 85 72 94 37 0 44 64 47 14 23 17 
TEST 30 ARG:95 91 36 98 62 48 51 82 89 63 54 24 88 75 22 45 28 71 52 56 15 57 21 70 80 86 76 17 39 92 83 13 72 84 79 90 1 53 0 64 37 26 33 11 25 18 9 94 49 58 32 23 69 59 31 38 46 78 20 55 5 3 14 8 96 93 66 81 19 99 74 16 7 42 67 10 97 61 65 77 27 43 29 40 47 2 68 73 6 35 50 30 44 87 60 85 4 12 34 41 
TEST 31 ARG:42 38 72 29 40 99 43 83 17 62 28 58 95 92 3 36 6 90 45 5 54 21 12 71 93 77 13 4 87 94 25 9 96 33 22 2 50 98 76 85 56 27 8 7 52 19 44 61 97 84 48 79 86 51 35 65 39 15 89 68 78 41 34 55 59 69 70 26 80 16 32 64 18 0 46 30 75 20 82 31 10 63 88 91 23 11 66 67 47 24 60 1 81 74 53 49 57 14 73 37 
TEST 32 ARG:76 56 87 99 2 77 59 17 65 42 45 20 55 3 90 51 49 58 22 0 15 85 57 44 32 98 40 79 91 4 66 38 75 92 71 89 5 24 73 97 35 33 84 74 93 18 10 72 12 43 70 60 67 14 54 50 69 47 52 8 96 28 39 64 21 82 29 61 88 83 1 95 68 30 27 94 34 9 63 13 81 23 53 6 86 26 37 16 36 7 80 48 78 19 46 31 41 62 25 11 
TEST 33 ARG:43 4 60 35 50 93 84 44 91 28 90 32 30 81 3 73 47 89 79 17 13 92 96 66 52 10 86 83 24 68 82 9 29 56 99 59 16 33 67 71 97 76 65 18 36 94 72 88 77 8 40 5 22 80 0 57 27 55 61 39 45 42 74 34 31 37 25 38 19 64 69 12 11 15 98 53 62 58 46 70 26 78 63 23 2 7 20 87 75 14 6 41 51 48 1 49 95 21 85 54 
TEST 34 ARG:34 70 0 78 12 5 31 44 82 3 42 95 58 93 80 55 8 47 90 81 59 60 57 63 43 87 76 29 4 32 67 98 50 38 20 91 49 83 25 68 22 18 89 16 88 48 62 71 99 28 23 45 77 13 10 66 6 11 33 30 94 75 84 92 72 40 74 69 9 46 7 2 53 65 64 85 86 96 41 26 52 54 97 14 24 21 37 39 27 35 51 73 56 1 19 61 17 15 36 79 
TEST 35 ARG:96 99 23 20 45 71 49 76 46 66 14 54 50 33 24 81 5 92 48 6 25 3 64 74 52 53 73 10 7 13 67 34 2 65 61 4 28 26 72 39 56 42 9 22 30 38 60 21 11 47 0 29 90 44 8 41 85 31 35 18 80 75 40 43 32 78 89 84 98 91 15 57 63 97 77 17 37 36 83 88 82 86 51 94 62 93 87 68 12 69 59 19 70 27 55 16 58 79 95 1 
TEST 36 ARG:48 55 21 31 62 25 9 26 34 53 44 10 98 56 63 68 46 27 96 73 52 69 89 37 90 84 57 18 4 97 75 35 29 51 81 7 11 8 87 85 43 33 71 14 6 28 72 99 64 50 45 60 32 19 76 93 79 39 70 77 74 80 12 83 49 88 66 3 2 86 94 82 54 13 42 15 0 16 91 36 20 47 65 30 61 1 78 24 40 67 58 92 17 95 41 22 23 38 59 5 
TEST 37 ARG:51 69 21 23 97 70 59 57 10 96 79 38 32 50 6 67 37 19 71 27 34 29 39 87 31 41 36 43 55 84 89 5 20 40 33 56 90 68 24 42 98 48 14 64 46 61 72 60 0 12 4 2 94 13 1 76 25 88 30 8 3 18 45 62 49 99 66 78 54 82 28 11 86 92 58 81 17 65 91 63 44 35 73 7 16 26 15 47 77 75 53 80 85 52 83 74 22 95 93 9 
TEST 38 ARG:50 94 81 31 89 65 88 54 26 72 34 20 66 84 37 86 58 85 23 53 6 97 64 22 45 99 18 78 13 67 11 1 4 46 52 28 82 41 98 56 27 7 70 21 42 90 35 69 32 77 29 12 2 25 75 57 39 71 3 9 14 83 51 62 36 68 96 48 8 55 87 63 40 93 19 74 76 73 60 95 15 44 59 0 47 49 16 43 38 30 33 80 10 79 5 61 17 24 92 91 
TEST 39 ARG:11 73 85 27 65 7 92 10 43 32 34 74 89 1 78 82 76 48 18 71 40 41 38 86 5 84 26 83 69 45 59 37 66 33 95 46 44 31 96 22 3 81 55 12 16 4 35 29 24 88 0 14 56 21 6 91 42 62 8 36 23 87 15 39 98 99 54 30 58 63 20 64 79 9 17 94 68 57 51 77 25 75 90 70 72 19 28 60 80 93 13 47 52 53 50 61 97 67 2 49 
TEST 40 ARG:70 50 14 57 52 28 99 82 62 79 2 59 68 67 45 49 91 75 94 69 60 51 44 25 65 27 76 11 87 21 8 17 39 89 0 96 85 35 81 30 6 58 4 41 48 55 23 40 93 47 43 66 88 18 9 74 34 54 63 10 20 90 78 72 95 36 42 97 46 29 37 19 26 32 12 61 24 1 80 13 15 31 16 56 64 71 86 83 73 84 7 92 38 77 53 98 33 3 22 5 
TEST 41 ARG:43 0 67 68 3 6 58 52 22 34 88 66 96 78 64 18 19 57 27 81 48 33 46 13 8 32 62 65 21 70 95 30 92 25 26 61 77 41 63 86 76 44 47 83 87 94 90 55 91 2 53 5 71 16 59 89 60 10 14 56 35 37 40 93 75 9 38 54 99 23 51 20 39 85 17 11 98 73 7 97 1 74 82 50 29 72 45 69 15 49 36 84 28 79 31 4 12 80 24 42 
TEST 42 ARG:52 1 96 13 53 21 4 91 20 76 50 18 45 43 86 16 51 63 88 42 48 62 90 12 29 82 15 79 78 33 57 3 23 14 11 0 66 5 54 24 89 17 6 8 95 99 59 67 44 28 81 71 85 34 83 55 19 75 92 40 36 37 61 93 69 65 31 30 25 74 35 38 7 10 97 72 84 98 32 58 87 47 2 94 60 73 56 26 49 9 46 80 77 41 27 70 22 64 68 39 
TEST 43 ARG:24 99 20 60 52 54 85 37 18 22 40 90 56 23 75 0 29 2 3 67 97 69 62 82 1 45 8 31 73 84 33 57 41 59 13 61 7 14 93 26 27 66 74 65 92 51 12 35 15 79 6 72 36 32 46 88 28 98 71 83 25 77 39 55 43 53 4 50 47 78 34 95 49 96 68 19 38 5 91 76 21 70 89 30 42 86 94 63 11 16 17 48 64 80 87 81 44 58 9 10 
TEST 44 ARG:55 38 47 92 13 66 70 96 37 20 26 30 77 57 15 68 49 58 28 78 32 45 73 44 53 51 46 65 52 84 80 12 27 75 56 5 72 71 25 43 8 82 81 23 16 63 76 7 89 85 79 4 83 62 0 24 61 64 9 97 69 35 39 87 19 31 50 88 60 6 29 17 1 90 42 48 74 93 99 11 98 2 33 21 95 18 41 86 94 10 22 34 3 59 36 14 40 91 54 67 
TEST 45 ARG:19 90 52 64 93 17 95 39 71 80 99 78 49 57 75 31 89 45 58 69 12 8 47 84 67 43 85 37 34 81 3 61 0 28 55 16 59 41 26 66 42 44 38 94 32 36 56 10 82 5 4 15 29 62 60 24 11 77 7 14 13 74 25 65 40 76 30 91 72 48 79 22 68 83 50 53 70 96 2 46 18 97 98 27 20 1 63 88 6 86 87 51 33 92 9 21 54 23 73 35 
TEST 46 ARG:94 28 93 48 60 2 72 18 6 35 39 34 62 1 81 8 71 54 75 73 44 82 4 79 50 59 15 52 29 0 97 5 87 10 49 40 32 25 11 27 26 65 86 37 51 90 92 78 19 7 22 68 80 9 3 30 64 57 46 96 63 98 36 24 33 77 53 13 66 61 99 74 76 67 20 38 23 12 47 91 58 83 45 88 69 21 85 89 31 55 43 56 41 17 84 16 70 42 95 14 
TEST 47 ARG:55 6 98 16 73 21 43 30 51 94 64 2 24 22 8 40 99 74 28 38 53 66 52 49 9 7 5 41 29 69 61 91 70 10 54 85 31 88 37 79 56 57 87 60 75 97 32 50 0 80 19 93 92 33 96 68 84 4 46 81 27 45 18 34 76 90 95 71 23 20 44 59 26 13 65 12 15 35 25 48 63 47 11 77 58 83 3 89 86 17 1 42 82 14 72 36 62 39 78 67 
TEST 48 ARG:72 19 55 99 98 81 67 31 9 0 41 17 80 39 86 83 64 6 94 51 29 75 56 14 66 47 26 23 48 1 92 11 27 35 69 5 74 90 62 96 59 73 45 25 24 10 33 60 63 91 37 40 34 49 84 16 3 20 8 57 78 53 12 71 85 93 44 70 7 61 65 68 79 32 18 15 36 21 89 97 42 50 46 22 95 88 58 82 13 4 28 76 43 87 30 77 38 52 2 54 
TEST 49 ARG:28 94 30 26 53 21 64 18 2 72 41 11 81 55 4 7 8 22 17 76 73 34 59 87 68 16 54 23 32 98 24 42 99 96 82 20 29 10 36 92 57 77 85 49 47 74 44 38 1 3 46 62 65 83 35 91 61 0 19 9 66 12 48 31 88 27 80 39 37 93 45 25 15 40 58 51 78 79 5 86 13 71 33 90 43 56 52 75 69 14 97 60 89 84 6 67 50 95 63 70 
TEST 50 ARG:87 0 95 29 54 75 94 14 37 9 90 11 60 69 78 6 74 39 32 8 63 43 49 19 85 92 28 52 62 24 81 13 73 48 56 44 57 66 64 20 12 35 77 76 72 4 7 3 45 84 23 97 55 15 30 58 98 93 18 31 96 5 38 2 36 68 99 91 33 61 46 42 50 89 83 67 80 27 10 70 51 47 21 17 88 1 59 71 40 53 16 34 26 65 22 79 25 41 86 82 
TEST 51 ARG:66 8 41 84 14 40 9 85 56 2 20 36 97 70 78 25 44 80 98 39 34 90 19 95 43 99 87 29 37 71 61 22 7 16 67 35 11 94 10 77 21 60 83 59 75 30 96 6 24 27 33 48 18 93 38 68 89 76 82 58 17 15 64 51 62 28 91 23 81 86 52 73 5 92 69 53 26 74 42 13 0 32 3 49 45 79 31 50 63 57 54 4 72 1 55 47 46 65 12 88 
TEST 52 ARG:66 47 4 85 15 78 25 35 68 21 24 49 99 71 82 87 18 97 17 92 27 8 89 14 79 9 75 40 0 5 45 70 23 43 11 51 50 76 61 90 10 95 33 74 2 1 20 36 38 32 42 77 6 60 58 7 86 54 69 94 37 12 72 93 28 81 52 64 30 56 91 41 44 39 16 65 34 96 13 31 26 29 55 48 73 84 53 62 63 19 57 88 98 22 80 3 59 46 67 83 
TEST 53 ARG:12 88 17 6 50 19 84 81 87 1 40 57 5 2 94 30 68 25 66 95 91 3 29 75 72 4 34 65 44 41 21 15 54 18 52 42 38 85 74 14 77 32 76 45 67 86 36 56 61 79 63 97 8 89 39 9 55 20 92 64 93 69 98 48 49 82 78 0 28 7 51 71 16 27 99 46 31 58 62 53 47 13 59 90 70 35 26 80 83 43 33 73 11 10 22 37 60 24 96 23 
TEST 54 ARG:38 32 1 95 21 41 2 55 11 68 84 17 6 63 9 52 31 71 0 88 18 58 35 67 87 37 78 46 10 13 61 24 3 54 7 79 62 51 40 47 5 69 74 92 27 50 90 77 53 89 94 72 82 60 65 29 30 97 43 81 44 36 73 64 15 49 99 66 22 75 4 57 48 98 39 70 85 91 80 28 23 16 34 83 56 26 45 20 93 19 14 76 12 42 59 86 96 33 25 8 
TEST 55 ARG:64 70 74 19 81 67 98 16 35 37 63 69 1 21 80 29 28 86 68 97 87 82 55 53 85 95 30 36 72 90 17 76 56 61 41 11 62 34 71 77 18 2 78 89 7 47 26 9 4 24 84 8 39 38 83 27 58 45 91 79 40 57 51 52 60 15 33 75 13 10 43 20 92 6 3 96 25 44 22 12 42 5 0 23 54 31 73 48 14 93 59 50 88 94 46 66 32 65 99 49 
TEST 56 ARG:47 45 76 53 73 34 75 71 62 52 65 82 29 64 87 14 79 39 1 19 70 54 23 50 11 10 33 32 31 69 92 81 80 72 99 0 42 24 91 26 98 18 44 5 15 61 7 16 8 6 93 84 48 57 22 21 85 67 12 41 4 35 38 95 96 60 13 43 9 20 83 55 49 90 3 58 36 88 25 37 30 89 2 27 63 97 86 94 66 46 77 56 17 40 28 74 78 51 59 68 
TEST 57 ARG:99 88 48 93 16 10 39 43 4 65 77 54 18 15 61 66 42 60 90 13 6 41 55 86 17 12 1 31 23 36 75 32 97 0 52 35 62 5 74 84 94 19 79 14 68 98 91 63 27 8 22 3 81 56 20 59 71 49 96 92 83 38 80 9 7 21 11 30 57 73 2 89 78 44 50 87 29 70 72 34 40 64 67 53 85 24 76 47 69 37 25 45 95 46 82 28 58 33 26 51 
TEST 58 ARG:43 46 84 21 15 6 74 1 26 27 66 30 12 23 79 62 90 73 93 51 63 49 65 24 8 9 17 52 69 53 41 2 77 16 56 33 29 18 47 36 37 64 45 50 14 60 42 0 32 82 22 72 3 34 85 97 11 75 57 89 39 87 80 40 92 48 88 70 38 81 4 25 58 13 10 44 91 95 35 61 54 59 28 94 83 5 96 78 98 99 86 67 7 76 55 20 31 19 71 68 
TEST 59 ARG:72 60 64 4 83 58 38 31 20 17 46 43 91 52 11 8 45 5 7 74 13 39 24 22 55 10 57 92 27 37 65 50 53 42 85 98 34 94 96 30 33 35 12 77 95 86 28 14 67 23 32 21 1 62 81 15 80 40 87 6 93 99 78 44 36 19 51 48 49 70 97 18 66 76 88 79 3 16 0 73 68 61 56 29 59 63 90 71 26 69 41 2 25 54 47 82 75 9 84 89 
TEST 60 ARG:6 68 87 34 20 54 74 26 57 50 16 56 73 99 86 52 14 39 48 2 18 65 15 32 24 66 80 63 89 4 58 83 9 36 44 97 3 85 94 67 31 45 95 38 22 13 21 10 72 27 47 69 30 1 40 78 61 62 75 49 82 64 90 0 17 28 81 77 37 92 51 19 33 46 53 8 23 59 96 7 88 29 25 70 43 79 71 35 12 91 76 41 5 42 93 60 98 11 55 84 
TEST 61 ARG:5 43 66 85 90 68 1 47 15 16 27 52 20 18 91 35 33 99 98 62 8 65 31 84 44 74 93 69 83 76 41 19 45 57 6 95 70 14 49 79 55 92 29 23 4 53 89 24 48 30 61 82 71 37 54 64 38 13 17 72 88 10 81 32 50 34 7 77 94 36 26 58 2 86 46 25 28 39 42 51 0 73 78 75 67 11 63 21 12 59 40 97 3 60 80 22 56 9 87 96 
TEST 62 ARG:99 38 9 11 37 31 53 15 98 82 77 4 65 36 22 33 97 6 16 64 34 86 91 60 75 89 52 90 3 93 35 57 19 45 30 50 61 62 81 54 87 67 56 71 40 95 27 5 13 79 1 68 47 21 88 46 43 41 70 25 28 2 63 72 55 84 10 51 44 12 48 74 42 83 32 20 26 59 85 14 7 8 49 17 29 96 80 18 58 73 66 39 23 24 94 69 0 76 92 78 
TEST 63 ARG:17 91 63 8 34 90 22 57 74 28 99 24 95 73 81 89 5 6 79 53 48 12 50 9 65 85 72 83 36 32 23 4 25 42 61 78 52 38 29 41 15 44 59 33 76 16 47 3 7 2 84 80 98 40 60 87 10 39 55 62 94 69 46 71 97 43 11 26 31 67 49 45 35 88 27 21 37 18 92 0 93 64 82 66 20 86 54 19 75 58 96 14 77 68 51 13 56 1 70 30 
TEST 64 ARG:30 24 78 60 82 21 46 7 92 54 75 86 43 65 69 64 9 29 51 35 41 12 0 89 47 81 6 76 15 70 68 79 8 59 23 56 22 18 72 93 42 5 55 4 85 87 38 71 77 11 57 27 94 39 90 96 53 66 83 80 34 40 1 67 3 58 44 74 52 63 13 14 62 98 25 48 61 32 20 36 2 33 97 28 17 49 16 84 73 26 31 50 10 99 88 45 37 19 91 95 
TEST 65 ARG:62 59 33 43 70 92 71 56 13 88 1 25 78 35 39 32 57 14 3 83 4 7 65 27 75 61 47 63 17 76 34 11 40 86 79 42 31 23 24 22 72 10 68 54 82 93 6 99 94 28 49 85 51 30 29 21 8 84 69 91 20 18 12 66 74 15 37 73 64 0 9 44 38 95 67 81 80 45 48 87 53 98 2 19 46 55 26 41 16 90 77 5 52 60 36 97 89 58 96 50 
TEST 66 ARG:21 97 43 34 73 31 80 29 66 0 94 32 76 49 95 98 19 18 85 88 16 27 24 81 9 74 63 62 86 68 70 75 7 33 93 78 72 36 8 90 41 11 20 61 57 40 10 89 3 22 17 51 50 56 84 82 12 65 14 79 46 67 55 47 6 1 77 45 69 96 87 38 35 71 30 4 53 37 52 28 60 39 83 91 15 23 59 13 44 42 64 25 58 5 48 54 99 26 2 92 
TEST 67 ARG:90 74 65 95 19 98 53 91 92 77 61 2 16 80 42 56 24 51 3 5 44 97 88 57 33 7 27 48 67 66 4 73 46 41 43 0 76 45 11 14 47 60 99 6 75 23 38 50 96 52 37 13 40 26 35 21 83 84 79 71 93 8 1 25 81 29 39 55 32 72 87 86 59 17 9 58 20 54 62 78 18 94 68 70 12 49 22 85 30 10 34 15 69 36 64 31 28 89 82 63 
TEST 68 ARG:94 38 91 75 11 6 18 3 26 45 21 31 46 56 71 30 42 22 58 43 84 48 35 51 64 98 41 95 19 57 4 8 40 66 7 44 92 13 62 20 72 77 28 24 85 82 99 54 39 87 81 27 49 15 88 53 50 90 33 80 10 69 68 0 61 25 67 89 36 79 9 86 76 16 65 63 12 17 97 73 1 83 55 78 52 34 23 5 47 2 70 74 93 37 29 60 14 32 59 96 
TEST 69 ARG:57 42 41 55 33 85 21 11 52 66 19 20 92 43 3 56 40 45 4 58 87 86 99 17 72 83 91 24 26 76 90 94 88 59 68 9 89 60 65 50 37 44 95 96 49 34 13 51 80 71 10 74 7 6 18 48 29 61 79 73 8 5 54 62 38 27 16 84 32 75 77 46 35 67 64 28 12 47 2 63 22 0 15 98 78 30 36 53 69 25 70 82 23 39 31 93 14 97 81 1 
TEST 70 ARG:81 67 27 99 1 48 8 93 40 6 50 42 43 79 9 28 75 10 76 7 0 62 97 2 64 70 22 59 17 18 56 20 58 36 14 69 87 16 47 61 25 26 24 96 32 51 72 52 12 31 73 23 54 98 37 55 34 88 77 21 19 33 94 29 30 39 41 3 68 83 53 5 90 35 85 44 57 66 63 46 74 65 89 13 15 92 91 60 45 86 78 49 11 71 80 4 84 95 38 82 
TEST 71 ARG:95 63 61 17 93 41 13 66 7 57 58 51 45 24 20 55 80 85 19 29 71 14 30 0 92 23 59 54 15 49 88 32 47 48 9 21 81 28 43 27 10 60 22 99 4 76 75 33 96 12 86 40 79 50 68 38 37 90 25 64 77 52 39 16 65 46 31 11 56 62 72 89 44 18 73 36 74 1 5 78 97 2 98 3 42 35 8 34 82 83 6 87 67 91 94 26 70 84 53 69 
TEST 72 ARG:71 62 88 5 37 74 52 60 82 6 81 79 48 12 78 8 68 89 39 41 70 77 63 36 53 27 23 49 19 90 64 45 9 98 38 85 56 58 7 65 22 66 50 34 40 75 24 15 28 51 80 87 94 10 11 86 67 2 0 20 93 72 14 43 92 32 33 54 21 73 4 42 30 91 44 99 31 25 46 59 47 55 35 13 17 76 61 26 29 18 97 84 3 83 57 1 16 69 96 95 
TEST 73 ARG:22 69 62 57 85 27 90 0 35 93 95 23 53 18 97 4 24 58 37 94 66 77 75 71 79 78 70 21 14 91 31 40 15 8 41 74 84 2 28 92 6 52 11 34 9 3 1 96 10 26 19 36 54 7 61 44 80 63 82 67 38 49 29 86 45 47 16 72 89 81 56 43 39 65 12 55 5 48 60 76 73 32 42 87 64 88 25 50 17 20 33 83 98 68 46 30 59 13 51 99 
TEST 74 ARG:89 92 69 25 15 8 90 58 77 26 9 35 66 70 62 85 74 94 21 32 99 93 97 46 54 33 24 34 56 22 2 50 84 80 38 68 14 18 59 88 82 45 51 87 29 10 52 36 42 27 76 3 47 64 11 20 31 61 65 71 39 41 23 6 75 81 48 37 0 44 1 86 53 28 91 19 95 5 83 78 12 57 63 17 55 7 30 43 60 4 79 67 73 16 49 72 96 13 40 98 
TEST 75 ARG:25 48 92 36 47 7 61 52 28 82 86 39 34 78 83 2 0 24 94 6 76 58 57 75 93 80 55 60 8 81 49 43 3 32 68 65 33 64 27 20 35 87 1 9 29 59 44 85 91 67 56 21 69 90 97 19 5 42 30 4 53 63 45 38 95 66 79 37 71 10 51 74 96 84 77 50 23 73 14 54 26 41 89 46 72 18 88 98 99 12 17 16 31 15 62 70 40 11 13 22 
TEST 76 ARG:69 52 56 54 38 64 0 16 28 91 18 85 51 5 15 3 25 57 27 90 80 33 26 82 78 11 43 93 44 14 50 84 58 23 97 37 95 75 42 99 53 12 79 76 96 13 32 60 71 65 35 21 20 63 24 22 77 89 39 94 87 73 72 48 9 62 66 19 6 40 2 36 74 59 61 46 47 81 83 17 29 1 86 70 10 98 88 68 45 7 8 4 92 67 31 41 55 34 30 49 
TEST 77 ARG:10 63 84 32 19 51 74 92 56 25 65 13 8 3 5 86 60 73 85 38 59 34 48 42 41 69 75 52 76 6 28 40 53 24 78 9 82 17 90 33 11 21 37 35 87 94 77 1 36 23 49 29 44 27 71 14 81 47 7 70 99 62 20 30 96 15 55 31 91 80 18 45 39 89 46 72 67 12 0 68 83 2 79 95 22 97 50 26 64 43 61 54 98 88 66 58 93 4 57 16 
TEST 78 ARG:75 39 56 6 52 58 72 62 2 84 67 19 17 85 83 20 1 31 53 94 63 36 30 4 91 86 51 15 18 66 76 87 88 0 41 92 22 68 43 16 12 13 29 44 61 97 54 77 57 47 55 60 78 10 71 11 80 24 93 28 33 74 27 89 49 40 59 79 48 26 81 8 9 42 96 99 3 7 37 34 65 69 5 46 98 50 35 70 14 82 95 73 38 23 90 45 64 21 32 25 
TEST 79 ARG:5 84 59 28 38 64 46 22 44 75 52 95 29 99 56 15 24 87 80 67 12 97 16 8 88 17 94 61 23 25 60 41 78 66 77 2 32 72 71 7 37 58 83 21 57 93 9 6 11 68 82 53 86 36 50 73 47 0 34 42 92 85 30 49 20 4 62 45 81 40 1 10 31 51 14 90 3 35 91 48 69 74 54 19 43 96 27 26 98 55 79 89 76 13 70 39 18 65 33 63 
TEST 80 ARG:40 24 38 76 85 16 32 69 7 36 61 73 96 14 58 29 83 59 48 41 57 33 74 43 13 71 84 95 5 75 82 68 97 17 79 4 50 35 65 8 42 55 27 88 23 90 28 67 94 1 10 53 11 99 81 89 62 15 19 44 91 2 20 34 26 52 87 56 63 70 51 72 64 6 25 21 80 98 66 12 93 46 54 78 86 18 9 49 47 77 30 92 60 39 45 22 0 3 31 37 
TEST 81 ARG:78 52 7 77 54 63 90 39 73 98 80 15 83 18 33 65 32 66 67 43 49 11 76 97 56 91 40 45 24 17 5 26 23 50 48 13 57 44 29 60 81 6 8 19 37 35 28 3 22 27 70 95 75 20 59 2 14 61 12 64 99 46 42 85 16 79 34 89 74 84 88 62 71 25 0 55 69 4 94 38 92 87 58 41 93 10 68 53 1 51 21 9 47 72 30 31 36 86 96 82 
TEST 82 ARG:73 35 51 4 49 74 50 88 91 11 22 43 76 26 77 80 98 78 99 19 61 66 54 56 13 16 30 52 28 62 34 3 59 25 44 32 69 7 47 42 41 14 23 67 71 65 85 75 95 1 79 15 29 97 37 6 18 48 87 10 27 96 24 81 86 21 83 40 60 46 17 12 70 90 38 0 82 63 94 53 64 36 58 39 57 9 45 72 93 20 92 31 2 55 33 8 84 68 5 89 
TEST 83 ARG:33 65 1 18 51 71 63 44 40 2 12 85 16 11 57 89 3 88 24 90 35 61 39 30 68 4 37 96 80 46 56 59 94 81 19 27 23 79 60 36 84 69 95 43 77 55 38 50 72 5 28 29 15 48 87 91 25 7 76 17 58 10 45 9 0 66 75 6 14 22 41 53 74 78 42 83 67 62 93 98 49 13 86 82 97 31 47 20 52 34 32 73 99 8 26 64 70 54 92 21 
TEST 84 ARG:5 90 35 3 57 22 95 12 93 9 64 62 29 60 19 15 74 44 91 47 27 56 43 24 82 92 33 77 50 16 96 85 97 49 69 25 2 88 63 53 8 20 67 84 32 17 71 54 79 61 10 42 73 66 6 48 11 83 41 0 76 58 72 55 45 52 1 98 31 30 80 14 28 89 36 4 13 87 21 94 7 38 51 23 68 26 70 46 37 81 78 39 75 34 40 59 99 18 86 65 
TEST 85 ARG:92 62 24 25 76 8 99 64 26 80 61 19 17 40 79 88 50 33 13 77 95 34 82 57 32 58 91 66 69 85 12 5 46 83 89 51 93 48 74 90 20 11 31 28 36 78 23 38 60 98 56 15 45 68 14 54 41 39 10 44 22 30 59 2 75 0 94 7 21 16 97 18 6 4 86 67 27 53 96 84 43 37 52 63 47 87 72 49 55 42 9 73 29 71 3 1 81 70 35 65 
TEST 86 ARG:83 50 45 37 16 63 74 47 29 94 7 71 78 72 25 84 28 98 9 90 6 2 20 35 19 85 67 14 44 88 75 91 66 52 36 10 12 11 54 96 97 89 65 46 82 4 70 79 17 0 73 51 5 48 53 99 23 59 58 42 34 32 3 81 64 87 41 57 77 40 92 22 21 95 1 13 55 26 43 27 8 62 33 76 31 15 30 86 39 38 93 56 68 49 60 18 80 61 24 69 
TEST 87 ARG:72 49 34 93 73 20 29 76 75 64 96 79 59 9 86 44 99 71 98 83 69 60 15 24 1 36 19 70 42 84 23 97 88 4 30 46 12 45 58 47 48 39 80 53 54 67 32 5 10 17 74 25 52 63 43 28 8 94 7 61 35 66 55 85 0 81 11 3 56 2 77 16 95 40 68 13 14 65 92 31 18 26 27 90 87 21 91 38 41 82 6 50 78 22 33 57 62 89 37 51 
TEST 88 ARG:1 14 87 29 44 58 5 85 84 70 75 36 94 52 65 91 31 92 53 66 23 88 38 64 51 55 27 35 33 42 63 59 72 67 9 39 56 80 17 68 89 3 71 41 69 81 2 95 15 4 96 97 57 99 40 45 82 46 90 79 10 76 78 24 54 13 25 0 12 93 98 60 8 6 73 61 28 16 7 18 47 22 32 19 83 74 86 30 11 26 49 77 20 48 43 21 62 50 34 37 
TEST 89 ARG:7 44 24 10 90 19 83 47 98 23 58 88 80 72 28 92 53 86 40 65 39 37 16 68 26 13 8 5 94 51 32 60 96 6 69 49 20 21 61 33 74 59 22 42 36 75 85 45 25 66 95 46 30 18 70 71 55 99 63 48 4 78 12 1 67 35 14 97 15 43 57 31 82 34 87 17 89 91 2 93 73 11 62 76 52 3 50 29 41 54 84 77 9 64 79 0 27 56 38 81 
TEST 90 ARG:6 95 39 68 72 62 31 42 35 67 89 41 10 91 46 76 26 33 66 7 71 12 87 97 48 84 43 96 64 21 56 57 36 99 23 5 82 32 75 25 38 14 2 17 69 85 86 94 53 50 20 27 90 9 3 51 13 18 60 73 19 98 44 8 16 92 11 40 29 58 78 93 45 61 52 55 37 83 59 0 65 81 1 63 79 30 28 47 80 70 54 34 24 77 88 4 22 15 49 74 
TEST 91 ARG:2 63 51 58 54 33 30 95 92 25 64 93 40 1 3 96 47 28 80 43 15 12 35 53 20 41 38 27 74 75 89 11 8 77 59 18 69 98 49 45 7 72 66 46 99 57 9 23 36 65 94 81 4 13 67 29 42 37 14 91 48 61 70 83 50 84 56 16 52 5 71 79 82 90 0 85 44 6 97 87 39 17 86 34 24 55 73 62 76 22 10 78 21 26 31 19 68 60 32 88 
TEST 92 ARG:93 1 46 29 89 72 87 17 82 50 78 80 53 9 84 14 38 20 32 74 22 15 47 4 25 61 45 66 19 86 37 83 21 52 76 70 8 68 92 62 41 75 71 64 69 77 36 96 7 23 11 56 63 73 40 3 54 26 85 91 39 95 10 79 18 55 88 60 94 30 5 67 2 49 81 31 48 98 59 44 12 16 65 42 6 35 99 28 33 24 34 90 27 43 0 51 58 57 97 13 
TEST 93 ARG:75 63 22 84 35 45 36 80 46 18 82 11 89 70 47 17 31 14 48 27 5 90 77 97 0 73 53 86 55 28 24 34 57 56 9 72 40 92 78 61 60 58 6 69 99 20 42 76 94 7 4 13 88 37 62 19 2 25 68 10 87 30 33 74 81 64 85 3 15 41 67 1 16 83 54 39 65 38 66 29 26 52 50 93 12 21 71 44 96 91 59 98 8 43 51 79 32 23 95 49 
TEST 94 ARG:80 65 58 49 61 63 43 7 2 26 8 91 56 41 6 81 57 67 13 19 82 83 37 96 39 28 54 21 3 15 97 73 68 88 69 55 66 18 70 98 35 9 59 30 64 10 16 34 25 24 79 1 27 72 40 31 51 29 92 95 20 32 23 48 46 47 14 85 86 22 76 78 74 60 75 87 36 33 11 50 84 5 45 89 38 0 44 99 42 71 93 12 62 53 77 4 17 90 94 52 
TEST 95 ARG:75 49 98 20 81 71 60 82 0 39 16 67 46 79 43 19 4 89 93 70 92 47 77 1 36 97 48 45 87 99 66 85 74 51 55 68 28 73 63 41 69 15 72 33 65 18 23 26 12 35 42 38 86 14 95 80 44 17 54 32 30 22 96 31 57 76 3 7 6 64 13 91 84 56 9 8 24 37 21 29 27 5 40 50 61 11 53 10 25 62 94 34 58 52 2 88 78 59 83 90 
TEST 96 ARG:51 22 5 20 89 86 60 4 43 56 36 8 6 98 47 58 91 19 2 55 13 12 54 41 10 26 9 48 53 80 31 93 33 74 59 30 72 18 77 38 29 49 52 39 85 25 81 15 67 62 57 21 61 90 40 1 11 97 45 75 65 84 94 3 78 73 95 70 44 34 66 92 28 99 76 0 71 35 17 27 68 46 23 32 96 63 50 88 69 14 79 83 87 64 42 82 7 37 16 24 
TEST 97 ARG:42 26 14 18 79 66 43 90 7 97 82 10 93 83 49 40 45 77 39 68 44 95 13 32 61 99 3 22 74 35 62 47 56 19 69 4 6 75 31 1 57 76 2 55 96 20 92 51 65 36 78 81 88 84 33 15 85 87 73 48 46 11 30 29 21 67 37 91 71 59 54 16 60 72 34 25 80 70 8 17 12 9 86 98 53 50 23 41 38 5 27 28 24 58 52 89 0 94 64 63 
TEST 98 ARG:83 95 53 6 17 16 92 82 96 59 20 35 32 30 0 88 62 45 7 13 19 34 43 79 44 66 8 46 37 73 15 98 48 12 64 80 67 49 26 75 9 97 31 81 69 27 55 87 57 51 36 28 1 99 78 93 18 71 24 23 77 5 90 60 2 84 72 29 33 86 50 54 11 39 41 22 4 68 42 65 85 10 58 25 94 47 40 74 3 70 52 91 56 89 21 38 14 61 63 76 
TEST 99 ARG:62 34 84 97 63 77 41 22 99 50 96 14 12 94 91 78 60 10 86 0 83 71 20 57 17 19 8 58 89 82 88 75 45 40 29 80 67 90 25 61 32 11 33 15 13 4 56 73 16 44 27 49 59 3 7 72 68 48 42 35 37 2 53 93 51 47 66 43 24 18 87 98 38 26 55 65 23 36 31 28 6 92 5 64 21 9 69 81 54 1 39 79 30 74 46 52 76 85 95 70 
TEST 100 ARG:22 7 71 44 62 19 14 96 26 27 63 83 64 77 43 31 35 8 46 55 54 69 70 13 84 51 49 16 45 50 91 90 76 53 60 33 34 87 52 10 32 99 9 93 61 59 4 92 82 67 68 37 89 72 41 2 23 1 6 98 56 80 0 57 88 5 11 73 30 48 3 86 65 85 95 40 78 21 79 15 75 18 66 97 94 20 29 81 58 24 38 42 28 36 12 25 74 17 47 39 
TEST 101 ARG:97 55 84 35 63 50 7 21 48 18 37 9 73 99 72 25 34 5 66 56 69 93 88 53 58 70 51 33 39 82 77 17 24 11 23 1 91 14 57 90 26 41 95 96 46 36 19 47 98 85 12 59 52 38 86 2 92 45 61 27 60 30 31 87 29 64 3 81 28 94 6 22 62 76 71 89 16 65 83 68 20 49 10 78 4 32 44 54 80 0 74 8 13 75 40 15 67 42 43 79 
TEST 102 ARG:19 86 27 13 21 83 91 44 24 31 18 26 67 87 74 37 54 99 7 60 49 80 68 43 48 50 25 14 2 71 62 78 8 28 23 34 22 98 35 69 70 56 85 3 94 84 97 38 4 65 55 12 72 59 41 90 82 16 46 30 75 51 77 1 17 53 40 95 15 52 89 61 36 66 64 76 32 92 10 33 88 58 81 63 0 11 6 57 73 96 5 9 45 42 47 20 29 93 79 39 
TEST 103 ARG:42 21 25 67 24 60 34 75 49 14 84 90 40 86 55 6 39 61 19 98 66 5 87 57 68 83 88 2 52 20 97 18 73 37 71 46 93 0 8 85 36 11 12 69 7 4 22 29 72 91 38 64 59 77 92 26 48 44 23 74 51 3 99 94 33 53 78 70 56 43 30 80 41 10 63 45 1 54 50 81 89 79 76 32 27 96 9 82 35 62 13 58 65 15 28 17 95 47 16 31 
TEST 104 ARG:39 60 25 1 86 81 16 21 53 5 47 37 59 15 35 98 0 58 10 43 8 85 84 24 42 73 12 92 46 72 3 61 83 96 26 80 57 31 95 89 27 49 75 18 69 48 22 36 74 64 88 34 14 97 2 4 40 7 62 56 90 28 50 38 44 23 93 94 66 71 32 91 6 20 45 79 78 11 76 30 77 51 9 29 87 13 67 99 70 55 65 63 41 68 82 54 17 52 19 33 
TEST 105 ARG:95 56 97 62 92 15 1 78 53 3 75 88 68 66 71 28 0 35 54 44 22 82 45 23 9 86 84 80 46 51 6 90 13 67 2 59 33 55 89 20 58 50 5 11 96 36 43 19 69 73 17 77 87 38 30 42 26 39 24 57 98 79 91 70 34 93 72 41 94 32 47 18 16 37 29 48 49 8 61 74 85 63 4 65 31 99 60 14 81 12 27 52 25 83 7 10 40 21 64 76 
TEST 106 ARG:74 21 0 70 73 94 84 22 17 14 37 62 81 97 47 90 75 80 32 52 35 95 6 49 78 56 29 8 11 1 68 40 92 53 67 55 69 4 50 98 26 89 96 31 16 57 93 34 19 46 36 48 33 30 20 76 38 87 71 43 86 15 3 58 66 45 83 5 54 28 65 7 27 82 64 72 61 24 44 9 39 13 85 41 79 59 91 42 2 10 77 12 60 23 88 25 18 63 51 99 
TEST 107 ARG:56 96 43 46 74 41 65 77 98 28 35 27 11 9 14 39 63 64 37 95 69 18 53 60 97 42 78 38 85 71 23 44 1 88 89 59 90 72 24 4 29 51 87 3 79 55 25 33 10 84 61 62 82 92 16 49 13 76 94 8 80 70 20 86 7 19 66 47 58 5 50 75 81 40 34 57 67 36 52 0 21 48 91 99 2 32 26 6 17 83 73 45 31 22 93 15 54 68 30 12 
TEST 108 ARG:99 24 17 1 63 32 95 21 23 40 22 7 11 16 85 61 89 75 79 9 59 49 77 55 54 51 34 26 96 83 12 88 38 41 20 52 25 58 14 84 36 93 27 19 62 3 50 30 39 70 82 35 78 80 28 66 86 74 47 44 71 68 97 67 45 56 57 13 46 98 2 37 91 31 33 42 0 15 72 18 29 87 92 76 10 65 53 6 69 60 94 73 4 5 43 90 8 64 48 81 
TEST 109 ARG:37 58 81 64 52 62 65 48 3 98 28 57 86 1 68 76 5 87 59 38 42 35 26 73 66 93 7 90 88 14 83 50 67 60 70 17 72 31 10 47 41 71 55 85 53 75 80 6 79 13 21 43 78 36 77 99 12 40 46 69 97 89 95 63 96 32 9 51 92 74 44 8 82 16 54 33 15 39 4 94 20 84 27 23 29 19 22 2 45 11 24 56 91 34 25 0 49 30 18 61 
TEST 110 ARG:51 3 9 60 70 52 2 48 55 96 84 72 21 57 45 23 42 83 40 87 31 69 8 39 88 95 93 16 28 30 59 76 17 22 25 94 75 47 43 82 37 92 99 68 74 77 32 85 10 5 98 78 67 7 73 46 19 38 54 91 18 66 35 41 79 36 56 1 58 13 80 44 14 12 34 90 61 11 89 26 49 53 63 33 29 0 97 65 71 86 64 15 50 6 81 20 27 4 24 62 
TEST 111 ARG:55 20 96 63 16 48 89 92 14 35 24 0 69 59 79 82 83 4 78 41 86 13 9 30 84 87 93 12 7 76 66 42 6 70 15 26 74 81 36 22 38 32 18 11 39 29 99 94 25 51 85 52 28 98 17 49 3 8 80 71 34 53 2 97 68 58 10 60 57 73 31 75 90 37 54 56 64 27 72 46 50 61 47 1 23 43 65 88 95 77 62 19 40 44 91 45 67 5 33 21 
TEST 112 ARG:23 50 94 59 9 60 65 30 57 17 3 32 40 31 4 75 48 45 13 5 37 41 25 44 95 96 89 64 2 85 51 49 47 0 70 82 90 56 99 81 63 93 14 62 74 21 15 92 53 22 84 86 79 72 88 18 24 76 66 55 35 87 39 33 28 8 12 11 97 1 27 58 52 7 20 19 16 61 67 36 42 6 34 91 77 38 26 29 98 71 73 10 69 46 43 54 83 68 80 78 
TEST 113 ARG:6 41 18 87 5 7 34 10 79 48 64 40 32 22 86 78 0 28 98 74 24 36 59 80 1 73 55 25 23 8 4 70 76 77 50 12 51 46 69 72 42 92 99 62 19 31 2 93 66 91 21 83 89 14 30 3 9 95 39 94 82 16 63 56 27 52 33 43 81 49 88 67 71 61 68 13 54 96 45 90 58 47 75 38 11 26 17 84 85 35 44 57 37 65 20 15 53 29 97 60 
TEST 114 ARG:47 68 72 59 14 32 75 51 2 9 98 38 11 12 56 61 73 41 88 79 10 84 1 64 33 86 13 53 34 7 44 20 17 55 95 48 92 30 25 26 83 81 54 94 60 39 76 43 78 90 35 52 58 6 49 89 28 70 27 45 36 57 42 3 71 85 0 21 29 37 99 96 24 50 19 77 80 23 22 65 62 63 93 31 4 87 16 18 97 67 46 69 91 40 66 82 5 15 74 8 
TEST 115 ARG:53 52 27 15 76 32 16 22 41 20 80 36 31 39 38 47 9 13 29 43 45 90 14 66 3 97 56 28 79 48 91 98 24 25 88 12 99 40 93 72 42 96 81 23 64 7 17 60 46 65 10 1 6 30 51 33 86 73 62 50 44 57 58 63 19 55 70 59 69 75 5 18 94 37 83 26 11 35 74 8 89 71 92 34 2 77 78 87 4 82 68 21 84 61 95 0 85 67 49 54 
TEST 116 ARG:54 34 23 57 45 13 81 74 11 92 64 62 43 96 63 9 78 80 68 37 61 35 21 26 47 97 87 3 93 66 31 84 42 59 82 0 16 48 55 51 70 18 98 71 2 20 50 79 73 4 86 53 72 1 65 25 6 52 95 91 17 44 27 46 75 40 36 85 76 29 56 60 49 24 39 15 10 7 22 12 38 30 90 58 88 77 32 89 8 33 94 14 69 28 41 5 19 99 67 83 
TEST 117 ARG:71 33 26 98 85 80 13 50 21 14 47 52 28 25 92 24 79 30 22 63 83 60 36 69 84 16 65 89 93 19 95 51 34 38 45 75 76 17 61 66 90 68 7 5 94 91 32 88 58 54 11 78 2 29 9 67 23 62 99 12 82 72 59 44 18 55 37 10 81 40 43 1 74 39 8 41 97 53 56 48 64 3 20 31 77 46 42 27 96 49 35 4 6 15 57 87 73 86 0 70 
TEST 118 ARG:88 23 73 44 4 6 12 74 78 59 65 46 41 17 75 67 30 92 29 55 10 53 1 60 31 66 37 48 99 7 54 32 86 95 16 56 79 5 58 11 13 20 68 40 80 52 94 83 24 84 42 34 57 61 98 90 9 22 82 77 87 3 89 18 63 21 2 96 93 28 15 47 0 97 14 81 91 64 69 43 45 26 50 33 35 38 49 70 71 25 72 85 51 27 8 39 19 76 36 62 
TEST 119 ARG:42 33 45 47 12 65 87 62 5 86 59 84 38 0 99 83 56 70 35 19 94 60 96 91 85 32 18 89 6 26 51 21 69 67 25 30 57 15 27 23 36 95 7 4 77 78 58 61 92 28 73 46 37 68 49 50 17 52 43 72 2 66 24 54 53 88 63 90 48 10 20 14 64 13 1 97 31 82 79 75 93 81 9 40 34 22 44 8 39 76 16 71 3 80 98 41 74 11 55 29 
TEST 120 ARG:67 69 64 51 23 81 40 56 52 28 47 38 25 82 35 79 60 63 55 19 57 12 49 37 7 29 58 83 88 65 75 11 24 54 8 99 6 17 10 41 61 9 39 15 90 31 70 18 77 78 66 80 30 32 53 85 97 3 48 76 43 87 20 95 36 0 93 68 89 5 50 98 84 33 86 16 22 92 14 44 4 34 73 27 59 26 45 46 62 91 1 72 74 21 96 2 13 71 94 42 
TEST 121 ARG:37 61 74 87 17 31 15 82 72 27 66 60 8 30 10 97 4 28 80 38 76 24 44 71 88 79 91 2 7 67 42 39 0 95 14 65 94 48 86 57 50 32 52 69 96 26 49 73 85 19 77 20 18 47 3 29 11 34 89 68 21 41 1 98 46 51 93 43 90 84 64 53 81 35 13 58 33 23 78 99 63 5 62 75 22 56 25 83 6 45 16 70 54 9 12 55 59 36 40 92 
TEST 122 ARG:86 16 94 11 88 8 89 46 77 2 98 62 7 71 57 12 31 40 53 84 68 37 54 81 26 51 19 27 34 75 1 14 39 15 60 99 63 64 20 13 80 55 69 30 29 58 76 10 5 0 82 66 74 45 21 87 90 3 43 85 83 95 23 32 28 65 72 78 22 91 17 18 25 52 73 61 24 49 33 79 38 48 42 97 4 47 70 6 50 9 35 67 41 92 56 36 44 93 59 96 
TEST 123 ARG:5 52 34 45 23 84 4 28 29 87 89 51 3 66 68 47 48 75 77 9 65 31 39 56 49 35 1 69 80 0 18 78 15 72 8 50 76 61 98 96 2 91 30 60 62 22 37 81 57 86 14 38 12 40 24 25 36 20 83 73 74 11 33 21 16 58 55 63 41 27 42 94 88 82 43 85 26 17 46 13 54 19 7 53 97 59 32 70 6 67 64 10 71 79 92 99 95 93 44 90 
TEST 124 ARG:11 43 1 10 47 44 62 2 23 26 63 90 57 58 28 75 37 30 14 96 40 97 79 52 18 73 83 29 32 20 60 16 46 55 91 56 17 98 3 38 69 31 0 99 77 64 21 80 61 74 70 84 33 8 82 50 9 72 24 67 5 71 39 87 81 13 25 51 41 27 68 15 65 95 76 7 78 93 45 86 89 53 19 35 94 42 85 54 88 49 12 4 36 22 48 66 34 59 92 6 
TEST 125 ARG:70 33 44 45 66 6 28 31 64 17 35 4 78 18 83 2 40 37 89 87 5 75 93 69 21 76 19 99 95 74 0 46 58 27 92 53 90 81 16 43 50 68 77 80 13 86 79 41 9 30 25 32 34 73 94 91 48 55 38 62 56 98 49 47 42 11 10 15 23 36 59 39 60 54 29 51 96 67 24 88 85 72 26 57 7 71 84 20 65 97 8 52 3 12 61 82 63 14 22 1 
TEST 126 ARG:90 39 27 29 23 84 56 28 83 31 3 61 12 96 21 42 9 35 92 60 68 36 82 19 88 75 55 50 34 5 72 54 43 77 45 66 79 97 93 76 30 26 33 51 74 14 18 87 24 0 8 4 94 6 58 37 1 41 57 71 62 69 67 10 22 89 38 2 49 7 70 85 91 52 44 81 46 20 63 80 13 95 25 99 98 86 78 59 73 17 64 15 32 47 65 16 48 40 11 53 
TEST 127 ARG:0 45 56 2 30 97 36 13 6 55 72 84 92 20 18 61 86 47 51 52 42 22 67 37 11 7 81 43 88 73 85 57 90 33 10 98 4 53 12 16 48 79 78 39 89 99 76 75 9 5 66 62 28 3 83 31 49 91 27 8 23 69 21 25 77 32 96 59 40 34 44 60 58 38 87 19 94 26 41 65 46 24 95 93 1 35 74 82 68 15 70 17 64 80 71 54 50 63 29 14 
TEST 128 ARG:31 79 69 67 70 90 74 9 44 89 29 20 10 18 54 48 68 0 11 95 78 25 40 38 80 30 14 34 55 27 53 7 76 82 17 93 91 12 21 83 96 32 63 26 16 66 57 6 85 56 35 3 8 41 4 13 42 94 87 24 50 47 49 81 58 33 23 72 98 51 64 39 46 86 2 37 92 97 5 61 36 73 15 65 75 45 99 88 28 84 60 22 59 1 77 71 19 52 43 62 
TEST 129 ARG:92 11 56 10 62 65 21 14 24 83 3 67 18 6 88 86 17 1 15 22 2 60 23 90 40 47 63 85 72 16 97 68 0 36 66 80 32 75 38 34 93 98 77 50 59 94 84 54 29 42 44 76 91 9 79 7 12 37 64 57 45 8 55 87 13 39 69 25 78 96 27 5 70 20 52 74 82 71 30 49 58 61 48 41 33 51 89 53 81 31 19 4 26 95 73 43 35 28 46 99 
TEST 130 ARG:77 88 73 83 61 32 97 52 75 16 85 27 62 3 76 53 55 36 93 95 25 51 70 44 24 60 10 20 50 34 17 30 72 56 63 11 7 45 31 92 33 81 91 99 37 13 82 74 12 6 68 5 90 80 18 4 96 66 84 2 54 65 40 94 41 35 8 98 86 69 43 67 89 9 15 39 71 1 28 46 57 26 23 59 78 38 79 87 14 29 48 22 47 49 21 19 64 42 58 0 
TEST 131 ARG:36 71 27 35 61 81 26 86 69 54 80 66 67 79 52 37 84 72 90 6 70 23 32 7 46 45 62 68 30 83 42 20 39 59 63 33 41 75 4 47 85 18 13 9 28 38 94 95 92 1 11 16 89 22 25 0 60 49 43 12 53 73 56 40 88 64 14 98 8 34 91 82 78 93 19 74 5 76 51 77 87 24 55 50 96 15 97 10 3 17 57 99 21 65 2 31 58 29 48 44 
TEST 132 ARG:64 79 56 53 39 23 13 3 19 83 55 18 8 27 51 21 49 2 93 28 6 11 31 20 84 17 72 9 90 65 15 94 1 48 80 73 74 35 45 43 71 5 40 30 77 32 87 62 69 37 70 86 41 4 61 54 24 57 12 10 88 59 89 22 95 25 97 38 33 0 7 81 75 36 44 58 76 78 34 42 60 68 99 29 67 16 50 92 26 98 47 46 91 85 52 96 63 66 14 82 
TEST 133 ARG:59 60 48 49 31 7 47 29 87 68 45 17 42 4 24 56 14 82 80 58 95 91 27 36 98 25 23 71 70 37 22 63 8 66 88 32 90 6 39 28 69 43 94 33 53 52 81 51 50 46 11 92 62 13 89 30 77 0 75 3 2 67 19 96 57 65 35 38 26 15 61 55 21 20 72 44 16 73 79 9 5 97 86 18 84 99 54 34 74 1 12 40 76 93 10 64 85 78 83 41 
TEST 134 ARG:68 70 8 83 49 38 31 60 27 32 39 93 14 3 82 65 69 72 64 29 18 35 47 33 96 12 73 2 42 88 57 98 80 1 91 78 46 36 56 34 9 61 19 26 87 15 81 67 16 75 74 28 85 99 51 17 44 92 58 55 45 54 4 20 21 94 79 66 95 25 62 52 30 84 37 50 6 0 71 10 23 5 59 40 86 97 48 90 89 63 24 77 22 53 43 41 11 76 13 7 
TEST 135 ARG:21 18 7 97 42 15 9 43 60 75 99 38 41 44 90 55 40 68 23 96 12 62 3 20 86 11 25 54 24 73 4 14 98 35 28 78 67 51 80 70 2 57 48 53 69 1 17 72 13 34 65 79 36 45 33 91 82 52 84 59 31 6 30 85 83 32 63 16 74 87 8 37 56 93 94 88 76 71 10 0 64 66 47 49 26 22 50 58 29 39 61 77 81 46 27 19 89 92 95 5 
TEST 136 ARG:13 42 23 50 53 62 69 93 16 27 10 88 32 4 33 57 92 39 73 29 85 30 47 63 91 96 66 15 65 6 64 36 28 2 99 22 41 3 40 1 77 12 89 72 56 18 84 14 17 51 46 90 86 35 82 20 8 61 79 78 11 59 38 58 76 75 74 25 26 97 71 37 48 21 0 81 70 31 19 52 55 44 9 34 5 80 95 67 43 45 7 94 68 83 49 54 24 87 98 60 
TEST 137 ARG:57 24 38 27 48 82 90 87 42 86 36 15 54 26 39 63 0 52 32 1 99 77 6 83 70 67 45 35 3 7 80 66 34 51 19 84 71 13 50 64 4 76 14 73 11 16 53 59 74 85 65 20 78 23 10 2 92 75 47 8 9 55 58 21 95 68 61 56 31 40 29 62 98 41 69 91 5 49 33 81 94 93 28 18 72 88 44 97 37 12 17 30 96 79 25 22 60 89 46 43 
TEST 138 ARG:67 85 6 62 95 45 7 54 98 14 60 30 90 32 75 36 3 10 19 56 22 8 72 11 25 49 40 81 20 43 79 68 58 38 80 9 18 74 94 87 47 39 86 31 42 27 55 57 91 21 66 1 89 29 26 93 24 99 84 73 48 50 33 37 83 76 92 44 53 78 41 35 2 63 77 23 82 46 28 5 70 4 34 59 88 96 13 51 12 69 17 71 65 52 16 0 15 64 61 97 
TEST 139 ARG:71 44 30 75 39 66 83 59 63 67 54 91 53 45 84 98 62 76 51 29 97 36 35 55 85 38 80 22 64 28 46 27 43 42 60 94 37 47 21 86 48 15 41 79 58 14 92 18 61 57 16 10 17 3 49 99 23 6 81 70 33 13 20 68 74 40 25 82 72 2 7 65 1 26 50 11 24 8 90 87 95 19 9 69 88 0 96 77 5 93 89 78 73 31 52 56 32 34 12 4 
TEST 140 ARG:97 8 62 34 31 64 17 54 18 44 35 33 13 88 7 29 3 69 37 38 95 63 83 53 89 5 36 75 46 50 87 52 77 86 66 91 42 19 99 60 45 92 73 90 26 98 39 40 79 10 16 61 68 74 55 4 67 85 49 84 6 71 82 59 78 47 96 30 2 70 12 65 81 15 21 93 48 9 22 80 56 20 14 0 43 24 23 11 76 72 51 25 57 94 1 32 28 41 58 27 
TEST 141 ARG:49 55 38 40 92 8 45 9 37 3 80 52 47 90 72 43 66 51 41 54 65 15 25 39 22 93 0 71 69 4 13 11 28 81 59 82 94 16 33 86 73 60 88 20 56 61 98 31 10 70 34 63 95 29 35 75 64 57 42 68 83 89 24 46 7 30 5 96 48 1 67 79 18 58 87 17 78 50 97 2 36 23 12 32 27 19 91 77 76 44 21 6 74 85 84 62 14 53 26 99 
TEST 142 ARG:49 65 16 29 31 14 39 80 55 46 18 45 57 44 58 64 93 38 95 40 52 68 12 48 81 88 25 86 66 23 37 17 60 42 92 11 15 56 54 34 78 74 51 72 59 70 77 26 84 1 7 28 79 71 2 35 73 27 83 87 89 67 32 63 50 19 97 6 94 85 0 82 33 22 91 41 8 36 20 98 90 13 4 10 30 61 5 53 62 43 47 76 9 99 3 96 24 75 69 21 
TEST 143 ARG:58 34 73 24 20 10 99 60 62 21 23 22 93 64 78 65 51 67 36 16 40 71 27 9 77 3 63 54 56 31 32 48 75 96 35 57 49 12 33 95 87 68 17 79 38 5 88 97 1 70 19 52 89 81 61 0 76 18 44 41 2 80 43 98 55 14 74 6 30 39 50 15 85 25 92 11 29 4 66 72 46 83 13 94 86 8 90 82 7 42 47 28 84 69 26 53 59 91 45 37 
TEST 144 ARG:39 4 54 41 76 21 25 74 13 82 77 83 90 2 0 40 19 65 79 67 36 16 55 69 95 23 12 63 8 48 66 20 29 6 99 96 43 64 70 62 18 9 50 34 80 97 14 56 78 15 68 46 22 87 61 94 37 88 75 33 57 32 24 7 44 89 10 47 92 42 31 49 59 60 93 45 52 72 85 27 91 30 17 81 51 38 73 86 71 26 35 58 3 28 5 84 1 98 11 53 
TEST 145 ARG:36 37 41 35 72 76 53 20 24 66 51 67 85 68 27 59 83 54 81 97 87 47 8 64 40 90 2 1 62 10 18 22 9 79 44 38 78 25 6 93 15 7 11 75 5 94 96 70 74 32 34 52 0 17 28 50 12 48 86 14 82 84 46 4 49 92 91 39 13 88 63 77 30 3 65 56 60 95 55 73 43 26 57 19 42 99 45 61 33 16 58 21 23 80 98 31 71 89 69 29 
TEST 146 ARG:39 80 23 56 88 59 92 3 4 19 98 61 53 74 41 93 38 36 68 51 58 97 12 70 78 40 65 69 75 24 7 29 44 33 77 43 54 31 26 18 9 21 32 86 13 37 16 67 5 63 22 34 48 1 35 89 96 17 30 57 79 90 66 14 83 27 0 71 50 15 42 64 55 95 8 62 81 52 2 99 84 49 73 45 91 20 60 87 25 82 28 85 10 11 6 46 76 72 47 94 
TEST 147 ARG:97 66 34 61 98 76 70 19 78 8 16 31 90 37 17 99 54 80 59 82 1 41 92 27 3 75 79 94 77 72 38 55 87 64 22 86 53 69 51 30 36 71 58 46 91 47 0 2 12 14 96 85 18 13 89 9 83 52 63 67 23 74 7 43 24 35 42 45 39 21 60 33 5 26 20 88 62 44 84 29 32 50 11 65 25 28 48 10 93 4 6 68 81 73 56 95 49 40 15 57 
TEST 148 ARG:40 67 65 51 52 45 18 28 17 50 95 6 1 16 7 54 81 66 14 27 35 61 96 34 94 38 19 41 25 82 56 4 75 93 11 88 31 30 3 72 22 91 99 62 98 68 29 73 59 15 74 33 24 8 97 55 23 77 69 26 48 2 47 80 20 46 44 5 76 49 39 70 89 43 0 78 58 57 87 64 60 21 12 53 90 32 42 37 86 9 83 79 84 10 85 63 92 71 13 36 
TEST 149 ARG:64 70 86 2 49 55 75 4 58 88 97 37 7 39 30 93 91 23 8 12 29 60 13 11 20 26 90 46 16 78 63 79 66 95 59 53 99 42 18 69 72 67 25 71 36 85 61 81 76 48 50 62 0 31 28 74 80 94 96 34 6 38 27 41 92 83 43 89 17 57 40 3 56 98 9 77 47 82 54 10 5 44 51 65 21 52 45 14 1 73 33 24 22 15 19 87 32 68 35 84 
TEST 150 ARG:85 6 10 87 44 45 55 62 51 37 35 8 23 13 68 93 22 67 80 61 15 64 46 50 72 43 76 79 57 0 65 98 2 58 94 5 36 12 84 29 63 75 49 26 52 60 77 41 54 70 21 47 90 19 9 74 53 18 97 32 39 91 89 78 28 56 25 20 71 83 99 30 82 86 1 16 95 69 7 81 48 33 24 11 40 73 38 31 96 66 3 27 34 92 17 42 4 14 88 59 
TEST 151 ARG:23 36 10 7 86 2 8 62 77 55 47 69 83 15 50 72 31 61 82 51 14 58 42 40 9 1 84 16 41 34 20 12 88 90 63 64 5 56 13 75 52 65 25 32 29 94 57 95 17 0 96 18 27 85 97 54 21 81 71 74 70 68 30 35 49 99 22 24 48 98 93 33 87 60 28 4 11 67 79 39 45 91 46 37 92 19 89 26 44 53 78 6 66 3 59 76 80 73 38 43 
TEST 152 ARG:63 98 39 26 47 68 72 88 90 60 87 66 59 85 56 13 50 34 62 45 23 1 77 12 74 22 83 65 95 24 49 69 64 43 44 29 96 35 99 33 89 6 53 81 4 78 70 54 46 52 36 61 40 58 2 55 38 41 67 97 15 16 82 7 25 73 75 11 3 0 76 31 20 27 94 51 93 86 92 42 79 37 10 48 80 84 18 14 30 32 21 91 9 8 5 57 19 71 28 17 
TEST 153 ARG:37 2 31 36 50 67 92 74 87 58 21 75 49 55 93 35 28 68 60 76 18 79 4 20 99 52 80 8 53 94 54 46 51 95 98 25 89 7 64 26 6 13 11 33 57 69 59 85 30 62 12 48 61 5 73 83 42 17 72 90 56 38 47 32 43 81 65 77 70 84 3 15 10 88 16 1 82 45 78 97 39 23 14 40 19 96 9 27 63 34 44 0 29 91 71 41 66 22 86 24 
TEST 154 ARG:37 50 4 26 60 25 34 57 48 59 44 12 47 92 0 78 11 63 75 53 76 22 95 74 91 7 32 49 54 52 82 19 39 72 38 66 36 56 65 16 99 77 64 1 6 89 80 21 97 61 42 40 96 84 3 8 51 35 17 41 67 15 73 28 29 20 83 87 90 30 5 70 58 46 94 93 13 68 81 71 2 33 85 27 69 88 55 14 9 43 79 10 62 86 31 18 98 24 23 45 
TEST 155 ARG:40 55 9 5 48 31 29 99 33 82 79 91 3 74 18 44 59 68 20 11 89 96 85 95 61 22 71 43 16 53 30 57 6 92 37 0 2 73 83 14 93 66 63 4 10 32 80 78 77 69 87 15 35 75 27 41 7 64 76 49 42 81 39 98 1 86 72 46 58 84 50 54 8 45 97 34 47 60 38 23 56 28 25 94 12 52 24 17 88 51 19 21 65 67 90 36 70 62 26 13 
TEST 156 ARG:75 48 10 35 26 11 91 80 17 76 57 59 78 16 28 23 77 4 18 37 54 86 83 69 67 96 44 84 74 93 82 32 50 56 72 22 13 92 5 94 66 42 3 2 73 46 90 85 41 52 51 8 99 62 95 27 7 20 15 98 47 61 31 71 58 49 34 14 39 63 43 70 87 36 81 21 53 12 29 25 40 30 88 45 68 6 38 19 97 33 60 1 55 9 79 65 0 89 24 64 
TEST 157 ARG:45 48 75 15 79 61 40 56 88 58 59 55 51 39 64 34 29 72 98 57 90 23 84 10 93 78 96 7 89 32 60 71 38 8 13 83 12 21 22 30 11 41 85 99 87 28 70 16 50 31 33 81 82 66 80 24 53 86 42 44 2 74 97 4 68 95 18 49 25 27 65 0 5 54 9 43 1 47 26 73 36 76 3 94 37 69 52 63 6 19 46 35 62 91 77 67 20 14 17 92 
TEST 158 ARG:31 6 61 46 20 67 11 77 91 38 40 55 0 93 51 22 82 2 1 49 79 45 17 28 73 87 90 81 7 54 88 53 36 32 13 84 9 52 80 23 92 95 59 50 10 33 4 47 96 25 66 94 26 34 98 16 70 74 83 75 85 21 5 62 3 86 68 39 69 89 14 37 97 64 99 44 48 27 35 8 56 76 29 19 63 57 42 18 41 72 15 30 12 43 60 58 24 71 65 78 
TEST 159 ARG:29 83 47 91 28 2 69 22 63 89 3 52 32 73 90 67 87 94 78 35 5 44 81 80 93 20 1 18 86 48 37 79 40 62 82 19 8 45 96 46 65 53 9 49 4 64 36 7 75 13 77 72 85 27 30 10 41 16 71 43 24 14 6 25 50 95 98 38 68 15 0 33 66 31 12 97 99 55 92 61 74 21 51 11 34 56 70 17 84 39 76 42 59 60 88 23 26 57 58 54 
TEST 160 ARG:13 12 28 10 30 33 3 27 25 84 81 99 53 16 35 49 61 85 74 95 90 7 29 22 31 21 47 75 58 91 79 67 59 5 71 18 15 60 98 69 40 42 80 94 63 55 66 20 2 96 50 88 83 68 70 24 11 41 17 34 52 56 62 36 82 97 32 57 87 92 1 39 44 8 4 77 6 26 14 65 46 23 73 45 19 48 86 9 76 37 89 64 43 93 0 78 54 72 38 51 
TEST 161 ARG:11 28 85 34 20 7 72 29 54 5 84 89 16 92 43 70 17 78 4 47 76 32 79 66 75 99 51 0 12 46 22 96 95 37 6 25 88 68 97 21 13 77 65 87 91 81 69 30 18 59 10 40 80 9 55 53 1 56 60 62 15 63 74 64 90 98 8 67 2 42 24 14 44 93 71 41 19 48 26 57 31 52 3 33 23 38 82 94 36 39 86 49 50 35 27 83 73 45 58 61 
TEST 162 ARG:69 87 76 41 71 79 15 45 49 90 93 91 52 88 46 82 98 73 86 67 37 50 17 94 65 34 74 19 0 64 51 31 27 43 8 57 20 38 56 89 81 10 44 9 30 95 22 96 83 26 36 40 60 53 3 55 6 59 61 85 33 2 62 35 21 1 66 58 12 28 7 99 16 18 13 75 23 25 80 42 97 32 47 39 11 63 70 48 5 84 14 29 68 54 4 24 77 72 78 92 
TEST 163 ARG:89 21 62 30 29 70 59 73 75 76 39 66 32 20 97 33 6 55 61 4 49 72 7 48 42 57 83 54 36 91 5 78 77 92 31 16 67 34 64 24 23 71 41 86 90 35 99 17 45 40 11 22 50 53 65 58 2 52 19 80 14 25 87 46 13 56 63 10 1 38 8 28 26 69 74 98 93 85 9 12 96 95 0 43 44 27 37 68 51 18 88 3 79 84 15 60 82 47 81 94 
TEST 164 ARG:99 22 96 51 52 98 4 74 31 87 44 65 73 63 72 33 7 71 82 8 23 56 18 28 90 67 29 21 97 15 88 36 42 50 32 78 30 79 53 49 34 93 83 45 16 66 2 68 19 13 25 92 61 0 9 5 85 64 62 20 1 17 84 76 14 12 94 38 95 40 35 59 3 6 75 26 57 70 11 81 69 10 43 27 77 48 91 86 60 37 39 54 24 41 80 47 55 58 46 89 
TEST 165 ARG:99 47 6 87 17 4 7 9 80 42 33 75 37 82 21 23 77 25 52 15 60 66 62 14 48 29 20 8 45 54 91 95 78 67 27 24 35 57 53 18 44 40 61 70 30 86 89 81 93 32 90 51 59 55 39 92 34 56 73 0 69 19 2 36 28 94 3 64 76 26 13 63 1 74 46 71 97 72 10 49 16 96 85 88 12 68 65 83 5 38 43 58 11 84 79 22 41 31 98 50 
TEST 166 ARG:12 2 65 95 99 39 13 17 84 45 19 18 15 62 71 26 3 35 52 56 11 9 5 57 42 88 8 48 60 93 72 89 16 33 31 61 32 58 96 50 21 90 29 85 64 30 53 0 36 91 23 68 22 27 63 4 82 46 76 1 10 49 44 7 47 43 87 75 25 67 54 83 74 51 37 94 92 59 77 38 70 97 66 40 24 55 41 81 78 20 73 69 34 80 98 86 28 14 6 79 
TEST 167 ARG:2 3 12 84 4 72 68 0 95 77 1 54 34 60 24 44 22 92 79 96 55 57 85 49 43 65 52 99 13 19 16 81 17 63 31 40 73 88 11 97 36 66 21 29 94 87 86 64 83 69 82 80 20 32 71 28 53 70 41 89 6 8 67 45 7 50 33 25 62 27 39 26 47 91 61 59 35 14 30 18 56 48 9 93 42 98 5 37 23 10 78 51 38 74 58 75 46 90 15 76 
TEST 168 ARG:83 26 33 71 57 58 7 9 72 17 51 79 8 63 97 38 56 23 75 89 41 99 35 48 2 55 65 36 0 76 12 64 18 1 54 5 82 70 34 32 95 40 96 92 86 84 19 90 81 24 87 67 30 28 6 20 45 39 11 60 52 68 50 43 47 14 62 29 4 91 16 73 37 85 93 74 46 78 49 53 69 77 98 15 94 3 27 22 80 88 31 10 13 61 25 21 44 59 42 66 
TEST 169 ARG:2 18 13 25 43 65 23 46 41 80 24 16 70 6 56 35 37 0 73 33 90 9 54 77 42 92 66 95 74 93 88 63 68 38 29 83 45 36 8 82 96 49 57 30 40 55 19 69 12 97 89 26 71 31 76 7 61 5 14 64 3 91 47 84 15 72 44 28 22 50 59 11 94 86 10 87 20 21 62 53 81 78 32 60 39 99 79 4 34 1 58 67 52 17 51 98 75 48 27 85 
TEST 170 ARG:82 16 26 69 36 47 45 66 23 19 76 15 95 50 31 46 22 3 67 8 81 21 27 65 12 42 1 43 59 4 29 97 35 90 60 2 89 53 11 73 14 70 56 32 88 40 37 18 64 10 91 94 6 61 84 51 86 34 7 9 44 58 24 98 63 85 87 71 20 52 13 33 49 28 30 75 62 39 77 57 38 41 68 74 99 5 79 78 25 48 55 83 93 0 92 80 54 17 96 72 
TEST 171 ARG:4 10 98 81 0 23 48 54 73 41 97 17 75 33 53 31 71 46 79 82 89 96 12 43 29 58 74 86 6 42 18 9 45 52 57 64 19 93 5 40 21 22 88 92 24 15 2 91 69 38 3 28 83 99 14 95 60 70 30 26 59 36 84 67 63 65 72 25 68 56 16 13 35 76 66 8 20 62 78 1 47 50 39 55 27 80 32 87 49 34 37 90 7 85 94 77 44 51 11 61 
TEST 172 ARG:12 35 77 63 24 44 49 59 28 85 19 41 15 39 82 71 74 97 96 47 5 32 18 30 69 16 95 65 1 89 86 36 78 34 81 56 58 87 76 90 64 8 75 52 50 92 42 48 79 38 29 11 94 26 40 83 62 70 57 23 27 60 67 55 84 72 46 22 7 2 0 37 10 93 98 20 61 91 17 4 99 31 43 68 3 6 80 9 45 21 14 53 13 25 73 54 51 66 33 88 
TEST 173 ARG:82 41 16 51 97 35 52 96 14 1 61 75 76 80 48 33 12 63 24 50 21 83 40 92 37 5 99 34 46 72 98 73 28 57 32 8 95 77 81 29 71 78 17 94 64 88 0 26 13 44 90 38 69 42 47 3 91 11 93 4 89 86 30 58 79 62 7 6 53 10 55 54 15 56 45 74 18 27 85 59 25 9 84 66 43 49 22 60 65 19 23 39 70 36 2 20 87 67 31 68 
TEST 174 ARG:27 86 7 44 75 99 10 16 79 8 21 45 77 28 0 84 91 22 71 36 74 34 90 20 56 72 52 32 65 57 54 97 96 88 92 47 42 81 6 19 82 39 53 11 59 62 94 85 12 40 60 95 67 26 73 48 2 31 76 66 3 5 98 33 30 83 61 93 35 51 49 58 25 69 46 37 15 89 17 38 1 13 50 24 43 87 55 70 68 63 23 64 14 29 80 78 41 18 4 9 
TEST 175 ARG:45 7 55 68 52 24 20 22 83 94 9 64 0 91 87 11 38 29 95 84 5 8 66 33 97 1 88 69 4 25 44 86 48 93 50 72 13 67 70 58 61 39 74 49 60 15 99 26 80 89 79 10 81 30 71 12 40 3 85 2 18 32 34 28 73 31 77 76 47 59 54 62 96 82 16 92 57 78 6 37 51 41 56 42 65 36 75 27 43 21 98 19 17 53 90 23 63 35 14 46 
TEST 176 ARG:66 68 12 57 13 89 62 69 80 83 26 43 58 18 48 27 81 5 17 15 11 25 46 64 78 91 98 22 24 67 31 82 79 55 32 4 47 39 96 40 70 93 56 29 76 8 42 99 61 85 54 50 95 7 19 97 65 52 23 33 72 6 9 53 90 71 2 59 14 38 73 88 94 51 49 30 36 44 20 34 0 3 41 63 84 21 10 60 45 87 74 77 1 16 37 75 28 35 92 86 
TEST 177 ARG:40 75 87 41 4 57 9 89 93 6 86 36 38 34 10 77 61 43 64 88 39 59 68 83 1 20 7 46 30 22 47 25 32 37 72 33 67 23 19 45 11 97 52 5 31 17 3 62 2 29 12 84 13 54 99 16 60 51 85 81 63 90 14 35 27 42 48 21 80 18 24 94 69 91 56 53 70 98 78 0 71 74 26 55 96 95 65 79 28 76 49 73 44 50 66 92 82 8 15 58 
TEST 178 ARG:51 23 38 56 88 24 95 46 67 45 5 42 82 39 52 31 30 69 98 91 78 8 34 63 17 6 10 58 93 99 61 40 55 43 79 20 94 85 27 73 81 15 68 89 92 25 77 86 2 72 11 32 36 21 18 49 44 35 53 19 29 47 48 84 64 75 50 12 87 96 14 1 13 22 97 28 9 41 74 16 83 59 54 90 76 37 62 70 0 4 3 80 66 71 60 33 65 26 57 7 
TEST 179 ARG:95 33 91 71 4 0 21 3 75 85 52 61 65 47 99 28 74 30 73 6 45 83 67 34 24 9 35 54 98 29 60 69 32 68 57 80 59 92 41 66 38 22 16 14 93 53 36 79 44 5 26 7 13 23 12 64 40 97 8 27 70 46 20 96 90 88 55 62 25 1 37 63 39 94 77 86 31 51 49 89 78 42 11 82 87 72 43 50 76 58 15 17 48 19 18 84 2 56 81 10 
TEST 180 ARG:5 73 37 47 38 43 25 19 48 32 70 92 36 31 9 61 0 16 42 62 56 85 68 24 74 53 15 64 17 34 27 28 4 63 77 8 91 78 96 39 54 93 67 75 26 29 40 89 7 44 69 33 81 1 88 98 20 58 13 99 45 3 79 86 21 12 49 57 2 66 41 65 6 60 82 51 76 71 23 90 83 55 18 35 72 95 87 46 22 52 50 11 84 10 97 30 14 80 59 94 
TEST 181 ARG:8 52 40 89 5 86 79 0 94 71 9 84 56 68 38 41 73 7 58 62 81 50 19 65 59 78 2 47 13 91 30 64 16 55 1 37 27 77 6 99 46 49 3 48 28 85 83 22 80 76 36 88 53 14 97 60 15 42 69 39 75 96 17 90 25 20 66 70 33 4 95 34 98 54 24 51 18 93 31 32 45 57 63 23 35 44 61 82 29 26 43 67 12 92 87 21 10 11 74 72 
TEST 182 ARG:88 11 25 58 83 15 94 22 48 64 74 20 78 45 87 38 91 36 90 43 60 59 62 32 85 35 66 92 31 93 26 49 50 86 13 55 51 5 23 75 82 8 79 18 84 63 37 21 33 77 80 42 24 95 30 67 28 72 34 16 2 19 27 76 46 98 99 17 69 14 57 47 68 70 71 40 7 65 29 81 97 39 61 44 54 56 3 6 0 9 89 4 73 52 10 41 12 1 96 53 
TEST 183 ARG:80 5 44 71 8 12 79 50 10 22 42 45 75 57 0 77 21 78 72 70 41 74 1 86 32 58 9 38 34 96 99 29 73 91 55 33 92 24 19 94 60 18 56 88 81 83 69 35 11 62 20 52 37 61 15 49 90 84 48 66 47 85 51 4 3 63 25 93 46 40 36 54 30 43 89 17 53 67 26 68 6 31 65 97 27 59 87 95 39 28 23 16 7 64 13 76 2 82 14 98 
TEST 184 ARG:96 84 88 9 14 24 86 85 19 39 33 10 23 46 31 54 16 28 25 63 40 80 0 62 99 2 92 45 72 26 57 75 82 47 90 71 56 43 60 41 7 95 98 55 27 52 51 12 38 20 53 17 65 8 74 15 32 35 68 34 4 1 83 89 93 21 97 44 94 91 42 50 11 61 70 87 29 69 64 22 6 59 49 79 18 48 36 66 13 78 3 5 81 73 67 58 30 77 76 37 
TEST 185 ARG:42 90 73 24 95 87 5 2 81 37 60 34 28 49 50 46 62 40 13 97 57 59 22 8 25 92 4 89 27 94 99 69 55 79 23 43 9 77 48 61 29 56 85 82 80 93 98 68 88 58 64 70 3 96 36 33 45 7 30 66 12 31 15 20 76 53 71 54 19 10 83 11 52 32 41 14 6 35 67 38 44 63 1 74 16 84 72 17 21 26 39 91 78 0 51 65 86 47 75 18 
TEST 186 ARG:53 35 69 31 51 96 60 81 13 14 18 33 84 9 21 78 86 44 40 66 37 89 71 43 22 17 97 67 7 82 38 5 57 20 46 8 54 99 79 77 76 98 47 63 12 73 19 45 23 65 56 3 41 50 62 11 29 15 6 80 0 49 4 61 64 95 87 93 58 30 90 1 24 74 16 36 10 68 55 85 91 94 92 39 32 25 27 52 26 72 83 70 2 88 75 59 48 28 34 42 
TEST 187 ARG:38 69 11 6 16 9 79 78 48 29 54 40 83 95 84 96 33 86 32 19 71 0 15 62 55 53 89 65 74 67 27 82 88 21 66 14 80 59 57 99 10 92 51 18 30 64 87 60 93 77 39 34 12 28 61 90 42 44 13 85 1 98 43 36 75 47 41 45 94 52 97 20 23 4 5 7 63 70 22 72 68 58 35 76 46 8 49 56 17 73 24 2 3 81 26 31 25 37 50 91 
TEST 188 ARG:11 32 62 56 90 42 61 86 93 8 7 20 36 87 35 31 53 12 50 52 25 48 10 94 6 19 73 15 72 23 47 29 3 77 24 40 46 64 58 76 39 17 1 45 63 21 83 96 30 44 82 22 49 84 88 26 71 80 81 34 16 79 74 37 95 89 99 18 43 55 78 9 75 69 4 60 97 38 92 70 51 65 5 68 54 0 91 67 85 41 28 33 27 57 14 13 59 98 2 66 
TEST 189 ARG:14 54 51 96 38 85 71 69 82 12 33 67 77 62 46 25 4 1 37 34 20 35 29 58 87 8 0 56 10 89 32 40 7 65 43 66 19 81 26 64 50 97 70 95 73 2 86 17 21 31 74 52 92 84 78 90 6 22 24 57 16 42 48 44 27 18 88 91 83 30 9 68 28 45 59 11 72 80 49 55 94 53 39 61 75 47 36 79 98 23 3 60 5 76 93 63 41 13 99 15 
TEST 190 ARG:23 9 71 22 4 61 12 85 91 18 55 74 27 41 56 83 42 3 36 76 25 45 33 59 78 52 10 60 50 93 77 84 2 94 29 28 32 89 35 31 98 86 95 13 30 1 81 54 48 90 0 8 37 92 69 7 47 64 88 24 87 40 53 38 57 63 80 6 99 58 16 11 43 46 14 39 73 79 17 26 66 67 96 68 82 20 75 44 97 72 51 19 15 49 21 34 65 62 70 5 
TEST 191 ARG:50 55 40 89 91 33 28 27 48 42 80 84 44 74 36 59 69 77 37 23 10 71 94 15 1 96 21 86 61 72 62 53 75 4 76 25 13 47 79 32 18 35 85 14 88 11 66 8 6 49 51 46 17 38 73 57 70 24 64 34 97 68 7 0 41 20 3 12 92 45 60 78 5 82 39 43 19 63 87 90 9 56 22 99 93 2 58 95 29 26 52 16 98 30 54 81 67 31 65 83 
TEST 192 ARG:26 23 84 94 85 77 18 39 65 16 80 57 19 5 92 32 47 0 55 46 29 36 6 74 66 44 24 3 72 60 54 43 20 7 64 87 13 25 79 91 50 59 69 82 62 27 76 4 17 96 14 48 34 28 63 88 22 71 81 38 90 97 41 21 58 1 40 51 35 11 61 45 49 33 86 73 56 89 53 78 10 93 9 68 95 83 98 37 75 67 52 42 8 70 30 31 12 15 2 99 
TEST 193 ARG:70 59 52 31 24 90 3 55 96 89 76 75 10 64 86 29 62 12 23 46 80 37 35 66 60 21 84 69 79 51 71 13 58 87 32 54 33 74 81 49 36 85 65 98 50 0 72 8 73 25 4 2 92 63 56 99 22 93 43 78 6 16 61 48 82 44 41 7 34 94 38 9 19 1 26 95 91 18 45 88 40 97 42 27 53 28 57 30 47 83 17 39 5 11 14 15 68 77 67 20 
TEST 194 ARG:79 40 16 9 30 21 34 56 70 74 14 72 93 82 66 77 90 1 69 26 83 64 44 29 49 96 31 47 67 27 50 28 46 84 53 3 76 33 62 5 37 18 24 36 55 2 99 0 15 32 60 20 63 4 98 43 78 48 12 11 73 94 8 38 39 51 65 85 57 91 71 59 25 35 75 45 54 80 19 81 88 52 13 68 97 42 6 61 87 92 89 7 86 95 41 23 22 58 17 10 
TEST 195 ARG:16 34 50 91 33 15 19 29 30 63 47 0 9 58 4 82 99 39 62 54 42 95 43 10 74 20 3 65 31 18 48 55 2 26 72 8 17 53 76 70 71 68 96 36 21 5 73 44 78 32 81 75 27 40 12 80 25 57 35 37 60 88 93 1 66 22 79 90 49 41 23 86 64 59 89 94 38 6 46 69 87 24 83 85 13 77 92 51 97 45 56 11 28 7 67 52 14 98 61 84 
TEST 196 ARG:98 39 88 33 91 75 54 34 2 44 52 11 95 28 72 55 63 31 18 10 35 86 89 25 73 8 84 70 48 99 93 16 20 62 17 56 41 13 82 60 66 1 47 42 29 59 83 40 30 68 96 36 5 81 53 49 4 7 26 64 94 45 97 46 74 27 15 37 67 69 78 12 79 61 0 58 90 80 87 32 24 14 9 57 71 6 92 23 3 51 43 77 21 65 76 22 38 19 85 50 
TEST 197 ARG:30 91 92 22 28 42 87 77 70 85 7 93 67 9 58 56 20 84 46 57 3 11 52 41 90 29 44 1 94 69 38 63 2 21 76 62 78 74 18 36 14 0 53 71 45 83 8 75 88 43 54 13 27 98 39 5 15 99 97 51 86 72 35 64 6 23 26 50 65 10 61 17 19 96 34 24 95 4 66 89 40 47 55 59 68 16 73 60 37 81 33 25 49 12 80 48 31 82 32 79 
TEST 198 ARG:18 40 34 66 24 26 39 12 93 87 3 70 21 20 47 80 60 53 83 36 2 27 64 71 35 5 29 84 86 91 11 16 59 96 78 4 69 17 97 54 42 77 98 89 92 25 13 31 56 33 75 52 61 88 15 57 82 49 85 90 79 76 95 48 8 81 19 73 43 45 99 30 72 41 58 10 68 55 44 50 7 74 67 46 51 65 23 37 14 0 94 63 1 22 28 6 32 38 9 62 
TEST 199 ARG:7 78 48 52 9 27 53 94 40 88 30 23 71 76 8 68 32 33 92 29 64 49 79 72 58 1 19 98 21 86 42 45 37 26 90 93 36 96 57 17 18 46 0 97 99 62 55 34 12 63 69 3 74 83 85 44 60 24 65 47 95 16 20 67 38 61 56 35 11 66 70 54 82 6 28 31 80 91 84 15 73 87 22 51 2 59 75 41 10 81 77 14 39 50 5 13 89 25 43 4 
TEST 200 ARG:63 72 99 89 6 32 26 66 44 8 83 38 69 46 61 24 49 30 45 73 82 48 96 0 58 70 86 5 7 97 9 92 53 31 56 4 77 55 84 11 85 39 41 37 22 59 40 25 57 68 20 2 60 12 79 33 34 90 52 3 76 47 51 23 67 19 1 18 65 88 78 54 87 27 94 71 29 15 93 95 91 14 43 17 81 42 75 13 21 80 28 62 16 74 35 98 64 10 36 50 
TEST 201 ARG:57 0 20 29 44 36 71 35 1 86 45 24 39 9 37 93 46 27 30 33 64 92 23 77 82 43 55 15 40 34 94 74 14 38 3 69 95 31 16 90 26 80 79 59 65 50 89 13 48 10 11 78 58 91 72 17 76 70 75 19 49 25 73 62 56 53 87 21 6 83 81 96 54 68 67 22 66 52 60 97 28 5 61 41 42 85 8 84 18 32 99 88 2 7 63 4 98 12 47 51 
Multiple size <= 500
TEST 1 ARG:-65 -164 235 176 68 41 -190 18 194 136 203 240 34 -117 -54 -78 -42 233 -236 217 -28 3 -179 170 -206 -51 -149 -185 223 -40 134 212 71 -6 -99 195 -127 -150 -167 47 -216 55 -56 44 105 0 239 -178 128 74 249 -195 161 -48 -13 -115 -159 179 -123 132 -148 231 -91 -220 -241 143 30 -239 230 121 -234 -77 -63 113 -111 210 -16 -212 -125 227 12 26 -32 -196 -187 188 -200 -240 -38 104 -226 174 -174 -9 70 29 190 204 7 -120 -102 -158 88 -15 232 -122 52 109 -173 -130 -201 60 182 242 6 -242 173 234 85 -66 -218 -68 241 -24 -228 -95 -144 -126 141 220 111 199 123 108 101 -213 -23 226 164 38 -205 -177 -22 -142 189 -93 -153 151 -198 208 148 -97 79 -58 32 27 187 -211 -146 146 -163 -94 -232 -119 -169 122 42 117 62 4 177 -105 -181 -96 -92 33 -132 -222 -43 73 92 45 221 -69 127 58 126 196 -49 106 -59 -168 139 -217 83 202 -17 -224 -147 135 -145 -237 49 -25 -231 144 99 -108 -14 211 1 -34 -90 185 -138 149 -35 93 -116 110 -82 8 -244 237 37 -79 172 -31 -139 77 -98 209 147 -100 36 17 -193 -170 -71 207 51 -188 -165 91 46 13 -41 -113 -219 -60 -103 171 81 213 -199 -3 -192 89 114 116 224 -44 100 69 140 5 -166 -233 48 -136 -128 180 138 94 -81 -118 169 112 28 158 -135 -20 -172 -4 -227 57 165 -29 -11 -161 193 31 -245 167 160 103 129 -76 228 35 102 246 -21 -62 206 -109 -27 -194 -80 50 -152 -221 -140 2 84 -189 -204 248 201 155 142 -191 -209 -129 -186 -197 238 119 56 -26 -230 -85 64 25 -202 90 23 -36 -19 -5 219 -203 -57 125 244 -249 20 -33 -52 65 137 -214 -182 166 186 95 -155 -8 -7 78 -46 -235 -180 -10 -106 175 -137 -134 97 152 218 157 -1 -112 -250 -39 43 -133 168 -210 -84 -64 124 39 200 59 216 -50 -87 -175 229 115 -37 -151 -75 197 -83 -47 -157 53 -183 183 98 -101 -160 245 61 -72 120 -171 10 -154 -107 -74 82 156 205 21 -184 15 9 222 107 214 14 11 -207 -70 145 -12 16 -86 225 -110 163 -162 247 -143 130 75 67 133 -248 -246 72 66 236 -104 -55 -131 -124 -89 96 40 -121 184 118 -229 243 -223 -247 178 215 -30 -208 87 -88 -18 -215 181 19 -238 192 86 150 63 131 -176 153 -141 76 -67 191 -243 -156 24 -73 198 159 -114 -2 154 -45 -53 -225 162 22 -61 54 80 
TEST 2 ARG:-248 146 22 -224 10 -57 -91 16 -92 107 17 -175 68 161 166 -72 -250 -129 198 -121 -142 -179 -167 128 -46 153 148 206 205 -14 126 -116 -58 -84 78 -174 31 -134 165 -82 -171 160 247 -144 -146 143 43 -204 41 -238 -203 33 -16 -33 81 177 212 57 89 -214 -62 227 -151 151 -119 -128 38 175 82 -162 176 -55 -105 202 -228 95 -230 -113 65 -158 -39 187 -38 104 -1 115 149 168 -166 19 -102 -63 -60 88 172 -79 61 100 164 -148 120 -64 214 52 25 245 -108 -17 20 133 226 249 -111 30 -76 -178 -106 -81 237 -97 -160 157 232 49 -23 93 236 6 -205 -7 -4 -221 106 -73 173 199 85 230 171 189 159 -100 242 -112 -28 98 -20 -152 -30 240 110 -78 91 -8 225 134 58 -54 -22 163 60 -246 -244 59 -163 -170 167 -24 72 121 101 221 -153 -71 51 -87 -83 239 83 127 -27 -219 62 94 27 8 -225 162 -94 109 241 80 141 -222 -3 -215 74 184 -235 11 -96 -25 92 -29 -133 136 -223 36 -195 118 -161 56 -69 73 132 14 -207 63 201 179 130 -200 -49 -192 113 -241 53 -216 -217 54 122 -53 135 -202 46 -80 -135 210 84 -35 -187 7 229 -109 -236 -194 -184 131 -56 13 -18 -125 -213 -145 -233 55 75 -155 -185 234 105 -40 182 90 -51 174 -143 137 42 -147 -237 -41 -169 -212 -130 170 -132 244 -218 -11 233 2 -2 -136 140 154 47 246 114 192 -5 -172 -208 -75 79 76 181 -6 35 186 142 -50 23 116 -231 0 -156 -19 -86 -138 138 -74 -141 194 156 -211 40 -183 -229 -98 -149 -117 -177 238 -123 211 217 37 147 117 34 -131 123 196 223 -191 -43 -140 -247 45 28 124 -67 -26 -154 -243 219 24 -227 213 -180 224 -65 158 -70 -45 188 -89 -66 231 -220 -124 125 21 183 152 4 144 -120 -188 -47 50 -93 -206 -52 -242 64 48 208 -239 -127 -196 -10 150 195 32 -104 -198 218 -164 209 108 -107 207 -240 12 -95 -122 -210 87 -173 -157 102 -115 -234 -9 -193 -34 39 204 -159 44 243 -12 139 15 5 103 3 191 -90 86 -201 220 29 190 197 -199 -126 -110 169 -103 178 77 66 235 -150 145 69 99 -99 -190 96 71 -36 -48 -176 111 -21 -101 26 -197 -77 180 -245 216 -85 129 67 -13 193 -182 -209 185 -37 228 -181 155 200 119 -59 -61 -68 -31 9 -15 -88 -189 -249 -137 203 -42 1 248 222 -114 112 -32 215 -226 -139 97 -118 -186 -44 -165 70 -168 18 -232 
TEST 3 ARG:20 -42 -212 217 -45 -170 -220 -60 41 72 146 96 195 19 198 33 192 248 -29 125 -139 -107 42 -105 -10 -98 39 89 162 -224 -127 -184 180 206 130 138 103 134 48 196 9 215 -239 -126 -39 -36 213 -40 -169 -12 -141 28 88 -35 150 94 -1 98 219 -232 186 99 181 -134 64 172 10 122 74 164 176 1 -203 -130 -238 171 -186 -81 -115 -54 137 207 -70 38 -103 200 -204 -174 235 -26 36 -162 -27 -236 149 -41 -15 -222 159 49 25 -79 -76 -159 93 -57 -201 -93 -187 59 116 166 -90 205 225 139 212 -195 -248 -25 -163 170 249 -233 -118 17 -215 128 218 -101 -179 -78 34 -237 30 115 -171 -124 -117 58 40 -24 -150 -176 -223 -116 126 232 91 223 -247 80 85 8 -182 -240 193 109 -138 -11 -190 32 -210 -217 140 111 169 13 -250 -34 -47 -75 117 211 168 -22 167 -2 -7 148 -147 121 142 -96 -213 194 -33 78 -4 43 61 185 -51 214 67 158 -148 204 -218 -234 46 100 63 -149 -193 -71 153 124 -157 -128 -209 54 -74 -206 161 102 147 -197 -153 226 69 -152 -66 -43 118 -95 -106 241 12 210 -28 -23 16 37 233 -56 -160 90 52 55 244 83 -165 -202 245 -226 120 -80 -64 -13 112 -30 191 144 -55 -37 179 -46 216 95 243 -185 -175 11 31 -145 22 -178 81 201 173 236 221 65 73 77 -89 -208 -14 26 -158 45 155 202 -227 -9 -228 23 70 135 -119 -97 -123 229 -249 -91 190 -177 187 -62 131 -49 -32 -199 -242 -31 -207 -225 -48 82 -221 -181 -120 238 56 -88 113 -216 29 -246 104 -53 230 -114 246 -198 133 -155 51 -219 199 -18 -108 -230 234 182 203 21 -44 105 160 -110 -231 110 165 7 -69 -111 79 44 92 14 -168 -235 84 -5 6 66 143 3 107 -100 -154 189 -200 -52 -161 -205 -82 -77 -73 -68 -133 -140 152 132 53 -241 -121 129 -172 -72 62 151 -167 119 141 -38 -135 -244 240 -180 -142 -189 231 -8 -92 -214 -146 5 -131 -102 -188 2 -136 224 227 -173 4 -166 188 -19 247 -245 -67 -59 -50 50 108 27 57 60 -84 -125 -113 -86 -143 -85 -58 -196 -87 -132 -65 -3 97 197 145 -104 76 156 154 71 86 208 -129 -211 -112 75 237 -151 -191 178 175 68 -83 15 35 -99 184 -122 183 -194 101 -229 -243 -61 24 -20 87 220 123 18 163 114 174 -6 -21 -183 -137 222 -109 106 -156 127 239 228 47 -17 136 177 -94 -192 242 -164 -63 0 157 209 -16 -144 
TEST 4 ARG:-54 -49 48 -73 -66 119 134 150 238 31 128 -61 190 179 98 -147 99 -85 170 6 206 -188 -183 223 205 -243 233 242 200 -58 76 54 129 -211 -4 -5 131 55 185 -115 -100 -176 28 -172 182 -64 -78 -233 -40 -48 -36 212 -22 -156 203 -210 141 84 -135 111 -206 -232 -234 101 -95 94 72 193 245 89 32 -128 -83 163 -131 172 -228 -113 152 -62 -20 25 135 -123 -71 117 108 -76 -118 -170 95 -238 166 18 -13 13 43 -241 -178 87 53 -204 -7 -101 -236 -116 -108 -102 -163 -157 -89 -139 210 232 61 7 -127 -28 -65 -208 174 165 -220 -223 -143 15 -222 -191 -187 -125 97 50 -161 237 -137 -146 194 -69 -117 -249 -201 224 -209 -162 64 153 -171 143 -32 120 -70 -175 68 -153 184 74 -142 -112 -217 -26 -154 44 240 155 221 -114 51 191 -25 -86 -97 10 -226 20 244 114 149 -184 -11 202 226 122 214 218 69 -164 -120 -130 -235 236 211 180 102 -214 -186 219 124 -35 3 109 62 17 -213 -207 213 -247 -104 79 8 -245 125 -1 127 -169 5 -126 -18 33 -44 -33 -88 -181 247 -189 36 35 136 -192 -84 -182 227 14 34 -16 -195 177 204 -248 167 -31 85 42 -107 -132 -34 -224 19 -19 -59 -80 196 234 80 -205 209 217 -87 -202 140 175 220 -244 195 239 123 -21 228 187 199 92 -200 -72 -99 52 106 147 -196 1 -92 -138 70 -134 -57 41 -141 130 139 88 189 157 -158 -111 -74 151 183 -203 -239 -41 60 -119 -159 -229 197 -37 -185 -165 118 -109 -225 -60 -51 103 45 -133 -179 -148 -27 225 67 248 -246 158 4 11 160 121 -39 201 -167 104 -43 -75 66 -155 -50 -110 198 77 231 73 9 29 -198 71 49 137 59 -82 -230 30 -124 110 105 -3 142 168 -144 -106 2 -15 -174 -215 -77 -151 -199 -23 -218 -96 -149 148 86 -38 78 83 -68 0 -24 188 46 -55 181 208 229 12 -79 24 164 -6 -47 243 47 -52 -152 -56 -81 39 -63 207 -212 -177 -221 162 -67 -53 -9 115 -194 -129 126 56 -2 38 -94 16 156 -242 132 192 116 241 -17 58 -240 -103 37 161 -121 -29 -30 230 65 222 -250 -166 249 -46 81 138 -173 -193 176 91 112 144 100 -237 173 90 -8 63 -227 171 -42 216 40 133 22 235 21 -14 -10 246 96 -216 -90 113 93 -136 -219 -12 -93 -145 -190 -231 23 75 -197 146 -150 -180 27 57 215 -160 -122 186 82 26 159 145 154 -168 107 -91 -105 169 -45 178 -140 -98 
TEST 5 ARG:244 175 -29 79 -161 -235 121 -142 -215 182 222 -241 -172 -184 43 118 -70 -211 -68 -63 -182 -36 72 123 -39 -156 90 51 130 -102 68 167 172 -51 -55 171 119 177 -239 145 30 -64 39 74 -126 22 226 -115 -59 116 -154 201 33 19 137 158 161 162 -194 -210 -246 -104 17 246 153 -195 -96 92 -230 231 148 71 129 -6 -73 -162 -165 208 18 32 -234 -38 44 114 -242 210 -190 -185 56 88 187 225 206 -167 -105 138 143 -233 -28 139 27 165 -16 232 -114 61 -146 8 -183 -56 234 -84 47 -15 -88 52 109 107 59 49 -127 -214 -160 -179 24 -62 10 21 -89 131 155 -144 6 48 -111 -97 13 54 -207 134 -145 89 247 -61 -69 -125 -140 157 11 -32 100 -223 -229 132 28 -166 106 -133 168 73 -3 233 70 -75 96 -11 204 -67 -237 151 -50 -248 -48 196 -157 -178 -116 -81 -113 -93 194 183 76 -78 -33 238 -72 -86 104 176 5 83 -231 112 -201 62 -228 -222 37 -65 -243 -23 1 26 -163 -177 7 75 122 -198 -208 202 -83 -18 218 -53 -91 -103 -119 38 189 9 57 207 35 -148 81 45 -94 40 224 -219 -66 156 190 146 -101 -110 -121 108 60 237 111 99 15 227 -7 -24 -8 147 -245 -90 97 -118 169 -135 -26 -9 -197 -143 -137 -225 -45 209 -30 -147 -131 -180 -238 216 178 215 -240 -236 41 236 82 -206 -199 -82 65 195 -168 235 181 -128 -40 -209 170 179 133 140 -123 144 200 -17 192 -74 -31 241 23 211 -19 230 188 69 -77 228 -221 -200 141 220 84 -155 -130 -108 85 217 -181 86 -87 -205 42 128 199 -151 -244 186 -203 -14 0 105 127 -136 142 -196 58 163 -37 67 -98 -150 126 102 -186 -139 221 110 -52 -227 14 113 -216 -57 -99 -10 -71 -124 -25 -100 -13 -60 -152 -164 -44 -58 -27 87 -171 77 245 -107 223 135 -4 243 55 -41 120 -34 -217 173 198 214 29 -76 4 91 -54 -218 -170 -129 -122 -249 125 -106 180 46 -2 -21 -191 -120 103 229 239 124 -141 -189 -247 -188 197 98 219 -226 -138 -109 50 -169 -132 -250 95 -80 249 -1 64 -47 -95 -213 184 -232 20 -224 -204 12 78 -79 -220 212 -173 -175 160 93 -158 -49 -174 -202 154 36 -159 248 16 240 -42 -35 -112 152 -20 53 203 185 -85 80 205 63 159 -92 25 150 191 -134 213 -22 -117 -46 -176 101 -192 -153 66 31 174 -187 117 -193 -212 136 -43 -12 242 2 149 -5 193 3 -149 34 166 115 164 94 
TEST 6 ARG:-43 199 32 122 -125 -199 71 -97 11 -4 -170 160 -133 -35 211 -18 192 -141 -230 117 51 -57 -117 224 141 40 95 171 111 183 -154 -222 -81 132 -224 -113 127 -200 -243 -6 -80 45 59 -26 -68 48 37 173 -24 -16 -53 -169 114 146 -153 167 212 -95 -138 -72 12 -162 20 -5 168 -196 -234 -181 -183 3 -59 77 -48 -126 158 57 215 198 222 -73 107 102 -128 -221 147 -70 55 96 -41 -134 202 -67 226 -17 -242 72 -131 73 -30 -1 206 61 56 26 -32 50 -156 60 -111 -168 162 30 230 -106 139 -49 -47 -136 -62 15 -185 -50 -28 217 -9 -39 54 -96 -29 -60 16 -225 177 184 -186 213 -7 -13 0 34 207 -161 -208 153 -147 119 -207 97 182 223 80 43 -179 -45 134 -27 -184 229 218 -215 -86 -102 -44 -206 -188 -19 -99 -210 -163 -22 -238 64 -63 196 -177 -121 -21 -105 -246 24 133 -198 178 -56 245 90 -217 -42 130 98 221 -69 -171 -46 -164 -197 137 94 191 -76 110 -248 69 214 -219 -127 78 -232 -212 -157 166 -110 -244 -143 13 -109 -75 63 -236 -233 99 -190 -142 -187 -55 33 248 -137 136 240 -118 -173 67 27 66 106 179 74 -40 -37 -36 -33 121 -78 220 -146 -66 -85 -90 1 143 46 176 172 -151 150 200 194 232 205 208 -213 241 -201 31 -132 156 210 219 -94 79 154 164 -107 116 186 228 -209 -71 227 -231 100 -139 109 81 -116 -65 161 -120 -191 189 -160 233 -155 113 44 -130 -218 -175 243 -10 58 138 -158 36 21 -8 128 -205 -192 -82 -52 -166 195 129 39 -74 -178 -239 91 -100 85 -235 -51 145 -140 -114 -174 -91 89 10 19 25 -159 47 68 -87 -214 -204 103 -203 -79 169 -227 159 -122 -11 -226 -189 -20 52 201 -108 -34 126 8 185 -148 -241 42 35 88 -93 92 108 -84 -176 6 -135 142 18 -83 242 -23 -3 -38 -124 -98 124 62 118 -58 75 86 41 236 -182 157 237 93 -216 170 -211 -194 -112 -167 87 -64 152 -149 28 165 4 234 231 -165 -223 38 70 -247 151 120 123 -89 -129 -92 53 148 -115 -250 22 247 7 -103 246 83 216 -61 174 249 -249 82 -54 -144 -180 -145 -25 140 -14 -104 -202 112 -229 -220 29 155 9 125 188 144 -88 -119 197 -15 244 -77 193 209 239 -2 17 65 225 84 -150 14 5 49 2 -101 -31 238 235 -193 -152 149 204 101 -12 163 190 115 104 -228 131 105 -123 76 181 -240 -172 135 180 203 -245 187 23 -237 -195 175 
TEST 7 ARG:-205 49 -190 -157 126 -61 48 143 82 51 223 162 59 84 180 121 -17 197 -4 168 -70 -67 -233 7 118 247 173 117 102 50 77 211 31 -247 -43 -175 -5 177 170 -68 179 109 217 46 -31 -237 -103 -168 202 -128 -172 198 18 229 27 249 -58 15 -229 -243 -49 -187 78 107 23 116 -169 25 -242 141 32 -249 -216 -238 -170 203 -165 -219 41 81 142 -213 -203 222 151 181 -176 -197 245 71 2 106 -25 40 -35 -183 -230 -63 163 -38 188 215 -32 4 216 -186 -134 135 184 -14 -87 -132 178 -125 70 158 -118 -212 -111 -100 -119 88 92 -208 -21 190 146 -55 -114 167 243 -78 -104 80 -144 205 -112 -122 67 -209 115 220 -23 -222 5 75 -19 -221 238 -72 -147 201 -7 -131 219 30 194 3 -33 16 -108 244 -250 45 -201 11 -2 -127 34 -162 242 -214 -193 -195 52 -90 160 -54 228 -74 -224 -85 -56 74 176 209 -138 -1 86 -174 -81 159 -36 -84 42 208 -200 182 -73 -156 186 174 -223 113 -57 -97 119 232 -210 95 -246 -13 -77 69 175 108 -117 39 93 231 -80 8 171 -164 -240 134 -133 105 85 13 207 63 -86 164 66 -11 127 -26 1 -185 -206 120 233 73 -160 165 -106 -109 91 -45 -182 97 -153 183 161 -102 -83 -34 -207 100 -95 -64 -194 -40 -46 -37 -199 33 129 137 128 -22 87 -154 237 -198 60 140 -215 166 -51 235 -150 94 -92 28 24 246 99 125 -18 10 -71 -171 -158 37 -226 -145 -191 -218 36 153 -196 20 -178 138 -146 227 -149 147 -110 12 35 191 -99 68 -79 -16 206 38 9 -60 -105 -91 221 -232 6 241 -244 101 21 -234 -59 204 -15 -120 192 -44 132 64 239 -62 -24 -39 -82 -135 199 19 -137 29 -121 -107 -126 -148 90 0 172 193 -20 -188 -245 131 89 58 83 -113 210 124 -76 226 189 -204 104 -123 -139 112 -167 225 -231 187 -88 123 -239 22 -140 -29 103 -129 -248 -42 236 -211 72 -184 -66 -130 79 -69 62 76 -173 -142 -189 214 -94 -152 17 122 -235 -8 47 57 43 195 185 200 -180 -65 -6 61 -236 44 196 -41 212 111 -163 14 -50 96 154 169 -227 -48 -192 240 -220 55 -9 -155 -98 -28 133 -217 98 -136 -89 145 -115 -93 -116 130 -151 224 -12 -27 26 114 149 230 -75 218 -124 150 -47 213 -143 -228 -30 -52 -101 -10 -166 65 -225 144 -96 155 152 -179 110 -159 -141 139 156 234 157 56 248 -161 -181 -202 -177 53 136 -53 148 -241 -3 54 
TEST 8 ARG:-147 246 227 -8 95 29 178 158 -205 216 -237 127 -129 154 -197 -250 -154 -22 38 176 -177 -37 -32 -110 -68 164 188 -43 21 177 -195 -86 66 61 226 220 76 103 147 183 209 -209 -54 -59 202 -17 119 -141 19 -75 102 -211 129 -67 -241 44 57 -9 229 -145 -36 -98 91 92 3 146 -166 42 181 -196 -13 -124 -198 -214 205 -80 -153 241 82 -47 -178 -88 111 -158 22 217 -160 90 -136 110 197 239 -46 212 27 -149 242 72 14 175 -148 -93 138 13 222 -6 85 -55 31 -127 149 -45 -167 214 -119 233 -62 -90 196 -12 163 93 131 41 -84 215 -157 -190 -105 -210 -85 160 34 230 219 157 -232 -40 240 121 88 40 231 -31 234 52 208 -165 235 -65 159 96 -179 -144 17 -28 113 -42 148 58 118 62 -175 -238 -233 -95 98 184 12 -49 -185 -87 194 -249 -29 -171 -176 -118 10 75 -27 4 -219 -3 204 153 -97 -193 -142 244 -15 68 -44 150 -139 -206 99 180 97 179 60 -133 167 -152 -61 -138 -218 189 -74 89 7 -245 -101 -108 -39 116 169 -38 -48 81 -16 134 -204 -234 -77 143 145 -50 28 -247 124 117 225 120 87 107 0 -104 -11 221 -19 115 198 -63 141 191 185 -125 106 6 56 70 109 238 -7 33 135 200 -113 100 -134 142 50 112 67 -132 45 232 -182 -223 -92 -215 -99 228 126 144 -208 16 -2 25 23 -79 -52 -240 -26 -212 -116 1 -122 -78 48 15 101 -102 165 47 -244 39 -114 -69 77 65 -82 155 94 -71 20 8 156 -207 71 -1 162 -72 249 -126 -224 -227 -57 83 -89 237 -188 79 -35 -199 128 78 -103 199 -194 73 105 -34 86 -112 -91 173 -226 -121 136 -60 26 -140 174 -76 218 -151 193 -115 -183 -150 245 -25 -172 -41 69 54 140 -128 -169 166 -239 -236 46 -230 -94 132 -161 74 -4 -168 170 -203 247 51 -174 123 195 243 104 172 -159 122 -18 -73 206 -200 -164 -56 -120 -109 213 161 -96 64 -123 236 -111 -130 -213 108 182 -70 -191 -106 211 -248 248 152 -14 36 207 133 -137 2 -201 -131 -187 125 5 -231 -217 -189 137 171 -229 24 -162 30 -221 186 114 192 -220 -117 -243 37 -228 -242 -192 -107 9 -30 -146 -53 -181 -81 -51 -83 203 -222 -5 59 168 -170 43 210 11 -143 -66 139 -20 -186 -10 63 55 -156 80 -180 -21 201 130 -58 -163 190 -225 -155 -24 151 49 223 32 -135 84 53 -202 -173 -235 187 224 18 -216 -23 -64 -100 35 -246 -33 -184 
TEST 9 ARG:-248 168 -242 200 104 -87 -123 134 -121 -39 -74 7 -5 -46 -15 40 217 137 19 -76 -175 87 16 181 58 195 185 -180 78 -53 237 -133 158 -4 110 -167 53 49 52 142 -220 212 51 -127 147 -98 -93 205 -126 -200 -36 -14 17 -225 155 -95 -221 80 -38 175 -77 -58 233 198 -130 -201 -143 66 121 -181 -159 30 34 -9 73 -212 54 -161 210 152 -177 208 127 116 -118 91 26 242 156 18 -33 -7 -199 -1 -52 -206 124 100 27 -168 -2 202 33 -178 123 -27 -210 60 165 -117 219 228 174 -21 112 172 97 -111 224 -120 230 194 28 -232 -147 146 88 -137 -50 105 111 136 63 11 90 -207 139 13 -213 81 -45 -234 -103 192 -32 -23 171 77 -83 -218 -3 -40 12 130 -149 -191 -122 -42 -158 162 239 -107 -214 3 167 -176 21 -105 -132 -57 -196 183 -241 109 -195 5 71 -228 180 -26 14 -6 24 -153 -141 -73 143 -238 179 176 98 -47 -135 -104 8 229 197 -174 204 25 206 -202 -101 203 -49 128 -140 -86 189 -125 169 -109 178 -187 -48 -249 149 126 -146 6 20 241 -192 75 218 125 -56 243 -28 247 -182 -162 -44 190 -112 -233 -62 82 79 29 -17 -134 -173 170 187 42 4 -29 -155 -31 246 38 -24 -129 -41 -96 89 70 238 86 153 163 225 191 -230 -80 59 -235 22 -82 36 -63 -211 -150 184 -171 93 -152 -100 -190 -226 -60 220 -90 -157 48 -189 -144 245 -163 151 -71 231 -108 46 10 -204 -170 -165 -240 32 99 95 -51 -188 35 234 135 44 -231 -37 102 23 65 161 -179 -119 232 -194 -54 138 249 157 248 144 214 -66 -136 -11 186 -169 132 64 -198 -245 43 -102 -65 -222 -113 -97 -116 -148 -186 215 227 -69 -216 188 -142 140 94 1 -25 -106 -68 -18 -217 173 115 148 -8 9 113 41 -72 39 159 120 67 37 122 235 106 76 -131 -79 -92 119 61 -139 -99 -183 -128 -172 31 -55 145 45 -185 -85 -197 -12 -223 96 -75 -81 -114 -67 209 213 -208 0 -35 103 -193 69 -209 -156 -237 114 -250 177 -94 -61 -88 129 -247 -124 160 -78 166 -70 -224 -89 68 -160 182 -184 193 131 -243 -164 216 118 -30 -110 -22 -166 133 154 -16 -145 222 207 15 85 -10 -19 -203 107 57 201 -236 56 150 -154 -115 83 117 -246 141 84 -138 101 62 221 -59 226 -84 -244 164 47 199 -239 108 223 -205 -91 -64 2 196 236 -215 244 72 -43 211 92 -229 -227 -34 55 240 50 -20 -13 74 -151 -219 
TEST 10 ARG:-49 5 -143 -150 149 27 -199 -157 16 -7 170 234 79 -43 156 81 -249 195 152 -10 -171 226 45 -154 -138 26 166 -222 7 230 -104 -91 182 -37 76 -45 -12 -101 -93 -166 -225 233 -176 25 73 229 -29 -145 -30 181 91 -59 -109 -84 103 -53 211 144 64 186 -118 -235 -107 175 -205 -110 84 -106 -221 68 -83 22 130 164 -146 -50 -28 120 -224 19 -213 -96 -247 -184 -35 -21 -61 -1 -196 -56 189 205 -128 -175 -73 -72 222 -36 55 -207 -68 34 89 92 77 -204 -202 -236 173 134 -148 -242 -131 131 57 -31 -58 194 -8 201 -94 114 -95 -214 -102 239 148 -248 146 -219 -232 40 249 -89 -9 -121 20 96 196 204 -126 220 -33 -132 209 244 -32 -212 -103 74 -15 -27 48 21 31 -99 127 -130 -217 -211 -112 179 -119 -192 -57 248 -81 -16 -108 238 -26 132 -229 -174 98 90 106 123 126 -71 -250 142 -69 99 215 -127 -13 3 37 -179 161 44 177 -223 47 185 118 217 -177 -244 192 -181 -231 200 -85 -218 -23 224 61 -67 -210 105 32 -11 -133 107 -52 86 -153 -74 -18 15 -116 -117 137 58 -88 -46 247 158 -135 135 154 -240 113 116 -149 243 -162 163 -234 176 133 -151 -54 -198 -189 218 112 -193 87 223 119 172 -168 50 1 -169 -203 122 187 -14 9 138 42 -161 -147 136 -201 -25 228 232 -2 162 157 221 67 94 -129 56 33 188 -115 52 -65 -75 202 227 -208 169 190 -40 -238 -111 -19 39 -125 -139 17 -200 109 129 59 150 62 -3 70 -241 -38 -142 51 -41 -66 -215 101 93 53 -6 -172 88 80 -51 14 -173 46 18 128 -190 -182 71 -167 -178 208 155 13 -120 49 153 95 -100 -39 -227 -158 110 -233 141 -78 -90 -124 -42 147 -24 102 -87 10 174 -34 -114 108 0 -62 11 212 -48 -76 82 -188 -170 -55 197 -216 237 235 -226 199 210 -63 75 97 38 72 23 30 240 203 35 207 180 184 171 -141 115 -136 -186 85 -79 -86 -70 -77 -206 216 69 213 2 178 -185 -137 -243 125 121 -165 78 -197 246 117 -64 -156 -22 168 -123 -47 100 183 -159 231 104 -155 29 145 -163 41 8 -180 -183 -60 236 -228 63 -152 242 191 65 24 -140 139 -191 167 124 -220 6 -20 245 -44 -113 206 219 -80 165 214 140 151 -209 60 54 -246 -97 143 -160 -134 -122 193 159 198 -17 241 -82 160 4 -195 -4 12 66 -187 -194 -144 -237 43 28 -239 225 -245 111 -92 -230 -164 36 83 -98 -105 -5 
TEST 11 ARG:-116 112 -83 152 -102 88 -192 -48 -119 172 -177 -41 -139 -3 59 -25 -156 7 124 107 -126 52 210 101 216 92 -172 -112 116 -97 209 -169 168 19 144 -234 -194 -246 171 -217 69 -86 -91 47 190 166 -231 -109 -65 -6 146 188 62 -74 -167 -176 -189 79 -61 15 -128 34 157 -10 33 -225 -27 -101 73 232 173 -133 -168 -241 81 -118 -75 -244 -149 186 -67 -79 48 -248 -211 -12 233 199 -35 80 4 -191 -162 -222 -11 -114 55 109 9 78 -32 -52 21 175 -249 231 43 227 -18 117 -155 -152 -68 -137 113 -76 -58 -247 -164 240 -13 68 176 -5 3 198 -204 -203 -160 87 30 194 -245 -233 -235 -193 -207 -123 104 31 27 242 -17 181 143 -38 178 -147 -20 -26 -138 -53 205 -44 22 66 -161 42 8 -31 -199 -111 -180 -7 37 99 217 -60 56 139 118 -49 -216 -28 -226 106 57 208 -173 203 156 5 -108 105 25 -82 -106 108 187 -89 0 174 213 17 -30 167 -175 -148 -70 -144 61 160 32 -219 179 132 -85 129 1 -159 125 -190 -145 75 -40 -183 135 -232 122 -243 50 183 165 170 128 70 197 -131 -238 162 -165 -182 -103 71 -87 13 74 -29 36 -142 220 -141 180 -146 67 182 -170 244 207 236 -171 -185 130 137 -125 -206 10 -196 127 110 -50 -90 18 -19 -157 -14 -110 248 -113 126 49 -73 -80 -81 -57 243 -54 60 -230 -178 154 -77 246 -127 134 -179 63 -21 -24 -1 -2 91 -240 221 -55 -132 226 -163 131 94 119 -104 -201 204 39 150 149 228 148 86 114 155 -43 6 -64 -36 192 -136 -186 82 38 214 -202 211 103 -198 222 45 230 -33 -69 72 -9 -51 184 41 164 93 -214 138 -63 51 163 -212 223 169 247 84 -39 185 -135 238 90 161 -236 -223 -166 241 -4 -78 145 206 -224 -187 -184 -213 -84 -34 16 -121 85 -200 229 141 177 -23 -98 201 121 -150 65 234 -96 -130 -218 200 -215 158 -22 -237 -239 147 249 195 44 224 -195 -154 26 -62 235 35 -117 -120 77 98 -208 153 -115 -129 239 219 -229 2 140 -100 11 12 120 14 -94 -250 -143 89 218 24 -16 111 -46 237 196 -221 -92 95 -174 -56 189 225 -151 100 40 202 -134 -107 23 102 -99 -71 245 97 -15 -122 193 -209 215 133 -210 159 -105 28 96 -158 191 -242 -140 29 -188 53 -45 123 115 -47 -66 -72 136 -205 212 -197 46 -93 -8 -88 -59 -228 54 151 -227 -37 83 76 142 64 -153 -220 58 -42 -181 20 -95 -124 
TEST 12 ARG:243 -141 94 -235 -189 -159 205 -190 168 -55 -168 151 -245 106 -233 179 216 -193 69 -7 249 154 204 23 208 170 38 -242 -87 182 203 -153 157 172 -107 -239 34 101 71 17 57 -142 -42 146 211 -39 -104 242 248 2 -82 -94 114 -226 116 -79 54 232 135 25 49 152 29 139 -21 -36 -60 -134 -110 26 83 47 132 -165 76 -151 -127 -188 -99 119 27 -167 246 124 -61 -34 80 171 -224 184 126 -208 86 93 -201 222 -66 -143 141 112 -45 -130 236 -197 229 -136 -204 8 -179 -231 -114 -177 213 214 -109 -102 6 226 -80 -81 -238 -176 -220 247 -202 -175 -65 107 14 48 42 -89 -26 162 11 -48 -184 -86 -40 -212 -90 -227 -154 51 91 70 -161 75 -147 -67 -234 -203 225 43 -206 -158 97 -37 104 231 85 -24 -240 -236 -69 -116 36 -132 186 149 198 200 -124 4 128 -150 31 -187 -68 98 -163 -241 158 -23 144 142 239 -196 173 237 -137 -101 -63 10 -57 79 -19 0 82 -103 -146 -78 -64 -96 -213 159 -219 55 -112 -72 77 -215 -25 -155 125 64 16 174 -195 197 -181 -59 -243 -123 109 63 -144 241 78 -41 148 -12 -174 169 56 165 164 59 233 -38 7 -125 -249 227 -191 5 62 143 -85 -122 -88 -9 18 -5 155 -244 228 -218 223 137 140 -138 -76 -54 -52 -183 -121 127 134 -133 202 3 178 -172 -14 131 -98 100 103 145 185 122 -164 -11 -22 -30 -106 92 212 -185 136 206 58 19 -170 -221 -3 -186 133 -16 -31 -97 -135 -237 210 -50 39 45 219 -250 41 161 192 -74 102 -56 12 220 121 191 218 -108 -198 199 95 -152 35 -58 -211 -2 15 110 -169 9 160 -199 50 53 -47 176 -247 230 156 235 89 28 130 -180 -178 108 -126 21 33 147 244 24 30 81 -214 -6 120 -166 96 -83 221 -75 -111 -209 74 -17 -92 -229 189 67 -129 13 175 111 60 -27 240 68 -49 -100 201 -115 -32 84 123 117 -160 -43 -162 -230 65 207 190 -207 -248 166 115 245 -73 150 -140 118 -246 -1 209 -217 -51 -216 -192 -71 72 -232 -46 73 196 -228 -15 -145 -182 88 -18 -205 -149 1 20 -91 -20 -210 -118 -62 -53 105 -35 -44 -28 -131 -128 215 234 -117 -194 183 -105 -120 138 -119 -8 -84 -173 40 -171 163 44 52 188 -225 -139 -93 -4 -157 32 -33 -222 -156 66 194 87 217 129 -200 181 -95 46 90 180 -10 113 -113 238 187 -77 99 224 61 -29 195 167 153 -70 22 37 -148 177 -223 193 -13 
TEST 13 ARG:-203 -55 120 -121 183 235 -210 104 43 227 224 -46 237 190 150 -132 -58 -128 202 72 10 -129 139 -149 223 -68 -157 78 -214 182 111 30 106 8 70 40 41 -197 73 -225 -217 -86 144 -181 225 1 -43 -174 173 131 -161 130 -23 -232 -102 -185 -110 201 180 -73 231 -188 -138 -151 99 -202 126 19 148 103 -35 158 -159 -207 37 50 68 194 205 64 -237 216 -94 -81 33 -103 219 -145 -170 -21 -9 184 27 -165 -118 246 -64 187 -189 -10 -111 -135 0 243 74 -95 -146 87 -33 -52 162 -238 206 175 -25 172 -96 177 -49 124 71 154 108 -230 6 -199 121 -18 -176 -183 217 -59 -30 -144 23 197 149 -242 -70 -200 -250 -109 119 -239 79 143 49 18 -17 7 107 -166 127 -24 -184 -47 -141 -100 203 -123 -209 88 105 -107 -31 195 -88 -219 212 145 39 209 161 -222 -93 -226 -27 -120 109 151 -245 47 67 -106 239 249 -119 55 -5 241 123 -206 5 84 -172 218 229 153 57 51 -15 -148 91 -1 77 -116 248 -213 -241 85 -99 -178 36 -78 63 132 -69 -234 -53 -34 -198 -74 211 35 -66 59 46 -79 141 15 196 -124 -190 -175 -113 -87 13 -127 -6 -164 -191 -246 86 -51 168 232 -229 60 -247 -56 220 69 -3 -218 -20 221 171 159 82 94 185 115 181 -186 -42 38 -158 -44 83 125 2 -40 234 -153 -134 213 52 165 -215 100 4 -125 -240 -22 -28 62 -63 -140 -233 90 -216 -19 -75 160 -163 -131 140 -160 -187 -179 230 58 188 96 95 -155 176 -208 34 -76 -72 -244 -137 110 -85 -221 -61 112 -90 142 -71 128 -60 155 -8 -212 189 156 208 65 152 -112 -11 113 -108 -2 -37 -201 -104 238 -97 -205 233 157 210 -236 244 240 117 -193 166 -130 25 -162 -12 -4 81 -224 28 -142 -139 -249 -182 -152 174 -77 147 75 198 -67 -98 191 134 204 -156 48 -231 20 -115 170 -65 66 -196 -220 200 -89 -248 -150 89 193 222 -143 -48 -195 -16 -91 -39 135 -117 -14 -227 22 -204 16 101 179 54 167 -169 199 -147 -136 -62 98 21 93 146 247 -126 92 169 192 129 -167 163 118 -38 164 76 -171 61 -36 97 -177 -154 -228 26 -45 -235 -50 -26 226 24 -54 9 -41 56 -173 -243 -122 42 3 -101 53 12 -32 -80 -92 242 -13 -7 245 178 17 138 -211 136 45 -57 32 44 133 102 31 214 11 -194 14 -223 186 -168 207 228 215 137 -29 80 116 114 236 -84 -180 -83 122 -82 -114 29 -105 -133 -192 
TEST 14 ARG:226 -83 -233 -222 -22 61 221 205 -210 -40 -4 -143 35 -131 189 112 188 53 -115 -239 -177 -5 16 21 -101 -68 70 116 10 -185 -152 -188 -105 -205 134 -52 -130 -78 -29 -189 44 95 -20 -146 158 -213 -169 196 -110 136 -196 130 -170 31 59 -55 166 -128 -124 206 207 108 -75 -211 88 -33 110 -234 18 244 193 217 224 127 89 118 248 -162 11 103 225 32 40 163 -49 -59 190 171 -61 -228 170 122 29 -86 -106 -42 63 179 149 20 -215 -235 -171 13 -220 195 -1 177 -132 223 94 -45 0 137 -199 3 246 186 -89 -250 -120 150 69 99 78 -2 -71 -192 -80 -172 65 242 14 249 -137 172 -175 17 -16 -179 197 -159 -194 60 -28 -191 241 132 -160 34 -11 -226 -87 -180 235 135 133 -81 1 27 -125 165 161 -173 -116 -249 181 162 -96 57 -163 -48 -7 -219 -99 139 -221 230 75 68 12 -244 -140 -240 -97 30 -208 -183 -166 -24 201 -95 119 -209 -109 131 80 -174 15 39 51 -50 203 233 -103 -10 -72 -168 -111 64 36 -104 141 -26 -25 -62 124 6 -19 -15 81 -70 199 -27 102 212 -176 82 -136 -117 210 148 -229 33 -181 -35 -73 178 -79 56 -138 145 185 -64 -77 -66 159 22 117 213 245 154 -144 71 85 247 228 -230 138 -147 215 168 96 105 -60 219 204 -93 -74 214 -245 -84 73 229 -18 -51 -119 -91 232 237 198 -36 5 -193 169 183 231 -156 180 87 97 -187 -227 -47 -127 115 -94 240 -122 -232 152 77 -14 123 19 93 184 -212 -165 -43 -161 -6 151 -56 107 92 -9 58 -153 238 101 234 -157 209 -214 -142 175 42 128 -141 -63 66 -190 -182 -57 74 46 -17 156 -112 48 -41 153 -107 -224 38 8 -151 -8 -217 7 146 90 45 24 -34 -113 -204 -31 -241 -207 121 -231 167 -178 43 -121 -236 -129 -145 91 -126 -76 -38 -92 26 98 211 -98 -37 55 -46 125 83 -44 -53 -197 47 -134 144 -39 176 -82 -135 -200 -158 -54 -69 -23 -139 41 236 -186 -118 106 -108 28 -195 -149 194 -154 218 208 157 -223 164 67 49 -3 -150 111 2 155 79 227 220 62 173 120 -246 -30 50 104 9 -225 222 -167 200 -238 -65 -155 147 129 143 100 -198 -102 126 174 -100 86 191 142 113 37 -243 -21 -218 -133 -242 72 -58 -67 4 239 -248 52 -247 54 -114 -216 25 182 -32 192 -88 -206 -123 76 23 -148 202 -13 -201 -202 114 -184 -90 -12 -203 109 -237 84 -164 160 187 140 216 243 -85 
TEST 15 ARG:-76 -135 -49 -34 -222 156 128 -62 227 106 -247 -188 83 -162 238 193 74 185 -231 -110 -133 174 -120 71 -117 34 228 199 -238 165 32 61 184 -139 -227 -31 93 -151 -111 -21 -47 219 -208 241 -2 64 123 -50 23 -248 53 102 -91 -218 -75 -108 155 -173 -171 -214 225 189 -217 119 231 237 152 -250 -1 30 216 132 -112 153 168 -119 -44 -114 -186 -191 -201 -4 -45 -70 -97 246 -182 -96 63 -225 -240 -176 -198 -194 232 205 81 201 -172 -87 -129 94 181 110 -67 -163 141 -153 -93 236 -78 -215 -27 49 -83 -181 -69 -84 247 6 84 -36 -239 -61 -136 -132 16 -212 248 -216 -221 -77 -150 -210 114 88 -48 230 -68 182 126 -74 -19 -145 112 -32 -166 103 116 27 105 208 175 -20 100 178 28 -6 2 -209 -180 -124 -38 192 249 89 177 -109 22 117 -224 -175 -85 -207 203 -229 215 -183 -159 -59 52 176 147 -41 -73 57 -89 -64 -130 -177 107 -24 -125 41 -37 206 -54 146 191 -60 197 223 -30 163 -243 136 140 0 5 139 217 180 14 -196 43 12 70 131 47 -170 -168 133 -202 -164 222 -141 -102 142 150 115 76 66 82 -233 -230 25 38 -149 -142 207 -245 -146 -204 -65 170 242 -144 190 -57 138 218 186 13 -235 -14 40 11 29 -56 224 -219 -232 173 104 -116 -13 90 67 -35 19 -106 195 130 50 157 -200 -167 -10 56 121 109 -81 -155 169 -86 -246 -152 -92 -249 120 -28 -236 -88 -237 17 85 166 -242 92 -226 97 127 137 108 -63 183 111 -79 69 -161 198 80 -107 -195 77 75 -244 -72 -115 -15 -178 154 51 45 214 -199 54 33 42 212 68 -113 -17 135 -193 -154 59 244 -104 7 134 158 26 48 -46 -156 -174 95 171 243 -71 221 -105 44 148 -169 -189 -185 162 -94 18 -211 125 -95 167 240 211 60 235 -192 118 -126 -66 -203 -160 229 -123 -101 10 1 213 200 4 -138 -220 159 96 196 -16 -52 204 -98 -118 8 -241 -23 58 87 179 -134 -223 15 9 -26 -127 24 220 -9 62 -148 -121 234 143 202 3 160 73 -140 -197 65 -90 194 -39 239 -7 -157 -206 101 -3 -100 72 -187 -158 -33 37 -22 -40 -213 79 124 144 -179 -5 -122 145 46 161 -51 -190 -184 209 -82 245 -205 172 -18 -165 122 -58 226 151 -143 35 -99 -137 -42 36 210 55 20 -147 21 -25 99 187 86 78 -53 113 164 -11 -29 -128 -234 91 233 -103 -131 129 31 188 39 149 98 -55 -43 -80 -228 -8 -12 
TEST 16 ARG:230 -206 215 75 56 126 105 100 116 169 183 3 -149 -123 -24 -85 22 61 31 20 235 -117 -107 152 -81 -41 234 -151 163 70 -19 -69 -216 -185 -18 218 52 -199 109 -17 45 88 -171 12 19 185 247 33 -139 128 6 -249 7 -11 130 -243 150 199 135 194 149 -94 -130 -23 181 94 146 -47 -147 -30 -8 122 182 -68 -210 -83 210 54 23 -181 -245 -156 -14 166 102 113 -54 167 129 47 -84 -157 64 27 -95 147 -248 24 214 -164 -100 -234 -176 246 248 21 200 -52 -188 -197 148 11 -230 240 178 -219 168 -193 -115 -1 -2 -135 -239 81 -131 124 -99 78 98 30 -218 -56 186 -86 145 151 -209 -90 -36 -87 2 9 -138 66 222 -183 59 -184 65 -46 80 138 41 -29 229 4 192 -217 68 -189 -45 -31 174 34 -113 -220 -140 223 115 -22 -101 -162 90 -144 87 46 -20 -225 40 49 -72 77 -160 -64 1 -137 -240 232 -231 191 -15 15 86 57 -102 -89 -161 -198 -233 -202 -40 220 249 -224 -124 188 -110 83 142 -93 154 107 -136 -91 -170 -154 -191 -148 -75 -207 179 -246 -7 -51 143 -28 -98 -187 -208 58 164 53 28 -121 -173 -150 137 -55 -205 106 -112 -134 67 42 -232 92 157 -143 99 208 -192 -63 -166 134 -213 211 8 29 -66 60 -226 -190 25 -114 236 119 140 -50 38 -229 136 -53 -165 -12 -178 -141 -177 13 -71 72 -80 196 -59 -212 -88 125 114 213 -180 103 96 -108 132 198 173 71 -16 -250 44 -155 101 -109 -146 228 -196 -26 170 -61 -235 245 158 -57 -247 -203 -168 165 -9 91 175 -111 195 -73 -21 206 -76 111 -222 139 -49 89 -62 120 -3 209 -44 -103 62 10 -182 -70 -65 -4 18 -125 -126 133 -186 -74 -241 144 -34 -145 51 243 207 48 74 112 231 -118 233 -39 -78 -38 -58 -152 -33 193 36 -79 -167 -158 35 184 160 -159 -60 187 -25 118 26 239 -228 -35 237 241 131 -215 -221 -223 -106 244 -244 -172 -132 141 -97 16 -142 227 226 -77 177 -32 205 159 -122 -236 -195 104 -92 155 176 -211 -204 79 -128 -48 -169 123 -179 -201 212 -194 55 -242 32 189 -37 -174 121 -175 -96 224 39 -5 219 0 108 -105 156 -129 -127 5 93 -42 82 97 -43 -116 117 203 37 216 -119 76 172 -153 201 -104 221 127 -6 162 190 161 17 43 -237 -163 202 -214 197 69 63 204 -200 110 -120 -27 -67 73 217 85 50 84 -133 242 180 225 -82 -10 153 14 238 95 -238 171 -13 -227 
TEST 17 ARG:96 103 44 123 -89 222 184 -119 194 102 -171 -103 26 158 239 -23 -79 168 -64 247 -125 -21 27 186 165 137 63 86 150 166 -111 39 -67 22 70 -148 72 -174 -200 -128 51 246 -52 -71 -101 248 29 -188 -183 -206 -217 202 -17 -143 -2 109 206 -73 180 164 8 -18 -109 -227 30 -121 -28 226 -245 -86 -166 -141 -191 142 34 -118 -114 -152 9 -202 149 217 219 208 -65 5 -154 -11 32 99 200 148 104 -5 -230 -207 -249 159 21 52 -108 92 139 73 -144 -98 -167 -33 -232 193 83 -4 54 124 -221 -87 -156 90 80 -190 -139 -147 50 -195 -172 -47 57 46 105 -164 -24 -58 -68 53 -26 -197 76 20 81 -157 -77 169 -112 228 97 88 -41 71 1 -66 -222 -40 12 18 138 -53 -81 -228 174 134 -76 -185 227 -97 98 38 220 147 233 215 -45 37 155 2 -48 -192 101 -61 -165 -131 -199 -85 -75 -233 179 -198 119 -90 167 -175 -10 -132 209 201 43 -129 16 -100 -215 190 24 236 78 235 62 230 -39 -235 -160 212 -6 -231 -180 -8 117 214 -107 -30 188 -102 -208 -218 224 141 238 -50 221 28 -7 -140 -59 181 -182 161 115 189 140 203 56 -80 -184 -226 -170 131 -94 210 64 15 -209 0 -153 114 -56 55 -250 126 116 -110 -29 -169 136 65 -19 66 173 244 14 249 19 -127 -124 13 -46 195 -241 -238 -36 -20 -13 -117 196 -120 213 4 122 -38 17 94 -155 33 144 -158 -126 -205 -60 -57 170 -137 -142 23 132 -133 -32 -146 -35 -130 133 -150 177 163 204 -203 -42 245 77 223 -34 84 -229 241 151 218 -234 31 -134 -15 -116 -193 175 129 11 234 216 243 -201 128 -223 -74 -16 -62 -113 -54 125 154 146 171 -22 79 -31 -225 -247 -210 48 75 -168 -78 -106 191 -240 -138 199 225 -236 121 172 41 -186 185 -161 -242 87 10 -187 69 127 106 -122 -105 58 -216 -93 118 240 156 -149 -72 42 25 -248 -212 107 -115 89 -43 93 3 -224 61 211 -96 45 192 176 -82 -204 -92 -145 -220 59 -237 -213 -3 152 100 207 -135 112 -151 -9 108 -69 -244 -178 -246 -88 68 6 -99 -49 -181 198 7 -211 -27 153 182 -159 36 187 110 -55 -179 -136 -173 111 60 -176 82 178 35 120 40 -163 135 49 -214 229 -219 -104 74 -83 113 197 -196 130 -95 242 85 -1 145 232 91 237 -14 -12 -37 -239 -63 205 47 -194 -70 160 -84 143 -51 -243 -189 -177 231 157 -162 183 -44 -123 67 95 162 -91 -25 
TEST 18 ARG:176 -21 136 -205 -30 196 218 -17 -26 -235 17 125 72 171 162 88 247 139 -109 54 77 22 209 -8 131 41 -43 -124 -104 31 -186 114 -82 -248 -70 184 -121 4 83 93 52 68 -196 107 -2 -41 -132 -211 126 -182 -153 123 -246 -120 246 -110 -73 -19 -10 -151 172 153 187 21 177 -115 -179 -53 212 138 111 -111 -129 174 164 -67 -155 245 163 -6 -221 167 -107 133 179 -230 150 -35 86 59 113 -60 -97 127 180 -160 -214 -128 -207 38 -131 104 -108 23 208 -228 -3 213 152 70 -241 198 -145 53 143 51 48 188 57 178 -212 -11 -199 -149 -195 -76 61 -200 -31 -140 -122 108 -24 -201 237 221 -40 -64 7 -177 219 -134 -208 -194 -215 -42 13 -77 -236 -71 211 -172 1 9 182 154 44 -36 -133 -113 -173 103 230 240 116 -89 39 20 -38 106 12 42 -245 -61 -220 -59 0 -193 -233 181 130 -80 -168 -47 203 185 151 -50 -170 -171 186 47 124 -238 204 99 -130 210 -68 159 -150 -56 91 165 73 232 25 115 -169 135 -144 63 236 157 248 64 -12 109 149 -204 -138 16 34 105 -63 -55 80 -232 117 58 -123 36 -119 29 -137 -45 33 173 -93 234 -103 -223 -90 -198 -175 -183 -147 -213 -242 101 148 -39 223 -219 28 -226 18 -209 -143 -18 224 -117 -192 -106 238 110 -231 156 -225 -99 84 137 -1 140 -217 220 -244 112 -156 30 65 -25 -51 -141 244 118 222 98 -29 -5 -184 10 -98 169 -187 -32 -180 227 -7 -14 26 -20 134 3 175 69 -127 193 -159 62 -69 85 -13 71 -66 74 -84 226 -88 243 132 -250 49 239 32 -96 144 55 11 -229 81 194 -34 -237 -154 96 45 -148 82 -135 228 -81 146 -116 231 -105 -224 -15 43 -72 -166 -94 76 -75 -46 -58 -136 -188 -142 -78 24 216 119 -210 -178 -227 -206 14 -62 -95 40 79 -167 92 122 225 170 129 -4 -190 242 205 15 -9 192 -74 -240 -163 -249 121 -112 -33 -181 199 200 -174 -57 145 95 35 -162 -197 -86 94 142 2 87 -164 -185 5 233 -28 -125 206 207 -118 -91 160 75 -157 -165 -161 -92 155 -100 189 168 100 -44 241 183 102 -203 214 229 -189 -191 -49 -247 202 -23 -65 158 60 235 -152 66 50 -176 -37 67 -48 -22 6 -102 19 -139 217 191 -27 -101 -243 -52 56 37 89 201 -83 190 -222 128 -87 -79 166 -54 97 8 147 -146 -239 215 141 161 -234 -114 -202 197 78 27 -158 -216 -218 -85 -16 46 120 90 249 195 -126 
TEST 19 ARG:-14 -110 38 167 61 219 -179 57 44 -11 -36 201 87 -1 19 207 -162 -166 -32 -180 8 -108 -27 -238 -250 -38 151 137 117 -64 -22 125 -186 -107 9 -70 217 211 -26 -84 -241 156 -175 -177 17 -170 -146 -173 -168 -135 -42 -6 12 135 -233 -185 212 63 -77 -25 129 -188 170 177 194 -9 94 -69 -124 95 204 -160 -92 -91 213 -54 238 -206 -208 240 -249 72 -116 -115 -230 -51 -30 -7 107 -102 -20 -196 -205 -220 236 -245 0 183 -72 -2 -131 162 47 -13 223 224 -61 121 197 -60 126 -236 -215 -243 64 106 54 -225 -100 168 -172 -145 62 143 52 -127 45 -165 -103 120 165 158 -53 -40 -240 34 234 225 36 -16 -242 76 29 -123 80 -33 -223 -193 205 150 -85 -147 164 -190 -89 -93 40 -174 74 15 136 -79 -81 172 -203 241 -161 -118 -134 -189 228 189 6 182 85 171 -128 91 -88 -113 132 173 139 -221 -106 226 209 155 203 90 -210 -111 -28 -150 181 -56 -232 -218 -159 128 -201 11 -212 50 153 227 -214 -17 -202 98 49 66 -76 -216 -35 -141 -137 25 122 -98 -191 206 138 10 140 -21 -227 244 -37 71 -122 200 231 145 -57 199 -142 56 134 185 111 -237 48 -154 114 96 123 88 -12 233 -222 -62 22 55 131 -151 -112 -15 196 -195 -90 242 70 -5 198 -73 222 -247 -52 -29 -176 -74 187 -192 81 152 154 23 -43 -143 195 -248 104 239 109 58 163 16 27 245 248 115 -163 157 31 119 -183 -178 51 -140 214 -117 188 -209 46 191 32 -246 -204 20 -231 -129 -78 -63 93 -24 -68 -235 -67 24 141 247 -96 -114 5 144 166 43 221 -99 -109 -87 -34 232 133 -228 235 28 -164 77 -97 59 14 -199 -120 230 220 130 -148 113 2 192 -41 3 100 67 -184 159 35 -59 -45 -133 215 179 116 -58 218 -19 69 -207 -119 -213 -82 124 -244 108 78 4 -167 -83 -49 -139 237 -126 -44 -23 68 -105 -130 -8 118 -217 180 -48 193 112 -125 184 -187 13 79 21 -224 -4 -234 83 216 -226 -194 -138 -65 33 190 89 75 110 102 30 -50 26 149 41 86 42 -153 73 -121 37 147 39 53 65 -158 -197 148 146 92 -66 127 -219 -71 -80 178 -239 -18 -94 18 -55 -229 -149 -155 -200 161 7 175 -3 105 103 99 246 -171 97 249 -39 176 142 229 -144 -75 -152 -104 208 -132 -10 -181 -95 -211 -157 210 -31 82 174 -46 186 160 60 101 -198 -86 -169 243 -136 -182 -47 169 1 84 -101 -156 202 
TEST 20 ARG:169 147 -1 249 -202 -26 -48 52 -90 142 -157 -195 45 -91 189 92 -149 90 178 197 -194 -169 -45 -130 -213 181 -100 103 153 -132 245 -109 157 247 113 -147 187 80 72 198 171 239 36 31 -114 40 -33 -78 57 160 115 37 -97 177 -140 172 -31 96 -133 28 119 236 -35 105 86 -99 -70 -136 15 129 -79 -93 -39 -69 199 -203 98 219 -186 -117 -42 124 -126 218 -82 -27 175 -2 133 166 225 -101 30 110 215 -233 -116 -115 -152 240 -88 -64 -4 136 164 200 100 -206 -118 -220 -71 -167 -197 -208 188 -125 232 156 210 -60 -239 59 -166 64 -231 43 38 150 -53 -250 -76 -240 -80 214 123 227 -83 -228 -201 -224 -41 -89 58 -218 217 168 243 -236 -242 84 -107 12 49 -165 -37 -15 -196 -235 -139 -54 104 -145 -210 121 -6 163 -177 -173 -12 -3 -122 -86 -121 3 -61 234 93 99 -160 -215 -180 42 91 -11 -81 -185 -24 174 118 24 -217 20 -105 206 50 -200 -84 60 195 -94 95 -214 204 -25 -209 -14 -150 -128 69 213 223 10 165 -159 114 62 -249 16 -131 127 -77 -52 -230 158 -112 13 -123 35 94 -113 137 -198 -72 128 85 -8 -192 -246 7 -63 -191 125 131 -18 -156 -151 68 -62 202 63 -161 -212 -244 212 33 -95 56 -21 65 -29 -183 192 5 233 -226 151 87 -238 11 241 44 8 -241 -223 -32 211 -55 -222 -237 -229 70 102 179 -190 -211 138 186 -119 18 51 -174 14 -92 -148 46 83 108 -176 -73 47 -102 48 -57 -216 -9 -137 216 -74 194 -168 -199 167 -184 89 -34 201 -207 -58 -108 -153 1 148 79 75 -158 -43 -234 230 209 135 -225 -187 154 -22 -124 61 -248 159 -171 -68 111 -221 162 193 81 -51 -154 222 -38 -104 25 238 34 2 -243 130 184 23 -67 140 248 205 -103 109 -142 54 -120 -28 106 126 161 141 53 -59 -30 21 134 122 246 76 139 149 41 -7 74 0 -75 97 -144 112 -170 -178 -141 -163 -49 67 77 173 226 -47 221 -204 66 71 176 -182 -56 196 228 88 -245 191 -129 -143 116 -10 -17 82 231 -127 182 203 220 -193 -172 242 -189 155 17 -50 -138 -219 -205 120 -87 -175 -13 73 4 6 -23 -135 -5 -110 -188 -46 -111 244 -155 29 146 32 -65 183 19 -98 208 -164 78 -20 143 -40 -66 235 -146 -106 170 39 -181 117 107 237 26 -134 22 27 145 -232 -44 101 -16 -36 229 -227 -96 -85 185 -162 180 -247 -19 55 9 152 190 144 224 207 132 -179 
TEST 21 ARG:205 -46 102 181 -193 -166 -191 -135 -131 -179 200 203 176 85 -116 -83 -224 230 99 159 -198 -239 42 224 -161 -245 -117 26 111 10 -188 -199 28 209 -37 189 -26 174 48 -25 -158 -43 172 248 -65 120 -149 89 -5 179 194 -69 3 236 -231 214 157 27 -225 113 -14 225 -98 175 108 -22 152 -250 -123 151 -155 -102 164 168 1 142 106 197 -81 100 92 -15 -241 127 138 244 -174 -21 158 150 -142 61 166 246 -240 -243 169 -141 -126 -16 -197 143 -214 231 8 81 49 207 7 147 64 67 144 -54 97 153 68 -133 -72 77 69 204 -109 -122 -157 24 -163 -196 183 45 116 156 -154 180 -87 -13 13 -160 -31 187 -230 188 66 115 -176 -184 -49 -175 -200 184 -2 -143 16 -228 -10 -246 135 71 -234 -101 241 -138 -244 191 4 -217 -223 -132 43 -125 38 -204 -171 122 -172 50 223 -66 -220 87 -88 -113 134 94 -77 79 -140 -151 245 -182 109 -147 52 -30 -180 46 14 39 12 163 -202 173 192 -40 238 86 -48 6 -129 -112 -19 93 110 -47 54 -61 -70 -3 -74 -121 118 -159 -248 -35 199 -90 -247 -146 0 59 44 -108 119 121 63 -136 162 -118 -127 228 -137 65 -6 -169 -139 170 74 208 32 -242 155 22 137 -221 105 160 62 -110 -44 195 196 171 -148 9 149 -212 19 -187 80 -185 -67 107 31 129 146 221 -27 104 154 -4 -237 148 227 182 -104 141 -96 -229 -186 190 -32 17 96 -183 -71 -168 -152 -192 -128 -94 117 -211 35 -227 57 -167 -58 -84 226 161 247 -36 -86 23 -203 25 210 -232 -12 -150 -75 72 229 130 177 20 242 91 33 -216 -170 -82 -34 -23 -215 128 -165 -120 178 243 239 145 36 186 -42 -207 -17 -59 -8 40 185 -56 -201 -92 -11 212 -145 -63 -208 41 84 -99 132 60 -55 -9 222 -33 58 -41 -195 18 82 -28 55 75 101 123 21 124 70 -18 -134 125 5 -107 -236 -79 -218 232 88 -73 240 -144 114 -194 -97 206 -95 193 37 -80 131 90 234 202 -213 -115 -85 -57 -233 -153 -210 218 78 112 95 2 -7 -111 -78 -226 219 -181 -68 -178 126 216 -89 47 133 -189 56 -60 -39 -209 -164 103 -93 -130 -190 213 215 83 15 220 -24 11 -91 -206 217 -105 -29 29 51 165 -177 233 -64 -38 -20 -156 -238 -162 139 167 -219 140 201 -205 -45 98 237 76 -50 -103 73 235 -124 198 249 211 30 -100 34 -106 -249 -53 -173 -119 53 -62 -235 -114 -76 -222 -51 -1 -52 136 
TEST 22 ARG:-194 -1 100 16 -137 164 -217 -224 92 -162 141 -27 12 38 147 18 37 248 241 215 -109 130 39 -44 162 -78 -177 -24 -18 26 46 101 51 58 -244 42 -168 79 47 150 194 -64 -246 156 33 207 213 61 -227 166 -107 -173 67 63 -51 71 163 -91 -99 52 -208 -174 -142 -204 -23 135 231 -210 -85 113 114 104 -28 69 59 209 155 -65 4 -167 214 -218 219 103 82 159 1 55 84 -139 154 81 75 118 8 174 -45 -236 235 -234 44 112 190 -200 -160 -10 200 106 49 -75 31 102 -63 -4 161 -136 233 224 -155 -71 160 134 -239 234 -163 192 -149 247 -57 -77 22 -55 -215 -97 3 13 -178 -76 121 -96 -19 123 232 -52 -240 -146 -100 -103 210 237 111 32 175 -133 -171 -243 -83 -216 176 -80 249 180 -59 30 -232 -164 -154 -26 183 43 116 41 -43 173 152 -86 -3 -190 2 -31 -22 90 -220 97 -21 -230 -176 65 -128 -233 -203 -198 -72 168 28 149 -93 -156 -15 202 -226 138 50 -20 -111 -134 20 -225 245 -206 -125 171 -7 142 -12 223 119 203 201 -189 70 -193 -126 229 -201 94 148 66 193 15 129 -82 25 217 -235 140 -152 77 126 -196 -48 36 53 -153 -219 124 195 137 -49 -25 17 109 107 206 23 -223 -175 -180 98 -121 238 -130 -116 -60 -98 80 27 68 -58 96 95 76 -183 14 88 -131 197 -151 -147 -79 74 177 225 -165 -81 169 108 -144 -112 198 127 -245 143 19 -237 21 246 242 -135 -13 172 205 -182 -159 133 -105 24 91 62 216 131 -110 5 -161 -185 226 -61 211 87 78 -16 -124 204 -47 35 -132 -92 -207 222 153 -14 -33 -5 -169 105 -70 -138 72 -114 -34 221 120 -158 29 -221 110 -228 220 -117 -209 -186 11 -241 236 212 -157 34 185 188 86 227 181 -8 -108 9 146 60 117 179 151 -166 244 182 -42 122 -30 -68 -35 -62 93 -40 -104 7 -205 -214 -150 -46 -41 -6 83 158 184 199 243 -9 40 56 -17 89 239 165 -39 -2 170 -95 -172 -179 -94 -54 -188 -170 -192 -181 128 -143 -222 189 6 167 -191 -101 -120 -115 -89 -73 -141 73 -32 -127 -248 -140 -199 -69 125 115 -123 -88 -113 -84 -242 -118 -211 187 -197 -229 -66 -38 139 64 99 -119 228 -56 144 178 132 186 208 -122 -247 -53 230 -212 157 57 -11 -36 -250 -102 -67 -87 -213 -238 45 -90 218 -37 -74 191 -231 240 -50 -249 0 -145 145 -129 48 196 10 85 -187 54 -202 -106 136 -184 -29 -148 -195 
TEST 23 ARG:-231 -43 226 -221 139 83 73 212 47 -171 214 57 166 7 189 149 -200 1 -86 -105 -22 -128 235 136 207 -30 -165 30 195 165 6 230 59 -208 -44 -110 229 162 227 -104 17 179 46 81 -54 129 37 -84 -93 143 14 157 124 58 25 -129 -77 146 -83 86 -48 48 92 248 54 82 -119 -224 239 -213 70 -149 172 -52 -117 -27 -227 142 -160 -79 -60 22 -15 238 -154 152 -71 43 -21 -167 64 153 -207 -131 -211 -70 224 101 -66 -111 106 -65 -57 163 -33 -103 -177 -158 -175 208 -108 -204 -236 3 53 236 -10 -163 169 115 -31 -56 -234 138 4 -19 197 -39 190 -156 -216 -91 -95 -206 -148 249 -76 -4 -173 35 221 210 91 118 -55 71 111 183 -135 -217 -181 72 130 -90 178 126 62 -247 100 -78 246 -197 55 110 -26 -99 233 -203 90 28 187 16 -106 -112 -132 -28 -20 -101 -87 -120 159 13 93 -185 237 -144 60 87 -18 -189 -136 -59 -25 -109 51 -239 38 160 -176 -222 68 -242 198 -166 168 155 -122 -180 177 65 161 -150 -89 -42 21 103 -142 -94 102 -51 -67 215 137 34 -248 -205 147 -1 -115 -212 -23 171 98 186 150 -62 61 -138 79 -174 -182 219 -226 119 -88 -188 141 31 -147 -134 120 193 -220 -8 -72 -229 99 78 204 -169 20 -162 194 234 33 243 107 -133 -16 -151 -232 199 123 -9 -214 2 131 85 -146 -192 29 -64 32 76 -116 231 241 182 -68 -196 26 -159 96 247 175 75 196 127 -218 -237 133 -45 -34 -246 10 -245 -230 -225 -164 -125 -97 -187 -190 148 -121 121 -29 -80 -82 156 -102 77 245 -114 -235 209 203 -209 -194 -41 -47 -179 180 -130 -186 173 112 122 -141 125 -92 105 211 -123 104 74 40 -40 9 42 66 89 -219 -191 -61 -238 50 217 -5 12 -74 19 -199 -183 114 -50 242 -14 15 -250 0 244 -69 -37 84 -195 200 -249 -233 94 -58 220 -202 -24 -210 132 -241 -85 222 44 -170 240 -127 27 -228 36 -145 95 192 39 -215 -3 128 113 -11 -124 -100 -140 134 223 225 185 184 63 213 108 176 181 205 41 -12 188 -157 167 24 109 97 -139 -143 -49 67 -243 201 -36 -81 -53 135 52 216 -240 8 218 45 -38 -118 151 18 -32 69 -152 5 -193 174 -184 -96 -35 -107 144 116 80 -155 164 -172 191 88 -2 -198 232 49 -168 170 -75 -17 117 -113 -153 -46 -223 154 -7 140 206 158 -6 -63 56 -201 -137 -73 -161 228 -13 -178 11 202 23 -98 145 -126 -244 
TEST 24 ARG:-193 35 198 -180 -117 -177 -234 71 169 -112 40 158 115 -102 239 -12 -79 -216 130 61 -10 -204 -59 101 -127 -82 111 102 -11 -122 -241 179 92 -38 -155 9 -58 138 22 -221 -161 -171 -212 110 207 -174 -139 -103 43 31 100 -65 -62 173 203 -158 -197 46 -120 181 51 -86 -100 67 20 -15 187 -83 168 219 -25 -41 134 -8 -77 -18 126 229 222 75 56 -202 -223 7 37 -196 165 -75 176 97 107 -125 -236 81 109 -168 12 -209 -169 -250 91 -199 50 172 -185 104 -85 206 -142 -13 -166 70 93 -172 -134 72 242 -214 -45 77 -81 -37 -67 16 -91 -220 -14 201 -215 -230 236 235 114 103 140 -53 85 -1 129 -211 -175 -92 -201 183 64 228 177 -34 -50 125 87 147 52 113 -188 -3 131 3 30 218 27 55 83 161 34 26 -159 -73 137 -219 -130 -104 -21 231 -164 0 194 96 226 33 189 145 150 199 -238 32 -80 58 -48 157 136 -33 -222 -113 197 -71 -5 -115 214 -192 154 238 -123 220 149 -31 -183 -89 -140 -186 47 89 -2 -128 -96 -101 -109 -206 146 99 -147 -162 184 -126 60 210 -207 -143 -240 -28 213 -243 178 -106 74 117 -203 -78 133 163 225 63 -7 -99 -119 -19 11 -17 230 -242 127 -248 -64 159 -218 -23 -227 -68 -239 180 -22 221 -228 -107 -16 -208 65 -173 -195 54 -138 -111 -60 1 166 -194 118 -88 237 45 -152 -35 105 -46 246 128 -105 211 66 41 -6 182 205 -149 116 8 -116 -4 -233 24 151 217 202 -95 -182 -114 29 88 241 212 48 -229 223 -235 142 -49 244 -26 2 25 98 -145 73 141 -148 44 -157 15 -66 -124 62 -224 18 10 135 -52 -225 170 -205 13 204 78 -74 -244 -135 -191 122 240 80 -24 248 -72 175 95 -133 -136 -165 -30 -118 123 -226 38 -43 90 192 82 -163 -249 59 -94 -181 106 148 224 79 -90 188 -144 -63 -84 164 160 195 190 -29 193 -69 -176 -246 -56 139 -170 -156 186 185 76 153 144 216 119 23 21 162 120 39 155 247 -217 28 124 -27 -57 -198 5 171 167 -98 -54 -187 -32 4 -42 57 245 143 36 234 68 152 -40 -232 19 233 209 -131 -146 249 84 14 6 -36 243 121 -245 -51 -184 -108 -76 227 17 -44 -189 -70 191 -213 -210 174 -151 42 53 -97 -20 -110 -61 -160 -137 -141 215 94 -150 -167 -55 -154 -247 86 156 232 208 -231 -121 -47 196 112 -179 -200 132 -93 -237 -190 -9 108 -87 -132 69 49 -39 200 -129 -178 -153 
TEST 25 ARG:25 -200 -77 103 -31 243 246 244 28 -151 67 121 193 214 -64 47 -197 -7 -35 -233 -167 173 2 186 -69 -155 -104 215 -127 96 50 -25 84 -244 -45 188 190 75 58 -18 -242 -245 -153 -86 108 -60 104 -80 36 -170 -171 -5 -145 228 -237 -46 111 -50 91 -108 -119 34 -27 -6 -190 10 99 -215 -209 37 -117 -112 205 -11 -57 233 -113 -246 -102 53 -94 -205 -181 -222 -16 148 -206 -137 40 -100 -199 -106 69 -30 87 66 -218 -125 -53 -147 240 -39 -24 -8 179 -141 -166 147 161 -207 140 232 -4 65 160 39 -173 -85 70 -191 -71 -121 158 -111 165 -38 -29 100 176 -189 -228 164 52 33 -9 15 -54 -63 135 8 118 -234 226 114 -196 220 155 -182 117 -22 204 -90 157 130 224 109 -177 234 82 -51 -185 -144 9 -134 -92 172 -188 145 22 11 -76 -203 14 134 -149 216 -40 -43 -239 -213 107 20 -223 -59 78 163 -2 213 236 -172 79 6 74 105 141 192 -230 -236 76 174 245 223 230 241 181 -148 217 237 12 115 -154 -58 1 -23 -128 221 -84 229 209 -75 -129 -36 89 154 159 138 -87 -49 -164 29 178 231 184 -12 7 27 132 -95 -217 -204 -33 97 -118 196 94 63 143 -67 149 -133 151 54 -82 -158 -13 171 -98 -178 102 93 -220 -34 17 -165 -21 146 119 -79 55 116 -193 101 156 -150 139 -216 142 -20 -227 212 110 57 -136 199 248 -208 169 106 71 86 -105 -3 -99 -103 -235 73 21 -157 -247 207 49 150 177 -116 -109 238 77 72 -114 203 239 85 -160 -143 198 187 -198 210 -89 35 23 -56 -93 211 -132 -131 -224 180 185 31 -250 -115 -229 225 -174 -194 183 88 175 112 -123 242 126 -61 -140 -168 133 152 -101 191 123 -249 -91 90 81 -248 -219 -68 -107 -156 -72 -211 43 -52 -41 194 -88 -66 137 3 -146 -83 113 -124 38 235 -192 -14 -47 48 -26 125 208 167 129 197 -42 -28 -225 -163 42 -184 -195 170 -15 -210 144 62 -97 -187 -232 136 206 44 45 218 -231 60 -78 153 127 13 120 -186 -110 227 95 -138 98 19 219 41 -243 5 249 -48 128 16 -1 64 -19 -122 168 80 -96 68 124 182 -81 -17 0 -201 56 -74 -152 -126 -139 162 -238 -241 189 166 195 201 -240 -226 131 -221 59 26 -175 -202 222 46 -135 -162 83 -183 -176 -70 -55 -142 -62 -10 -37 -65 51 -130 -120 -73 24 -44 -214 -161 122 -159 -169 -32 -180 18 32 200 202 92 30 247 -212 -179 61 4 
TEST 26 ARG:233 96 214 -124 -187 -39 -6 -211 -217 226 -98 -121 134 -236 76 240 110 -21 -240 -200 -218 -176 106 73 -118 194 -86 124 79 -212 -184 -241 -108 -31 -165 158 -58 90 -8 20 167 119 68 -113 72 -96 -46 37 171 -227 -76 -168 115 -82 228 203 -65 50 -99 17 -247 168 -53 153 -29 248 164 225 -235 235 244 -192 133 179 -179 89 -137 -101 206 40 63 140 -226 102 -103 143 -26 -238 166 55 238 139 183 -202 81 -225 -123 236 60 -127 242 -205 -89 230 -102 1 -12 -55 -88 -132 -116 190 -164 141 234 31 34 176 150 54 38 111 -69 -1 -167 -2 169 -197 -38 -43 161 223 -242 15 132 -250 -171 142 -243 -155 2 129 42 211 -166 189 -234 -129 49 -125 -41 85 -126 -177 -72 -95 11 99 -7 94 199 -74 123 130 165 -140 149 -54 51 -37 249 210 135 -156 118 70 -157 6 -63 -146 0 74 -135 239 67 -77 -162 -199 127 64 -159 144 -79 -215 174 -138 172 32 -60 122 159 -93 -120 163 103 216 21 -104 14 22 -153 69 4 -5 131 -144 88 -114 193 205 -210 -191 -117 -90 -33 97 -219 136 196 -194 -62 -22 200 -173 -229 75 98 -169 -27 -158 -150 178 138 -20 157 47 -42 107 -170 -206 -160 12 154 170 162 66 3 -133 87 59 23 -134 204 -81 -3 224 -239 -244 185 41 -183 181 -228 -16 -36 -198 -32 197 -83 -232 -110 109 91 -35 -203 -148 117 -51 30 125 -149 -47 147 -91 -181 213 13 -24 -23 36 8 -188 -112 -204 114 -52 7 126 -145 146 84 -185 -4 -78 -223 -147 101 -30 -92 218 184 27 -245 -175 -201 45 -128 -139 35 39 186 -75 28 -131 -189 -193 78 -130 44 113 26 -222 -25 -174 65 -196 92 48 192 195 71 -50 -154 -107 217 128 -152 -230 -13 108 -249 43 222 227 -151 207 -64 77 243 202 -246 152 180 -10 -34 46 232 160 57 10 -109 -56 -40 -84 80 52 -97 16 229 -80 241 -209 -213 100 -143 187 -18 95 -73 -221 86 -248 -111 19 -182 62 18 201 151 -100 121 -44 -136 -180 25 9 105 208 116 -94 53 231 -231 5 198 156 33 -14 215 -195 -68 188 219 -161 -17 -141 24 -61 -28 220 173 -190 237 -216 -220 120 148 -85 -208 -71 -9 -57 61 245 -119 -19 247 112 -115 -233 137 104 191 -49 221 -70 -207 -214 58 -186 209 177 -66 29 -106 -15 145 56 -45 212 83 -67 -224 -11 -237 182 93 -178 -59 -105 -48 82 246 -163 -142 155 175 -87 -172 -122 
TEST 27 ARG:6 52 107 -49 65 244 -110 164 -8 154 -135 -133 -82 197 -141 -119 203 157 185 -241 -71 15 240 -4 57 -243 -223 -85 -48 29 84 -201 -97 56 -81 -172 -175 14 -153 -236 28 -226 209 -190 -179 70 -245 -62 -187 162 160 -213 -186 21 -68 -196 211 159 176 -12 9 221 -35 -166 229 27 79 117 -122 -161 -217 -111 131 204 -142 -193 -14 166 89 -169 120 -138 -206 41 122 111 130 72 145 246 177 -212 -188 85 -79 -24 189 -43 -224 17 -112 -16 43 -205 -195 37 165 -246 -132 190 -178 76 -28 -120 235 68 -96 -101 -170 132 -47 -109 150 -230 58 31 101 182 -41 -50 -158 86 -234 0 -94 243 210 77 -123 199 -139 -189 55 -248 191 1 -137 232 -237 183 -93 -144 147 2 42 233 119 59 -64 -57 238 -56 151 140 224 212 49 -244 -100 36 30 -211 241 -177 -225 -180 205 -155 -36 -233 207 138 -162 -54 220 248 3 112 -128 -219 187 106 4 -65 82 128 51 -115 158 108 -231 -124 192 -185 188 -6 -7 -74 -163 213 141 121 -216 91 223 -5 -167 194 -232 5 45 -10 -184 -90 242 48 50 8 26 34 -72 126 19 133 105 -98 7 142 -105 -99 200 173 236 -32 239 -23 -33 186 -116 218 102 13 -134 46 53 -203 208 -42 -127 61 -149 -210 168 -55 206 249 -61 96 -19 216 44 -46 -182 -58 -214 -238 -53 -91 -78 127 -113 -218 -136 40 -40 237 149 83 75 193 -27 -235 -30 88 -183 63 -129 135 -148 104 99 -70 -147 -103 161 -174 -199 -191 -104 -9 103 -86 -220 184 -247 136 64 -221 113 -208 -131 -140 -215 98 92 23 -130 -107 152 217 -67 225 -168 228 -83 33 153 -118 222 25 38 139 -229 -181 146 -146 214 -92 124 94 -22 -76 -165 -13 -80 163 169 245 -88 198 66 -240 80 134 -60 137 -84 -204 -21 -18 -207 -151 -69 -29 62 -156 170 -51 -77 69 -73 -160 -209 123 -59 -52 -45 95 -143 -15 231 -250 148 97 234 196 230 247 -239 11 -11 143 227 -37 116 -150 -1 167 -121 215 39 90 -20 -202 174 -200 110 10 -44 156 16 118 202 -39 18 -192 87 -31 219 32 -242 -25 -157 -95 115 -164 71 -63 -145 -125 -38 -87 129 -66 60 20 195 -249 175 181 -154 -26 67 81 -152 12 -3 172 155 -75 93 178 47 24 78 -17 201 171 -89 125 109 35 -102 226 -126 -108 100 -114 -197 -171 -117 144 180 -34 -176 -222 114 -194 -228 -227 -159 74 -173 -2 -198 -106 73 54 22 179 
TEST 28 ARG:34 51 -180 -154 -123 105 -132 159 -134 -25 74 -103 108 219 -22 106 -170 95 30 -213 -117 63 -141 118 -5 46 -85 -75 100 94 32 -76 -6 -155 -109 -110 151 127 -136 -112 -173 53 133 -81 -228 212 240 68 -35 -118 143 -198 41 -98 -216 59 -192 209 -86 -88 -209 142 -225 218 -78 98 -72 -32 70 16 -174 -129 -238 -212 -248 -52 -140 216 129 131 -53 122 -164 -119 65 152 -211 5 124 236 -97 -101 234 73 191 -204 -175 203 -221 -65 -205 -161 -220 29 -202 -44 -139 238 -28 -18 -214 80 162 187 4 165 -189 221 249 217 -58 -29 -153 -199 247 24 220 -240 -149 116 -148 121 164 228 -127 141 132 0 28 -233 207 2 -196 110 244 76 -181 246 -130 210 -197 9 38 248 -59 72 214 12 153 188 21 45 -151 107 -244 144 57 1 117 -184 -150 78 204 83 156 39 33 -82 -219 -218 139 149 -128 88 -223 -96 37 -207 -12 189 183 13 -143 -56 -144 18 90 237 147 208 -210 -182 -224 112 224 -16 155 -2 85 -125 194 -3 -229 -51 196 -77 175 -38 181 -246 160 -70 -188 17 114 26 -31 -9 -37 84 -104 67 -41 -226 123 205 14 125 190 -46 119 145 -79 -30 -4 -57 -208 44 -14 186 235 -19 52 137 157 -234 243 -186 81 -42 56 -73 15 173 61 -206 134 184 8 185 -36 -64 -194 -74 223 3 -95 150 126 -34 -121 77 60 -10 -169 -232 89 -21 -93 154 -83 180 -242 -203 -145 192 -92 -115 -7 -142 178 -201 182 -113 -133 239 27 -1 66 -158 -250 197 7 -105 -69 -15 42 135 211 -33 -87 82 161 -172 222 -71 163 242 -80 -48 166 102 -200 -243 86 20 -11 -60 -66 215 226 -89 -241 71 -120 -146 171 -135 -185 200 -171 167 -107 -227 199 -237 11 -50 -68 19 227 25 6 202 35 -99 -247 -187 -191 104 -17 -190 109 -222 115 -231 -23 -20 -176 -126 -236 -166 -137 -147 -108 -168 225 -8 -43 103 55 22 232 -179 36 -27 -67 91 172 -178 195 -61 -215 174 -13 130 120 -177 -157 -39 -193 177 75 -63 -47 231 -195 64 -235 179 -84 241 87 -26 96 213 128 47 -54 -45 -163 -165 -62 69 146 93 31 -122 -239 58 10 -159 -249 48 176 138 201 43 92 54 -94 99 -160 -138 23 -156 -102 -114 245 79 136 -245 -152 -111 -55 229 206 97 50 193 198 -106 -40 -162 148 -217 230 169 -124 -90 111 -100 62 -167 168 170 158 -116 -91 113 -49 -183 -230 -24 140 101 -131 40 49 233 
TEST 29 ARG:-168 -172 -213 155 30 -46 -12 -24 -37 91 111 -88 -158 8 11 60 -77 203 -68 -64 -229 -48 224 -84 160 25 148 -17 118 -182 -113 119 132 -138 175 3 -146 -82 -130 -29 -42 236 71 -185 -19 238 115 -80 -190 -154 32 -74 -143 -208 -21 -183 -4 163 83 -123 24 198 -52 -125 172 13 -136 141 -128 -22 146 -1 -140 63 117 -35 -198 246 51 -137 -186 -184 49 144 216 81 179 138 -206 123 68 -250 -228 -178 -93 -115 62 -27 -134 -118 212 -79 225 21 -106 37 34 153 -69 136 147 140 -216 -10 174 219 -223 181 -161 -34 151 161 237 -170 104 -225 -141 -191 -212 -16 86 125 124 -238 210 -44 -30 -57 73 -221 195 126 -129 192 -32 -242 -15 -122 -189 -99 247 -114 9 189 -199 127 235 -59 -203 -231 -236 230 201 -148 -116 -63 197 17 -177 76 38 206 -60 171 97 218 58 15 -174 -142 103 168 56 -110 -159 -86 -8 107 70 1 158 26 217 173 57 -89 6 -78 67 -100 134 -132 -62 20 228 46 -204 82 -224 -108 -49 7 232 -107 -249 -105 -61 -188 186 -71 50 -65 -9 -43 122 -156 199 -181 78 -235 -145 77 -152 -98 -2 36 -245 -155 -151 145 -175 -247 44 108 139 43 5 182 -102 128 -219 100 89 226 39 215 -162 176 178 -23 -3 135 227 -50 90 162 242 -232 40 64 157 -103 92 99 130 69 133 -209 239 159 -6 -104 200 93 23 156 -187 33 194 -14 -243 -197 -45 -5 -7 -200 98 -67 95 48 -121 248 -165 0 -20 41 96 220 -11 -70 169 -75 -195 -237 231 -26 27 -179 -227 -149 -135 229 -246 -13 -248 177 188 -144 -164 -215 112 85 55 249 -54 -153 16 193 19 -112 -28 4 -41 209 -91 -210 87 -220 -111 -211 45 -147 -117 -76 -47 80 -241 -51 35 -214 -126 -196 -244 165 94 66 106 -33 105 -56 -25 -201 -180 214 185 137 -101 74 223 191 167 202 72 131 120 -120 18 211 -205 -239 -127 59 101 88 -202 114 -39 -173 196 142 207 -150 52 245 -226 -96 53 65 243 110 -234 75 -139 150 -222 241 -176 54 -207 -53 149 -87 12 170 -163 205 -94 -218 -18 183 -167 222 42 204 -217 -40 -73 -66 -160 -85 10 121 -97 31 -169 47 166 -81 29 -192 -90 164 152 180 -193 109 129 208 28 61 2 -157 234 -233 -38 -58 -36 -31 -109 -72 -92 -240 187 14 22 -83 -119 102 116 244 84 -171 143 -230 154 -133 -124 190 221 -95 -166 213 -194 233 113 240 184 -55 -131 79 
TEST 30 ARG:187 65 -41 107 -92 -238 95 180 -9 35 -244 137 16 -57 -172 7 62 243 33 -110 -111 125 -145 75 -60 -161 135 -159 128 -177 57 -25 82 154 68 -187 191 164 -29 -197 201 -16 -249 206 162 130 165 51 41 -144 193 -181 -225 -62 -189 -18 -223 -232 174 -20 74 186 156 -235 -33 -22 106 20 -221 -43 212 90 133 167 -24 118 -155 -106 81 210 97 -26 -5 -53 -95 -157 -83 237 -34 25 88 -104 -142 -30 -127 -148 -246 49 60 11 -233 -229 -97 197 126 32 -168 -164 -47 -54 230 71 89 108 117 -100 121 175 -71 183 -115 221 93 214 -78 196 195 -169 -210 -79 -226 -179 54 48 -52 172 -240 -211 -101 190 203 -21 182 -45 208 217 -39 -44 241 -248 220 -15 150 -90 129 -3 10 -46 -81 -137 192 -231 78 44 -160 59 19 -138 143 96 249 124 6 -89 -117 -185 58 -171 2 -154 -192 -63 112 -73 100 120 -193 169 -31 12 -222 194 248 -23 204 36 -123 -198 -85 -75 -105 -178 -114 -68 21 -119 -96 -135 45 61 -99 -56 149 87 228 -162 239 -19 -180 -176 213 -13 -10 -147 -129 4 -182 229 147 -118 22 188 -87 76 83 -247 161 232 171 92 146 209 -7 -236 -65 -199 227 -204 80 -48 231 -196 -243 -17 46 246 153 205 29 244 85 -64 179 155 102 -241 141 55 122 -42 -51 -163 178 166 236 163 24 9 -8 -35 -239 17 152 -4 -216 131 98 -237 224 -150 -230 -173 -245 115 170 116 247 -98 -102 13 -84 -156 132 -250 -152 189 -170 50 40 -186 26 -224 -74 211 159 -151 -28 -128 139 73 218 -206 -214 -188 5 -1 52 -140 216 18 -122 222 -125 -149 28 -14 127 -107 119 -195 77 223 63 -215 -6 64 -165 -133 -130 110 -27 70 -184 -219 -200 0 -220 -167 104 -38 84 -94 34 198 -93 -32 226 138 8 -134 -139 -12 109 -50 -141 -203 72 -40 145 -212 -55 -36 103 -153 47 181 69 157 215 -76 -88 113 140 158 123 -69 23 225 -146 -218 79 42 144 99 -72 111 101 148 -77 -126 -143 185 200 14 -191 176 202 3 -132 94 -86 -207 -113 -59 91 234 -70 -208 -120 -213 53 219 177 235 -109 207 1 39 160 -82 -158 134 -202 56 -37 -166 -61 -116 -58 173 245 105 -91 184 15 -2 -49 168 -108 31 -66 30 -228 -112 37 -194 -11 -121 -205 -174 -124 -183 66 -201 -80 -175 -227 199 142 242 -190 -103 -136 -217 -131 38 114 -234 136 240 233 238 86 27 151 43 67 -67 -242 -209 
TEST 31 ARG:-240 -229 231 -12 93 125 -143 175 245 74 212 -21 -232 169 40 114 -112 69 -206 -210 -68 147 165 240 236 -152 -216 -121 -178 239 136 -160 83 -165 143 -49 -10 207 205 12 -33 -159 -47 -78 -102 -72 -208 130 8 191 -53 -93 -61 -193 176 229 2 -203 209 246 238 -154 -2 224 161 -173 -57 -249 -31 178 -134 -176 101 -20 152 -188 41 90 192 23 68 -207 -211 -28 126 66 -190 -7 227 -189 211 48 31 26 -24 -220 118 194 91 -82 -90 156 197 -195 242 36 145 -236 -11 -187 213 -35 -54 82 -219 5 -52 221 -106 7 163 198 106 -153 -118 233 88 -161 -170 -85 44 -158 -248 -184 -182 -84 195 181 223 -135 -107 4 -9 188 -64 -201 204 63 -94 -204 128 -116 149 -77 84 129 13 -241 -103 60 1 -230 237 81 116 29 135 148 -142 -58 -32 154 -109 -124 -3 -147 199 244 -13 0 -209 -60 142 -46 -233 -246 -133 190 -105 -218 153 -44 -174 -175 9 -212 216 89 -76 -42 47 -222 22 117 38 87 -215 -192 -168 -186 -92 -48 107 127 -166 53 -71 -202 -247 97 46 -87 20 49 -151 121 -148 187 -4 -120 228 -115 14 -63 -164 -205 -200 167 208 94 -80 -172 18 206 24 79 168 -227 100 10 -38 141 -70 -225 146 -140 140 -6 162 -19 -119 -136 225 -96 232 56 -179 -185 177 -34 193 235 -125 -88 96 -99 -162 -149 42 214 -199 151 73 19 -231 -243 249 -67 -17 -144 104 119 241 -113 75 203 -237 -157 17 45 -138 -122 230 -111 -169 173 186 51 183 11 6 -39 -41 -150 -181 -245 144 174 -59 39 -55 28 -30 -238 -224 -14 -131 180 67 -104 124 -194 -128 -239 -123 157 155 -73 -5 -75 15 215 -95 62 -221 21 -15 -114 16 61 123 110 65 -22 95 -18 132 -86 -130 220 -127 -91 -101 -146 64 32 -56 158 -226 37 159 196 217 108 150 85 201 102 -250 -137 -213 -141 50 -110 226 52 -242 -23 170 -40 -51 34 179 171 131 -198 112 -155 133 -45 30 -117 248 -65 -83 92 -177 122 -37 25 -74 -79 134 -167 113 54 160 -191 99 -50 -223 -197 218 105 -180 -196 -43 35 77 166 -171 59 -183 -27 72 33 109 -69 103 -156 185 -126 -234 120 -8 -16 189 43 -29 -36 210 76 200 247 138 -1 -62 3 98 58 -100 -89 -98 -214 78 172 -163 -129 -217 -97 -25 -235 137 234 182 -66 115 219 55 -139 -81 -145 -26 71 -244 27 86 202 184 243 111 80 -132 164 70 222 57 139 -228 -108 
TEST 32 ARG:-66 -13 2 -208 -5 214 29 -113 -95 -224 -115 108 117 -16 96 171 189 -159 -237 -191 65 -153 -130 -88 -231 136 94 -125 82 -142 21 201 19 -229 57 -165 88 -158 -63 97 -170 93 -49 -35 20 -7 -78 -53 -149 -219 186 47 -195 5 -6 248 211 134 42 -184 129 64 -201 137 77 -139 209 -169 18 -123 -244 -175 10 169 105 14 -131 31 -186 192 126 32 72 45 43 -114 235 11 -70 56 205 -97 -146 111 180 -54 100 -82 157 66 -190 226 -228 -193 -74 -106 231 202 -204 -67 24 -174 -152 -172 -136 -69 -180 238 -15 -117 -122 -112 193 165 -205 233 101 187 167 -31 206 78 236 98 -79 204 4 -141 -135 -83 -189 -22 -132 -163 59 -29 -76 -164 115 127 27 53 -108 -147 -210 -230 181 176 194 25 89 -243 33 -215 9 -84 -128 99 23 149 174 -118 83 -181 -239 -105 217 16 218 69 -196 79 -46 -8 -242 -217 162 -221 15 227 119 44 -207 -39 151 -226 -93 118 -110 182 247 -206 212 -212 -177 -42 -183 95 -116 60 -157 -155 158 -59 -238 -12 -100 -176 245 109 133 116 237 147 7 55 -241 208 243 -34 0 40 196 -111 -1 -227 -90 -133 224 80 240 -225 71 -126 -94 107 -75 142 26 -166 90 -48 -233 38 -65 -168 234 -143 -26 -41 215 -80 -23 76 91 152 49 -81 173 -179 -197 -235 -98 113 -236 177 128 172 51 61 191 62 17 -213 39 -17 70 -134 -202 -234 164 213 28 87 138 249 185 230 -194 -150 -178 -216 200 -245 -249 -37 -71 199 -137 -47 168 -86 -161 155 67 -11 -4 225 -20 -199 154 -27 -58 -154 -32 139 -77 -62 75 35 -19 -171 114 81 -247 144 -25 135 163 -198 -248 -144 -145 -68 -36 197 -103 203 -220 120 161 198 216 -51 84 -250 145 170 -246 -120 131 -200 30 -211 -18 -3 22 242 -107 37 143 -167 140 -64 41 -38 -72 184 -91 239 228 -140 6 -57 -182 -14 12 52 -61 -2 175 -232 -28 50 -50 222 13 -55 -89 -127 166 -92 221 103 220 -73 8 -85 -56 -9 183 207 156 -185 -160 92 232 106 -151 121 104 132 195 -10 73 246 -209 188 -96 -148 -188 178 -240 -187 123 -203 34 -40 160 3 130 179 -24 -138 -21 102 122 -223 150 -30 -192 1 86 153 219 74 241 124 244 -173 229 85 -124 159 141 48 -119 63 -60 -33 54 110 146 -99 -214 -52 -104 190 148 -156 68 -109 -43 -129 210 -44 36 -102 -121 -101 46 -218 112 125 -162 58 -87 223 -45 -222 
TEST 33 ARG:182 -16 136 -184 156 231 44 -174 215 -202 19 23 -176 -173 6 -222 109 -91 86 225 240 148 -122 -17 -44 -90 27 -169 210 76 -234 -199 -219 71 -56 -213 120 37 117 -226 -133 160 -203 205 164 122 87 141 -141 22 -87 -49 -243 54 16 189 129 34 36 9 143 -37 90 -39 -76 217 65 -179 -42 -97 74 105 247 -159 140 -99 -55 -33 68 -244 -30 212 -7 131 -138 49 -124 -85 50 218 38 -128 203 165 103 -113 -250 -66 115 -242 -31 -98 -83 -153 128 110 21 179 114 10 139 -89 91 157 -144 232 195 -86 67 237 -50 1 -195 -103 -192 -233 0 -227 -71 111 155 7 60 -125 -210 -143 3 -27 175 -248 -58 89 -189 95 226 -191 57 -73 -218 -231 246 -221 59 -163 -187 -140 -185 42 -139 213 228 -94 135 201 -95 -235 -2 -217 17 -23 -61 176 194 242 -232 204 147 -245 -111 -123 -81 82 -249 24 197 -175 198 123 -21 149 192 -182 243 -106 125 35 -151 81 98 -41 126 -75 -119 14 229 -164 234 18 -149 26 -178 -158 -13 5 163 84 -26 188 72 -194 -8 174 -134 137 88 61 236 -3 79 223 -161 -131 241 121 -116 -29 -240 170 -40 75 -188 -84 171 -6 -53 244 230 -136 -229 -129 -215 -70 -100 220 191 -206 -20 -47 178 41 -54 -246 -241 -93 29 -201 85 132 168 -196 219 -67 -121 161 -237 64 144 11 83 145 12 78 133 153 -1 -108 177 207 69 -74 239 -152 31 96 -165 -137 146 159 -19 -102 -157 214 -32 -114 30 -183 238 -25 -79 249 -14 47 -236 -127 15 -198 162 224 -69 -43 193 80 -72 -130 -62 190 235 208 227 124 -78 -46 -15 73 -181 -36 -110 -148 -209 173 -65 101 -180 206 -120 -10 -135 93 -172 52 209 -190 -155 245 45 -118 -208 2 -220 -22 -154 248 -168 151 -12 8 -247 138 -64 -230 106 -166 -205 97 134 -59 150 221 -77 63 -228 -107 -88 -225 77 -204 -156 -146 28 32 -9 -147 -197 112 -52 154 -216 -145 183 -170 62 -101 100 -177 -68 -142 70 13 -34 -60 -18 -80 -104 20 -4 211 58 -112 180 -51 66 -35 46 -162 -171 167 216 -109 -200 -207 116 152 -212 -82 55 48 -45 25 -115 39 233 142 -132 169 -126 184 51 -193 -11 222 -92 -150 92 -48 185 181 4 202 -160 -214 94 -211 -117 -167 -24 -38 127 33 186 108 107 99 130 -186 53 118 199 -238 -5 -239 -223 -57 158 -28 -105 43 187 196 119 113 -63 166 56 200 104 102 -96 172 40 -224 
TEST 34 ARG:-250 -114 -112 -247 168 -44 -233 -235 240 84 162 51 -133 -27 193 73 187 -126 177 -4 174 229 232 -144 1 -166 -249 230 -236 206 50 -228 -135 -70 122 -159 -8 34 96 -163 107 -193 42 194 -187 148 -232 -86 -241 111 48 224 39 165 -137 33 52 85 32 -150 169 -145 190 -190 116 29 2 -151 218 -90 -117 -56 -222 184 76 -50 -175 0 141 126 -40 197 235 82 -171 138 -209 -115 172 -226 -221 159 119 -84 209 19 231 -47 -33 -66 -65 -157 11 78 114 -198 150 -53 60 -197 -218 -118 171 163 131 176 -24 -210 9 -68 -176 -217 -243 -181 -32 144 77 -174 -107 -36 -195 127 199 -167 -17 -20 20 -64 -152 -100 36 167 46 -43 -96 80 -184 -196 13 -216 -177 49 -223 145 81 245 97 133 -168 -156 198 200 -12 155 -189 -182 -200 154 15 137 180 -214 -39 -71 12 212 178 -98 -155 248 143 -103 -211 -130 214 56 -67 -242 -7 -147 -183 -18 -165 239 38 -52 115 182 -199 21 223 -224 228 88 220 237 37 -173 221 156 -123 -148 192 89 64 -51 -42 47 -106 -34 124 -38 45 -207 -125 43 -164 -113 -122 6 243 -158 -230 233 -55 -191 -3 26 -60 217 -2 234 244 103 -26 185 -219 -13 -142 83 157 -1 67 146 -31 -35 -129 242 -245 -154 247 118 -102 -169 196 -95 125 188 -99 117 -206 -239 108 53 -82 102 183 -192 149 -29 -132 152 -72 -109 -85 41 -63 54 55 -57 23 -203 -180 -83 8 -89 -225 181 -30 -111 72 -62 -69 -9 -58 106 -227 175 -172 7 -138 -153 112 14 -194 -105 213 121 -220 -134 -139 164 208 225 -48 104 -246 3 -80 57 -234 -146 30 -14 173 87 -74 203 134 28 -119 210 249 -116 166 18 59 44 91 -127 68 -73 202 113 158 195 -238 -59 -121 207 75 -212 -25 -87 -141 -15 110 -22 128 70 -124 -240 98 204 238 10 179 4 123 -237 -101 -248 -81 -202 109 24 -186 58 99 94 -108 -79 -78 22 25 62 -37 -205 186 -128 61 86 -11 -229 93 35 219 -136 -208 205 -162 -110 161 227 -131 74 95 160 170 -16 -161 -23 -143 153 139 -120 211 -46 92 -54 90 132 69 16 -41 222 66 -185 65 189 40 -5 -97 246 31 79 -75 -92 71 130 -93 241 -28 151 -94 101 142 -77 -201 100 17 5 -104 191 -21 147 236 -213 -88 -10 -244 -6 -231 -61 216 -91 136 -45 63 120 -160 129 201 27 -76 -188 215 -170 -179 -178 140 226 105 -215 -140 135 -149 -19 -204 -49 
TEST 35 ARG:-24 89 181 -192 -249 165 -168 -37 -83 129 -71 16 236 71 173 -239 17 228 -197 -17 91 -59 -84 200 -123 178 76 204 183 -157 -101 208 88 -97 -161 -234 -242 -50 -137 -159 -72 -208 -200 -193 30 32 219 -16 234 146 143 -22 223 224 -148 194 230 -121 43 147 -143 -156 63 -160 -170 120 -6 -53 188 -74 -78 -23 203 0 55 149 -111 -113 -243 53 -96 130 -164 -173 -62 -182 -146 122 -67 -28 243 -240 106 161 -155 -100 87 28 222 128 -238 6 -246 92 -153 -203 -138 -229 -188 -158 116 -20 -220 41 -94 12 99 66 167 13 -89 206 -119 168 80 123 -125 78 115 -154 -222 -38 61 -230 -31 -244 -132 177 -149 -124 64 189 139 -128 153 48 198 160 -2 192 157 249 180 207 155 -219 -40 -175 -139 -171 -223 52 49 102 133 241 172 -141 -232 68 -181 -210 -180 -86 -91 -135 152 -15 -82 -127 233 -75 -19 -140 67 -47 29 73 225 -57 176 -214 -183 107 242 164 -8 -235 50 232 -185 162 221 38 -165 -95 -66 7 -33 140 -126 33 -233 24 -44 62 -54 -248 -112 -103 37 240 193 -55 -4 85 -60 114 166 214 46 182 186 226 18 135 -201 -150 227 -9 -166 125 -191 65 108 47 100 -92 -202 -217 23 -205 72 -241 248 5 145 218 -145 -30 59 -43 -212 -231 144 -48 -131 -41 -176 163 -108 -42 25 -209 15 -26 190 -88 98 202 -196 75 -10 -194 -190 -36 -204 137 -130 -250 216 -93 -79 132 -120 101 -3 141 69 -14 210 22 -35 239 -237 158 -163 1 -45 -187 171 74 111 -227 21 -225 170 237 -7 212 79 57 105 -178 19 44 -122 -87 118 60 -73 54 -142 -189 -245 127 -39 56 93 117 70 -99 -90 -27 51 4 179 148 -136 150 -134 -167 235 185 84 3 -114 -215 -206 220 159 -211 -198 -21 10 -64 -80 94 121 82 -152 -34 -49 205 -218 90 231 201 -12 197 20 -177 -144 40 14 -147 -69 -63 126 -151 -70 -224 -228 103 -98 -107 151 134 8 187 2 -56 174 -169 95 142 86 213 109 244 131 -1 -199 110 -216 -162 -25 34 124 -110 -226 -13 217 -118 -109 -179 83 -129 -68 -58 42 119 -102 229 154 -11 35 175 -32 -52 -61 9 191 -104 -133 36 -186 -65 -106 -221 -213 58 246 -85 -172 245 195 -77 -184 -105 104 -46 27 113 -51 -5 238 -236 169 247 211 138 209 -29 -247 -18 97 -207 31 184 112 156 39 -81 81 -76 215 11 -117 96 26 45 199 77 -116 -115 -195 196 -174 136 
TEST 36 ARG:61 143 -246 -162 -213 -182 -27 -200 164 -62 -194 114 32 11 -146 33 -174 194 -115 -179 -54 -249 -119 171 -204 -66 -105 -69 27 -116 -210 87 -222 -223 29 -19 147 212 120 115 -231 133 126 221 -96 -140 -71 -196 199 -81 -212 -14 -163 -102 -180 -248 -159 -117 235 156 216 205 -87 43 172 -7 -207 -53 240 -38 -201 -141 145 -86 -1 -167 -191 -240 -121 34 -60 25 -244 -132 77 174 202 -6 121 41 15 -74 153 107 224 -100 -114 175 -170 -232 -171 206 46 -135 80 54 104 -145 150 131 -169 26 134 -47 -130 -185 -93 86 -108 -107 -12 -94 -70 246 140 -59 160 -122 -34 -124 203 -241 -233 -228 -199 112 -109 -134 40 -131 1 229 -72 105 233 -125 -26 -157 189 167 85 -178 -9 16 -173 -90 -17 186 139 183 -206 -39 -30 149 173 -172 -247 101 -3 -42 -227 -101 -202 237 65 241 -77 209 -242 -76 -156 124 161 38 236 20 -10 -36 -203 -112 78 168 -73 67 -25 181 -234 -44 -150 137 37 -49 231 57 82 6 223 146 249 157 179 -103 -184 -20 -197 -161 -175 129 -187 76 -138 -148 62 63 64 -215 222 -123 151 -160 52 -226 228 238 110 128 159 -165 176 91 -61 119 22 -188 92 -43 -98 191 -113 158 -153 84 118 163 109 -143 -28 187 198 195 103 56 -97 42 71 -88 83 -208 88 215 72 -158 180 -193 -245 -24 155 17 -236 48 -186 -31 226 35 -211 -155 -164 -205 -152 234 182 -137 -16 -154 10 73 -220 -84 177 -147 185 -217 47 -41 -183 -144 136 45 -51 204 -136 44 122 154 -181 69 96 21 50 178 24 -110 -2 -216 -142 -67 207 -63 227 -118 116 -4 243 248 -127 170 247 148 -21 123 100 -151 -68 -29 210 2 -75 -104 -133 190 -224 217 -238 -57 -15 98 196 -83 201 -40 -129 89 -218 106 130 70 169 -52 -139 192 -229 66 166 -13 -177 108 -55 -168 97 -190 30 51 -126 -209 94 8 -64 184 74 -37 -23 -214 28 102 -219 7 99 81 239 230 193 19 -79 211 117 141 -78 0 -48 93 -189 55 132 245 -176 -85 36 -56 138 162 -198 -192 90 58 208 53 213 -239 152 144 79 -89 -166 3 214 188 49 -243 -221 -91 -46 -235 -35 -80 111 -99 125 165 244 135 -82 -11 200 31 -128 -111 127 14 242 -58 -149 -225 18 59 218 -230 -18 219 220 113 -92 -65 -45 39 -250 -8 -120 95 -5 232 4 5 -33 -50 -237 -106 60 23 225 13 -95 142 68 -195 75 12 9 -22 -32 197 
TEST 37 ARG:12 -144 40 218 -151 72 249 -146 -52 -116 -166 248 65 31 112 220 -194 173 -140 -26 -165 16 152 -135 -117 -122 -14 -4 37 -209 -33 76 -211 245 -239 183 198 -85 -183 -177 -13 -193 -35 200 -110 -91 111 47 -48 -56 230 1 -32 -17 -126 -118 53 -39 17 164 -208 -16 -176 188 29 106 98 -55 -220 -34 139 -90 -241 -42 148 227 153 0 127 -43 -102 114 -96 -149 -67 -49 233 213 168 203 -6 236 247 -150 -84 -1 94 81 51 -190 234 -197 -133 -23 -152 162 48 -234 19 -68 172 -204 163 206 -12 -112 226 -20 187 175 104 212 136 -216 -46 -200 -161 122 -31 157 132 145 228 143 113 66 123 83 -103 -130 103 -106 -215 -249 -15 115 -136 -243 -218 -29 149 201 -160 195 -181 -231 194 95 210 87 -246 -223 20 59 -75 237 156 167 -70 -94 -210 8 -206 -93 215 -159 110 -244 -83 -245 170 101 -179 165 -248 34 -145 -41 -213 63 -184 -18 45 -188 -247 190 -143 -114 -44 -173 211 27 166 221 23 21 71 121 -155 105 -53 89 25 -89 -129 92 205 36 44 -10 120 -192 -237 -236 240 -134 5 80 67 -232 158 -51 231 -36 10 82 159 -178 -79 -108 -214 -27 193 -98 -158 192 15 102 214 -235 -105 -205 14 70 -147 -162 13 -7 26 -92 30 207 -187 -50 -61 -202 -171 56 243 -9 169 -59 -186 130 -113 109 -99 197 -81 100 -221 84 -40 35 138 199 -47 154 178 -167 126 -60 -22 -163 -189 -153 216 137 50 -225 -191 -199 -121 -77 238 -74 -86 -2 -141 219 96 140 174 97 -131 60 -240 -127 78 124 -66 223 -201 -45 22 -164 -238 39 186 151 55 232 -242 -123 -142 -154 41 46 77 160 108 -58 -73 129 -38 189 -101 -172 184 6 179 -82 -250 -5 -64 -3 -227 133 38 33 -233 2 -198 -217 244 150 -88 -78 235 -80 202 -71 161 209 222 3 4 7 229 61 125 -28 -115 171 -180 64 119 -170 9 180 79 -97 -230 18 204 -138 -156 117 -119 -63 -222 -124 -100 144 -24 155 93 128 -37 49 -109 -139 57 11 224 196 -72 86 142 116 32 -169 -137 177 -95 -21 69 28 246 -212 -224 241 -11 90 -76 -120 -185 -65 191 -228 91 185 131 -203 -107 -128 -69 -87 208 147 -8 182 52 118 -125 176 58 -25 24 -168 -111 43 -219 74 239 -175 -148 -19 146 -207 -226 134 -30 99 88 42 -196 181 -57 73 -104 242 -182 62 85 -54 225 217 -174 -132 -195 135 141 54 -157 -62 107 75 68 -229 
TEST 38 ARG:-170 205 -7 18 162 102 104 -23 76 -67 -21 138 41 106 -212 -101 -229 -187 155 68 158 141 149 245 79 -145 170 -235 192 154 -9 -126 40 -106 219 58 -120 -183 82 216 -41 246 66 11 62 114 43 8 -32 131 34 211 157 184 204 235 -130 119 -135 121 -213 28 61 -149 202 177 6 -80 -158 -139 212 25 -152 -224 -174 -211 161 -84 -121 -4 -246 83 -197 -115 -181 108 78 52 -156 109 228 -12 5 -34 150 233 16 -35 15 -124 -26 93 -14 203 -31 67 -55 100 190 -167 -50 103 64 189 193 146 -173 183 -86 -73 -151 -243 -192 247 -203 -226 227 -193 -74 -40 -131 -205 20 -75 46 105 110 232 -81 -11 -102 221 -116 89 -27 -186 -247 200 132 230 231 -204 -249 -58 166 239 198 86 -20 -53 160 -33 26 -19 112 95 -239 151 173 -175 50 39 80 -2 -44 242 -177 -17 -111 123 243 -172 137 133 -147 -161 88 23 51 98 207 220 163 209 -42 -231 -218 -129 -99 -215 -154 -188 -146 113 -112 -49 0 -39 107 -210 115 206 148 -206 -109 -169 -180 237 241 -108 -240 -69 -13 196 -16 54 91 127 -18 -93 234 -223 -118 -65 -94 19 24 35 63 178 -216 71 77 -107 -123 224 -134 197 -198 185 168 -97 42 84 164 -157 217 -242 -82 208 33 -208 -150 -128 32 145 -138 188 223 -92 -100 -110 -214 53 222 -189 180 -132 -105 17 -185 70 -95 117 -164 60 9 225 -241 101 147 -59 -162 181 240 -22 -57 -90 128 -140 -199 175 -103 -96 194 -148 -159 7 -15 -83 31 -28 -182 -46 -25 -179 -153 10 -79 -78 -191 249 -76 -209 45 -24 135 21 176 -117 -141 48 -1 -6 153 -89 -64 59 -85 56 81 144 152 -113 -104 29 118 -225 87 186 -228 -221 47 -88 -171 -5 -30 182 30 122 136 -91 199 -70 69 -217 169 -122 -196 57 -163 90 172 -37 72 -155 -250 215 236 37 13 -201 238 14 -237 -127 -10 -60 49 229 -168 85 -142 94 -56 38 -219 218 -8 -61 -178 187 -136 143 75 74 -194 -230 -45 -71 -166 -144 -195 -160 116 -72 -43 -238 73 -77 -184 2 -222 -227 -244 -36 4 191 214 226 -245 -236 167 -38 55 130 -202 210 97 -143 65 -234 156 165 92 -207 -137 44 -98 -52 -200 -220 179 -190 -62 99 -47 140 -233 -114 1 -54 195 244 124 201 -232 213 -87 96 36 -248 -125 22 12 126 139 248 129 -51 -119 120 142 125 27 -133 -68 134 -48 -165 -3 -66 171 174 159 3 -29 -63 -176 111 
TEST 39 ARG:121 23 -72 -164 2 -13 -190 205 -134 -221 -27 196 -176 -204 -78 -39 -113 213 -11 223 -2 -35 170 -82 181 160 -48 91 217 147 37 231 -179 -230 207 -87 96 72 -177 -249 242 -174 -73 150 -227 -206 75 244 -97 -245 -45 28 -80 -66 43 -157 -146 154 -106 232 174 -141 -37 -46 -5 -185 -172 239 -203 -199 171 -223 -147 -40 -98 93 119 30 98 110 -127 236 76 -150 229 -142 145 27 70 162 0 130 18 82 17 88 -186 -165 127 168 172 -36 148 -81 38 -51 184 -86 -102 -44 5 -234 -143 -83 24 40 -226 219 -16 95 198 -197 60 -144 -18 -193 -159 -138 -52 -34 22 -246 -120 -214 235 89 59 -94 -6 157 39 146 -125 -194 -76 169 -132 163 155 -220 125 164 -101 -88 -178 51 -207 58 141 -239 137 3 83 -54 80 -7 -57 4 -205 -104 212 -158 -237 129 -136 66 73 -58 158 -139 -211 190 186 224 194 241 167 -126 106 64 7 -25 34 -184 240 14 -103 177 -9 192 -133 67 74 -128 116 -19 -110 -1 105 -111 227 -84 226 -63 86 -30 -14 123 57 -242 -93 -70 101 -118 -129 12 -243 -15 46 47 142 -91 -171 189 -163 -75 -99 -219 197 -119 199 183 161 114 -201 -17 -240 -196 1 -55 -71 -61 65 115 -195 42 218 134 -131 55 -12 204 191 247 -135 200 193 -216 -28 -107 220 138 -26 -217 -105 -90 41 36 -42 -188 222 109 -182 -231 49 131 21 -187 133 246 228 92 31 -96 237 -155 -4 -116 99 -244 182 209 35 44 248 104 -149 243 -115 -218 -228 126 -248 25 -238 -56 -65 -189 -79 203 -198 151 -183 -74 206 71 77 78 -69 -10 -68 173 -200 230 -60 132 -151 68 124 69 136 -229 185 100 53 166 -162 210 215 225 -124 -29 -170 -8 245 143 63 -236 -95 56 -247 180 15 -145 97 48 221 -53 -23 20 -215 165 61 81 -181 -180 -123 159 111 102 -109 -173 176 107 29 -100 87 201 -85 140 175 -202 -153 -31 -233 -112 -154 -64 -130 139 122 -22 9 120 112 -152 178 19 -38 32 -21 118 62 113 202 195 10 -167 50 -77 188 -108 149 -47 -121 -92 16 211 -160 -192 128 -241 -41 6 33 52 -168 94 -213 152 -24 -235 79 -20 208 90 153 -50 -169 233 -137 -191 -166 -222 -209 234 54 249 -33 -62 -212 103 -140 -224 -49 187 85 -225 108 135 -161 -89 -250 -175 26 -232 -156 11 13 144 -59 -67 -3 117 -117 84 -148 156 -210 8 -32 214 179 -122 216 238 -114 -208 -43 45 
TEST 40 ARG:-41 -119 5 182 23 -167 130 24 145 9 150 106 -148 75 181 -189 -96 137 -230 189 -166 29 22 48 -194 54 -196 -177 235 97 -84 209 111 -181 -98 -206 72 32 -80 -193 -97 123 178 -2 93 124 159 46 197 -6 220 132 225 -237 -234 83 141 195 155 -228 201 240 -91 99 0 98 173 -161 66 188 134 1 -79 -201 115 37 -9 164 -108 -246 -171 -222 -109 27 -209 -129 149 -238 13 -188 -47 16 -208 152 -57 179 -212 169 56 -185 35 73 236 -101 31 -217 79 153 229 -29 183 -145 121 55 76 190 60 165 -72 117 -54 144 -71 -70 -48 96 -110 -226 -15 -120 -205 -191 -144 -225 249 -65 44 243 -74 -56 67 223 120 -157 -210 95 -82 -26 87 156 113 -17 104 -213 -172 -240 -34 166 242 125 -1 -220 -22 -224 -111 -55 139 217 63 -45 -12 216 -118 -180 -63 41 25 237 91 180 86 -149 3 158 -219 174 244 228 206 -190 -235 -168 232 -163 -61 -164 89 101 -60 247 -69 248 -187 -38 -143 143 205 211 118 187 -243 65 -152 -173 116 -160 -127 -169 -35 218 14 -86 -121 -20 146 33 2 -232 -207 -223 -183 -68 82 -186 69 202 -24 17 221 11 57 -85 -31 70 -214 10 12 142 -142 103 203 219 114 -53 -203 -73 61 119 233 -103 71 -170 90 15 -99 -216 -114 8 161 -112 -102 62 -197 -75 45 -179 198 207 -37 47 -19 100 -132 -5 -113 -16 -27 208 -117 -89 230 -105 162 -239 -116 6 112 127 151 53 7 176 177 -147 234 -4 -62 -87 4 18 -174 147 -76 -42 -124 -184 168 -242 226 38 -245 36 -94 246 52 157 43 -221 131 -10 -136 94 160 -155 -250 186 -77 -175 -123 241 -134 81 39 107 49 129 -153 -159 163 -66 21 -36 -199 167 -158 -126 196 -131 59 -137 26 -140 -40 213 -215 34 -122 -107 -43 68 50 -162 -64 -146 -244 148 -44 126 -18 64 191 222 184 -83 109 214 192 -241 -141 245 77 -52 204 -135 154 -8 108 -92 -11 193 210 -150 215 -247 212 -90 -104 42 -13 -165 78 -14 -195 -218 -21 -192 -229 -249 136 -23 -7 -204 128 -231 -233 -128 -138 194 -25 110 122 -95 40 102 -130 -139 -248 -28 200 175 -50 -211 51 19 -49 88 -202 -58 227 -100 224 84 -32 -46 -198 172 -78 -125 -154 -39 28 -182 133 -59 199 85 170 185 171 -176 239 231 -156 138 -227 -33 20 -133 -115 58 -106 -151 140 -30 -236 -93 -200 74 -178 105 30 -67 -3 -81 80 -51 135 92 238 -88 
TEST 41 ARG:-78 154 -147 224 -76 -14 -12 -68 68 22 116 138 -35 -186 21 27 -7 7 -102 232 147 -36 -192 201 229 -220 -180 -55 -31 -212 167 -235 -42 26 -215 134 58 195 -38 -9 -199 -194 110 79 -29 -25 -13 -226 214 148 -182 -10 -211 -56 1 249 183 162 -108 114 102 -173 -57 -161 10 -88 2 -122 -69 52 -204 185 -221 90 -171 115 226 96 24 -53 209 -6 -241 -79 -51 77 89 -188 -165 -245 -160 202 108 -119 17 -32 184 -22 142 234 207 30 -61 -52 -238 50 -4 -63 101 -58 -205 -202 -172 -159 -92 -246 -191 -143 194 80 -243 73 212 42 -176 83 199 41 -2 130 -137 -62 -146 -127 107 -37 179 -237 -120 203 190 9 11 -46 -48 -234 -223 245 -224 88 12 20 178 239 211 -213 -170 231 -40 -89 -110 -232 3 -174 -169 82 92 237 47 -131 -107 94 -248 84 95 59 -104 -154 -5 29 -114 -208 -183 63 -166 35 45 55 61 -198 -130 -27 -86 -201 -93 -150 -44 -168 -3 197 243 221 -244 -167 -49 8 172 125 -242 -101 -196 -81 151 -95 -132 -139 163 160 208 -26 -229 174 -117 6 126 -71 -225 -59 -151 -23 137 -158 -187 -47 -83 39 -231 139 192 240 -124 -50 149 -16 -164 158 -239 -118 165 -134 -87 36 135 -128 48 -149 -162 176 189 -142 -24 -28 233 230 164 122 168 -96 175 -200 210 228 213 216 146 170 33 -135 -113 121 -100 -80 236 -39 242 99 117 -72 141 227 -106 -126 161 -218 140 -33 -8 182 -189 0 18 223 -206 -133 -19 28 196 -140 118 104 200 -184 206 -109 -153 -21 -214 -144 166 235 -222 -233 -111 -105 -54 43 143 123 157 -240 215 -1 -209 76 69 53 180 129 111 144 74 -193 -228 -103 85 13 91 -155 98 145 220 -175 -115 247 -195 124 -185 109 248 205 15 186 128 177 -77 -91 -125 204 171 241 150 112 188 -230 56 -141 -148 19 181 81 -177 -17 -157 -123 -249 -210 -216 153 31 198 23 -41 169 -90 -138 -43 25 86 132 4 106 -66 100 -65 -73 -190 -67 105 93 62 38 103 40 225 156 78 16 155 66 -152 136 -179 218 32 -75 152 219 -34 -207 -178 -227 -74 -45 60 46 -116 133 71 -97 -84 -64 -112 159 173 -203 244 65 -121 -20 -70 -98 -156 -145 57 87 193 72 238 67 34 -60 -82 -15 -217 70 5 -136 37 14 -219 -11 51 54 246 -236 -99 187 -250 97 131 217 127 191 -94 222 119 -247 113 -85 64 44 -163 -181 -129 -197 49 -18 -30 75 120 
TEST 42 ARG:145 243 119 41 -236 206 -152 -18 -183 59 33 246 78 12 218 -201 16 197 24 -99 -173 -77 -109 182 -243 1 -30 75 221 -25 -33 124 220 -2 -107 148 -57 -198 -125 205 -178 245 -213 164 -43 -228 -233 201 0 -81 38 128 -186 -208 192 -209 -48 183 215 -68 -171 -20 -135 -214 -187 104 19 -45 213 -137 122 -151 -40 -88 85 134 -97 -70 210 42 -35 -38 -170 26 -119 48 -184 -239 65 -217 83 -47 17 152 -86 223 -36 -155 -129 -231 -71 228 153 -46 -139 -150 21 -191 56 81 91 13 116 -27 -229 98 169 -100 -106 -13 -64 -215 -169 9 178 66 89 -49 203 -41 -127 158 -101 -204 -240 238 -90 -23 -242 -207 -6 115 106 177 241 -120 -232 -51 -205 -250 -65 142 138 133 239 109 114 136 69 -166 -123 162 -32 179 -181 -148 244 161 -210 -230 23 -59 -131 57 -111 -199 -149 191 -175 -8 175 185 -58 22 62 6 -56 -53 74 -194 186 -15 -10 147 233 -241 113 139 -195 10 54 72 45 -147 -165 63 76 214 -63 -66 196 -113 130 -180 -224 -91 -247 222 77 -138 -140 -121 -249 -163 61 165 29 -92 -167 240 -21 87 181 188 163 -73 -211 -153 157 234 231 118 194 -176 -117 189 120 -61 -244 187 99 -22 -7 -133 -42 171 -12 -190 8 117 146 -1 36 -182 14 216 93 4 79 7 207 -203 166 -4 -95 97 -67 40 32 172 -14 -174 80 -237 -189 -62 132 -136 70 195 -248 173 -162 -102 71 190 55 219 126 -238 212 -126 224 -222 -34 167 -96 -82 242 -78 -158 141 -206 -87 -116 -112 -79 50 -55 18 159 5 28 -143 226 156 127 -89 -168 108 208 -144 247 -105 -98 -159 -60 3 170 -26 160 47 -130 86 -219 49 204 35 154 -39 -157 39 20 -218 184 -141 90 -196 149 -200 129 -50 -3 -5 -154 -235 209 -29 -16 -160 176 95 110 51 82 -185 151 43 -188 25 92 84 -197 105 229 -245 -226 227 -223 11 -103 235 248 44 237 225 -225 103 -212 180 -172 123 -146 -17 -80 -108 193 -118 232 60 -74 -122 -192 -246 200 -54 100 -193 -156 53 -142 64 -132 168 27 -221 101 202 15 -114 135 73 -94 30 -52 143 137 -11 94 -202 -234 -220 -85 37 107 112 -84 111 236 31 199 144 230 -216 211 58 249 150 -24 -124 88 52 -83 -177 -115 125 96 -104 121 -128 131 -28 -76 34 68 -9 140 155 -31 -145 217 -75 2 102 -110 -44 198 -19 -164 46 67 -179 -134 174 -69 -93 -227 -72 -161 -37 
TEST 43 ARG:31 -26 -33 102 -156 -130 -129 134 -3 4 237 -118 -54 159 -192 -31 -29 -241 244 73 3 125 171 -133 -208 35 -150 -162 -167 167 -76 -128 -227 -243 -185 -226 165 15 -190 212 -57 46 -249 -235 74 48 192 106 60 -27 224 41 -143 -101 -41 247 109 19 -114 -63 246 -229 67 47 -47 235 -213 91 -132 -127 201 -115 97 170 -202 -247 225 -178 98 -8 -124 -191 217 -244 -168 58 162 -151 -181 -80 226 -236 151 131 -224 144 -37 -228 59 79 209 -214 233 222 -218 27 178 -82 -230 -9 249 92 -5 197 -68 -144 49 213 129 -66 148 232 -73 -85 119 36 169 -96 227 200 -138 8 248 145 62 21 61 -13 -15 156 -93 -160 -87 -194 182 -100 -110 137 -123 -52 130 214 245 -233 105 -205 24 28 142 181 -148 -207 -217 -38 -146 17 -137 -225 -142 65 -2 -170 111 157 -141 149 22 158 32 -104 101 -189 236 113 64 -245 -180 29 141 -166 -19 2 -116 66 93 161 -221 -69 152 -12 -140 6 -77 175 94 -59 -103 173 -199 68 -206 218 228 221 -182 107 -211 103 43 39 183 90 118 216 -222 180 -234 1 243 -119 -40 -159 -51 52 128 -23 -186 -223 199 -39 38 -90 121 -14 114 179 70 -11 -204 211 -154 -70 -74 72 -83 -44 241 -238 56 -149 -177 146 -16 -183 150 -187 57 133 184 191 -58 -131 -203 -25 154 188 143 7 -61 127 198 -111 -91 -136 104 -242 160 239 147 -171 -106 205 -164 123 -231 186 -99 69 122 -36 -248 -105 -78 -53 -169 108 85 -55 -81 9 -216 174 78 -188 207 -20 87 40 99 33 12 30 -152 -79 -161 -18 -86 -107 185 -65 135 -48 -134 71 193 -88 -125 223 96 124 -153 -24 116 115 -237 202 -95 190 -109 155 82 23 136 -46 25 -201 -4 -239 -89 -120 -49 -94 110 -113 -240 51 -179 229 -165 -163 206 196 -50 -195 138 -145 -6 -72 195 166 -135 -64 -158 -21 238 112 172 -193 26 -62 132 -35 -173 -176 -200 -175 83 -22 -210 77 -84 -250 54 177 -60 126 5 240 -28 -174 187 76 219 -71 117 84 75 -198 -56 -215 -97 11 53 -30 -220 153 139 13 -43 163 168 204 120 14 -34 -117 20 45 100 42 -67 86 -1 230 -232 210 -197 215 55 -102 95 220 -98 -10 -112 -17 231 -42 194 -92 16 -121 -219 -147 176 -32 18 -108 37 -184 50 -7 -75 140 -157 0 -139 34 242 234 164 -172 -126 44 -209 -155 80 10 -212 189 88 63 -196 203 -246 208 89 -45 -122 81 
TEST 44 ARG:-244 7 -109 -195 66 -106 196 226 26 181 222 217 -183 -235 -159 -71 -129 147 -217 -169 -213 45 -96 159 -230 34 61 -237 -15 11 -246 57 108 80 105 115 98 -132 -88 238 -45 -226 223 29 -152 92 -123 41 -188 -27 -172 -25 79 24 -8 167 -43 189 171 12 142 184 129 137 -166 -97 214 112 -5 -103 32 -238 38 52 -143 247 -215 28 -21 100 78 -94 227 19 55 -138 156 6 2 72 -155 -1 -249 -173 204 -17 143 -141 -32 119 96 -167 -221 -137 206 -207 -218 37 -156 -193 -181 -130 135 201 -57 203 -199 -10 -128 163 138 -42 178 25 -82 -91 165 234 50 -196 149 -184 -187 242 -55 -180 210 233 -117 -75 71 -34 -98 67 -161 219 -4 -12 99 -76 -236 -77 216 139 44 22 -48 128 -209 -87 207 -66 236 0 -68 53 -206 -6 -190 175 -162 199 -95 9 -211 -144 -40 -19 40 134 215 -35 -3 -157 -145 -189 -216 -174 -73 -13 188 179 132 -61 136 39 220 -175 -240 -154 -100 116 141 148 -198 218 120 166 -133 168 131 -2 -41 -224 -86 190 -212 -160 -36 -197 -16 -72 213 -53 -83 -171 -65 58 169 230 27 -186 -85 -22 3 -78 191 155 109 153 -131 -139 -111 -124 -92 14 237 160 82 -20 -170 -146 176 -135 157 8 114 -205 -112 -56 197 -51 164 240 -127 97 60 110 -26 -223 -232 21 158 -231 -47 -63 -116 152 68 59 144 -149 -248 231 4 -185 183 -234 -62 -108 76 -225 -11 -142 -122 -148 221 -194 64 -101 -81 101 130 -29 -242 -136 -163 51 -247 -201 -177 107 -60 93 235 -113 170 -250 104 87 -121 95 -115 20 209 -46 122 -150 162 -210 -114 77 225 -58 -84 -239 65 -208 -44 -182 224 -228 -79 -14 -33 -69 -89 125 -107 198 -203 89 -168 -24 -233 241 103 -64 -222 -99 -200 13 -126 -118 -120 75 -214 -7 84 -110 124 -125 94 140 117 -179 85 145 -50 15 195 62 133 187 -37 186 106 102 -241 232 -102 63 211 180 -243 -178 5 74 48 16 -67 127 -38 192 -52 150 69 10 172 23 174 49 35 228 46 -30 86 248 185 91 43 118 73 31 229 202 194 1 -176 -164 90 193 -23 -28 -31 249 56 42 246 -151 244 -80 -134 -204 -140 -70 70 -227 121 -93 173 205 161 -74 83 -202 -18 -165 -191 245 -147 -39 -105 154 -220 -9 111 126 88 -219 18 151 123 239 177 -54 17 -59 36 -158 -104 200 113 212 208 81 -229 146 -245 -153 54 243 -90 47 -119 -192 182 30 -49 33 
TEST 45 ARG:-231 117 102 121 14 -149 -55 181 241 13 152 183 -57 24 26 177 45 -66 176 228 229 -114 -186 168 154 -221 195 146 54 77 208 223 -170 193 -67 -157 160 -58 29 46 -38 -16 -217 -123 246 81 -249 169 -112 -225 -93 -121 -45 -240 161 -34 -104 52 65 130 198 17 -219 -109 -227 -25 112 -132 172 8 245 100 -75 159 180 -97 244 224 -165 -204 -11 40 171 231 218 -222 106 148 55 -136 -59 220 204 41 -209 -42 131 -89 -86 242 -140 -36 -210 -51 2 -79 63 139 -100 -61 -161 -113 -19 -190 105 -108 3 -180 69 -250 -241 -49 79 -237 -69 214 -84 -2 -133 -148 -56 90 51 107 -50 225 123 158 -95 202 120 43 15 236 115 197 82 7 98 -10 -193 -223 184 -154 140 175 31 -22 103 35 138 109 -144 -213 -125 32 23 157 125 -46 164 27 182 166 -215 147 -41 75 124 -242 -224 -6 -234 -64 -115 185 -131 96 141 -4 -18 -28 84 178 -156 56 133 -72 -159 88 210 -120 -35 -177 215 -162 -185 59 12 128 -152 151 -178 -137 167 163 -191 -211 129 -229 -12 -236 62 -82 -198 91 -76 -200 18 237 50 -90 -29 248 -195 -202 -85 143 -126 16 -155 -235 -203 89 -68 -14 -196 -31 21 104 -13 99 -54 -139 -37 -135 -168 -21 190 -106 -246 -243 -164 10 -160 217 -187 -122 -116 36 108 -233 4 -232 -175 -130 119 85 -124 53 -26 233 -73 20 206 134 -197 118 101 67 -98 200 86 -174 -153 170 71 42 -80 111 -172 -129 -94 -47 66 58 -60 -228 -27 -194 -183 199 -208 162 73 -99 -105 -77 165 -81 -53 -247 1 9 187 213 174 -40 -110 -141 64 92 -158 -199 48 -33 -212 60 -23 110 -117 6 -134 116 -7 22 39 -248 127 33 173 226 57 -238 -214 -91 144 -181 19 122 136 -150 -205 -245 -20 -48 -169 -74 -44 222 -188 179 -92 93 -65 95 -220 -88 -145 132 -216 196 -127 -176 -173 -163 83 232 -83 28 -9 -32 -230 239 -70 216 -96 -30 227 238 -226 -63 249 150 -166 -78 113 -111 94 145 61 72 149 235 -192 -15 -24 -87 -179 205 -17 30 114 -167 80 207 155 47 68 230 -143 135 -207 -101 -102 97 -201 -239 -103 -244 186 -39 156 201 5 74 -151 -119 234 137 -1 -128 240 -147 -182 211 247 221 153 -107 38 203 87 -218 188 34 212 142 191 -8 -184 -62 209 -71 243 192 11 126 219 70 -43 78 25 49 -171 -118 -142 -206 189 -189 -146 -5 0 37 44 76 194 -138 -52 -3 
TEST 46 ARG:3 -36 -137 51 220 -20 226 -95 13 15 -82 217 -245 137 -48 -107 -101 57 -68 124 7 167 -210 -79 186 183 237 -62 -151 191 198 131 109 27 -132 -247 62 212 127 -38 -211 -19 91 45 173 171 -70 248 181 86 64 -39 -135 -226 247 -17 -147 -90 -224 210 -41 234 -234 -163 37 -130 48 -25 -219 -109 71 114 -140 25 113 -185 -119 239 -53 -120 6 -86 -180 179 93 102 123 -71 41 -5 -123 22 196 249 -232 -89 207 66 94 -117 54 -213 -189 130 -194 -173 -127 188 129 177 63 -9 43 -192 -191 -228 -74 9 -217 -248 240 -112 -166 -203 115 -198 184 -105 150 -91 156 58 -188 147 -93 -15 -97 117 -33 168 155 -239 -88 -45 34 106 227 -3 -244 243 142 -75 -186 -138 105 -159 98 -58 -133 112 47 104 70 -141 23 -246 -139 -21 159 -96 -162 139 185 -240 -146 195 10 -31 -113 223 209 -187 103 201 121 -78 -65 215 -178 77 -204 81 -26 -2 152 -40 119 199 30 111 233 -221 -168 151 -116 205 -136 189 187 -50 -43 4 -76 26 -212 -134 118 20 -202 100 213 -8 206 -77 -49 -54 -61 83 36 -11 -199 229 133 78 89 -35 -208 40 -57 -215 -29 149 55 108 35 -115 -236 72 208 68 -155 80 221 162 -149 219 -190 -106 -181 170 8 -110 -172 79 -1 -80 65 231 -64 238 134 -28 180 172 17 95 -51 -6 -241 -10 154 -196 144 -237 228 245 197 -209 -193 31 145 -170 116 -231 -220 128 24 -59 -154 -114 204 136 -179 169 -100 165 -12 178 158 -24 -85 16 244 -111 -30 -44 -152 146 141 110 -164 -27 69 192 -55 -238 -167 230 -216 96 88 14 166 138 161 -92 -156 -34 49 140 -98 -157 -158 -32 211 214 -126 -103 44 132 42 236 -225 50 -87 -18 -99 -200 -235 60 -22 -102 -108 -222 160 -169 -195 -144 85 174 -63 75 0 -56 193 153 33 -184 122 222 -81 -129 -218 194 182 -165 97 11 -124 -229 -94 -174 -122 218 -16 216 101 12 164 38 -176 241 -183 84 -72 -177 -243 -104 -150 2 -205 120 39 -84 143 28 1 -7 -214 73 232 224 242 235 -160 53 -201 -66 157 -73 -207 -153 -128 18 190 -223 135 -182 -143 -125 148 -206 -52 21 202 126 -60 67 87 99 175 -69 29 -13 -175 59 -145 -67 -161 203 200 32 52 -46 163 61 76 5 176 -131 225 -42 92 -14 -23 -37 90 -233 107 -171 -230 -197 -118 -250 19 -142 82 -148 -47 74 -83 125 -242 46 -121 -227 -249 246 56 -4 
TEST 47 ARG:-144 24 -185 25 89 44 104 -157 222 -31 203 -69 99 50 -1 -197 -35 -141 -10 -171 132 -155 -77 116 154 179 191 146 7 140 -168 14 33 -178 -18 158 165 29 -54 4 -220 -240 129 35 241 -16 -42 -13 -98 60 181 -56 32 102 -163 217 10 131 -210 -195 -179 111 160 56 -217 170 67 17 52 173 69 -193 59 -137 164 177 -118 162 215 188 163 212 135 204 -158 236 -28 49 37 245 -209 231 68 141 -246 -100 11 232 220 -167 -72 227 -40 198 213 225 -222 12 84 161 48 -227 -186 235 -15 -3 -223 193 118 149 83 -20 -160 -95 -175 75 28 -110 201 -249 246 103 -247 -37 -164 -143 -83 5 -232 122 112 106 -221 -182 100 124 -127 88 31 -212 -43 -44 190 -149 187 117 221 -174 -173 -203 130 91 -154 -170 -91 -117 -107 -38 128 -238 178 -60 -198 23 183 -66 20 -236 36 64 2 -78 40 85 -89 -250 -39 -239 -97 -33 47 65 46 216 229 -180 -81 218 -147 -48 -132 78 -226 -96 207 -159 -21 -183 196 234 -230 -8 41 70 -131 -2 185 -64 240 19 22 15 -51 -205 174 -145 -55 -70 58 73 -103 199 -94 -99 80 -123 -62 -46 -7 -57 1 249 -29 -4 -63 -213 -138 3 26 -241 -243 -52 39 -9 192 -119 -11 156 -211 -244 -34 121 -200 239 92 157 -58 -140 113 96 210 -234 168 -214 -242 180 -105 -108 219 -202 133 114 0 -161 -235 51 -248 82 54 -106 205 -79 -237 -111 -133 -218 119 109 16 -65 167 127 200 -121 -229 -90 226 -136 55 -80 18 -162 152 -82 144 -53 61 -50 98 -115 197 137 134 -49 -36 159 142 -245 228 -102 -92 244 125 209 -129 -76 62 -101 90 -142 -85 -32 151 -124 147 -151 -150 -172 6 71 148 107 -228 -88 53 233 242 -126 87 202 155 63 -196 9 243 -68 182 -23 -87 171 238 189 105 -134 -22 93 21 -177 248 -194 -25 42 -45 -208 -166 -224 66 -84 101 -73 184 38 143 195 -130 -165 -26 -125 -67 -122 -112 97 230 -207 208 -75 223 79 211 13 -6 -187 123 45 74 -189 -86 136 57 95 86 -12 -153 -181 -116 176 -215 -190 -225 -201 77 -14 139 -176 -188 -233 214 27 -204 169 175 -114 -19 110 172 34 -156 81 -231 30 -71 108 -30 145 -74 115 -120 186 -59 126 -139 -184 247 -206 153 -104 -128 -219 76 -27 224 -192 -24 43 -47 -199 194 -191 72 166 -17 -146 -169 -113 -109 8 -41 -152 120 -216 206 237 -148 -93 -135 138 -5 -61 150 94 
TEST 48 ARG:-31 200 -241 225 174 194 205 -194 -211 -59 -160 -124 -14 249 -52 172 146 -72 52 151 45 -100 88 -43 158 183 212 245 137 91 -132 198 246 80 181 -239 87 233 -112 -47 29 -243 -152 -97 208 8 -78 118 -11 56 40 150 54 -39 77 -145 -185 -139 147 169 -89 93 28 -129 -51 -26 -205 -57 115 -80 131 -221 53 179 -27 66 166 -96 -159 -41 238 -75 104 -46 -21 96 41 -101 155 -224 85 94 -108 -98 -81 -234 -151 123 49 -200 -119 95 83 -128 242 -104 19 -82 78 -23 -16 -230 240 -156 26 -73 161 -204 -213 -48 160 63 -228 -92 -87 -134 -177 15 -25 -62 44 89 -162 -111 -138 -83 60 76 -167 -174 -115 -220 -141 -37 -238 -22 202 124 -127 239 226 -166 -61 149 221 -3 -229 -249 -34 3 191 -77 9 128 -54 -169 -242 -247 229 0 -176 195 -35 30 232 193 -88 -12 -237 -99 17 10 -202 190 112 51 61 -7 -68 21 102 -192 105 -36 -218 218 -173 5 -233 -136 -17 -197 113 -140 180 170 43 -165 -157 153 211 36 -1 18 -235 35 58 236 185 -118 -105 -198 244 -28 -94 69 -206 -122 -215 139 -102 -227 241 122 84 107 -184 173 23 48 248 31 75 237 90 132 111 -15 25 154 -74 -133 -42 67 50 -170 -180 47 -6 214 125 -158 -187 -217 227 -70 -50 106 140 177 73 -219 164 -109 -146 230 62 -142 217 -209 -40 243 228 -5 39 100 -130 199 222 34 -67 141 220 -107 110 126 -45 144 -95 192 82 -222 -53 -161 -120 -93 130 -183 55 -58 171 175 1 -236 114 135 -188 143 203 -172 162 -225 101 -9 38 -155 -64 -189 97 42 -20 -69 234 197 -149 -175 136 167 -147 -19 223 148 -163 -207 213 -38 33 -216 65 187 -246 -2 46 184 -208 129 -65 -240 -121 -143 -178 -29 -214 16 120 -226 -154 2 206 163 92 -13 99 189 231 -30 74 -76 -113 -126 159 -250 -231 4 103 224 235 -199 -144 13 -90 -123 178 -116 -86 157 27 176 133 -56 168 247 186 -223 24 -137 165 -248 109 117 -60 71 -85 108 -55 -66 -135 182 -18 68 -190 -203 20 152 -153 201 -191 119 22 -179 32 72 215 127 -125 188 -244 142 210 -49 57 98 -171 -193 -150 -186 -84 -24 -8 -4 -71 196 138 -195 -201 207 -44 -164 -33 -232 -196 -106 -114 -91 -148 -103 70 209 219 11 -182 -10 64 -245 134 14 -212 145 216 79 -79 -210 121 59 204 -110 12 -117 116 7 156 -63 -168 37 81 -181 86 -131 -32 6 
TEST 49 ARG:79 -185 152 -204 86 -230 -43 -249 -107 50 185 -181 -242 151 63 127 -133 38 2 -193 -31 24 -53 -229 -96 -137 -129 193 216 -3 -11 164 128 -250 -45 -152 -213 -75 -156 18 23 211 83 -69 -149 -99 -6 -44 12 -104 -113 -191 -2 -101 49 -228 192 132 -63 215 85 -54 233 95 213 210 -116 -65 60 -184 203 -135 -36 201 232 -98 -178 -62 -123 -166 242 -216 125 -48 199 139 -81 104 -136 158 238 -220 -105 -246 -173 101 -111 46 177 -171 -84 -150 70 -58 3 -182 220 -102 -60 -245 140 -231 -28 195 -239 -68 84 80 -169 234 -134 82 13 -8 6 -227 153 188 -30 -14 103 51 167 165 -39 214 157 -192 -80 87 -224 -47 -139 -176 249 36 91 142 227 93 144 -212 114 -237 175 1 240 -205 -16 -37 -148 -248 40 -233 76 204 -131 130 -110 -52 26 -174 31 -211 -218 -15 -100 173 -221 115 -141 11 -146 136 -23 -108 -40 -91 -217 162 -77 124 43 -95 -209 -132 -18 -159 4 -34 -89 -170 -49 -179 -197 129 -12 73 148 -161 39 -19 59 -92 -232 -194 -118 -154 196 166 -97 121 225 -88 -25 159 34 -33 138 182 231 -127 208 94 88 16 137 -78 -120 -10 -198 96 145 131 42 67 -208 -59 58 -210 -158 168 170 237 53 -164 -236 -187 -115 -199 243 186 -22 -74 -244 -76 147 -82 -207 -226 171 -114 -143 -206 102 -153 223 19 72 -151 200 -17 -241 191 -70 -1 228 65 55 -72 -56 -155 -247 -106 -203 -112 -125 -103 109 -243 230 134 -87 207 189 -24 -61 -234 202 108 141 -167 -214 66 -225 -190 222 25 218 -86 247 194 -121 221 71 -126 105 -186 75 68 224 -55 35 62 133 -85 -196 22 -57 -20 -67 52 7 117 161 -9 57 -157 32 180 119 -29 -117 0 -128 27 -200 99 206 45 229 -93 33 160 -79 217 111 44 -73 -177 -165 143 64 20 -147 -41 61 37 226 30 17 112 -144 14 120 122 245 176 21 241 -35 -124 -64 -42 209 100 -189 235 219 -122 -195 -163 74 89 239 69 -94 29 -219 -183 -142 -51 47 54 -172 149 106 155 -180 146 172 -201 205 -215 184 5 -222 156 92 15 -7 77 -140 187 -4 56 244 107 8 150 198 174 -130 -21 118 -238 -13 -145 41 178 -235 -90 113 154 -5 9 -160 -202 90 -162 81 -38 197 -83 97 -109 -71 -66 -188 78 -168 -26 48 212 181 169 -46 135 116 -119 126 -223 -175 183 246 123 -32 248 179 163 -27 -50 10 110 236 28 190 -138 98 -240 
TEST 50 ARG:-205 -69 200 -129 -51 0 -249 -46 56 65 -172 234 188 173 232 -149 -13 -131 -83 6 -187 -188 117 37 -166 155 -214 -102 176 -8 -209 -189 64 79 29 -103 -47 58 -184 -30 -23 218 187 -185 -33 18 -67 -247 -27 -62 3 7 -22 219 60 -58 -212 81 -117 40 -162 67 -71 20 80 11 179 -82 -93 247 175 -136 -181 246 171 -19 211 -39 33 -194 61 112 5 -59 -9 157 -112 146 -239 154 197 -160 10 -126 -193 98 16 -169 151 -1 245 129 -139 169 226 -150 -157 -225 -143 -60 -140 228 -156 -63 -158 233 212 -127 249 -226 -77 -2 225 126 -21 34 -244 -204 39 231 -190 -84 -114 87 -196 -167 209 106 -228 116 178 -232 -223 -95 104 -233 161 128 -25 78 -145 -246 -179 216 -236 -75 49 69 19 240 168 -65 145 23 -148 -191 166 -144 235 192 62 108 -81 237 -231 141 181 48 38 -119 -237 -240 230 -128 -222 217 -176 -74 -100 -203 137 186 -217 -141 -183 184 -56 210 94 201 -147 103 101 85 24 -12 17 -235 53 -6 -98 -243 203 31 70 107 83 -198 135 139 -109 -88 150 185 -97 -134 118 -120 99 -80 -73 105 -123 -245 -242 -207 -106 -180 -87 25 -211 -85 45 -116 130 196 -4 54 221 -54 -124 127 -90 77 -216 208 -178 110 -224 -200 -170 120 -76 180 -153 -213 -152 -61 14 -199 214 206 -241 222 -192 46 -49 57 -96 131 75 -111 220 121 -186 59 -14 55 132 -234 140 92 -91 47 -197 4 13 -108 -159 224 93 41 174 -50 162 -52 -219 -174 -210 153 123 -37 -43 -31 32 244 248 97 -28 -72 167 -53 -99 -163 227 -48 191 -133 -104 -105 111 76 -142 183 -173 -201 122 -113 215 -146 -66 -101 113 239 86 -44 -177 26 96 -20 -151 190 -155 -195 115 160 82 236 159 -68 -86 72 -32 -138 -40 -202 164 28 27 -38 -230 95 182 158 195 223 138 36 -64 -17 100 -135 -122 -121 84 -70 -107 -171 -215 109 134 -118 172 -168 102 -29 -229 -3 242 199 30 136 143 229 51 -164 -15 -208 42 -227 63 -89 -10 165 -115 177 44 213 -79 22 -218 -238 35 -55 50 73 149 -130 142 -165 -250 -57 194 144 163 -16 -35 -220 202 -7 243 8 9 170 88 -18 193 -5 133 198 125 241 68 15 -36 71 89 -24 204 -41 207 1 74 152 189 90 -125 66 205 -26 238 -161 -45 147 -206 -94 119 -132 52 -110 124 43 -154 148 114 12 -137 91 -11 -175 -221 -34 -42 -78 -248 -92 2 21 156 -182 
TEST 51 ARG:201 73 155 -106 109 231 45 -60 -141 -74 -9 -112 -249 200 -51 -11 183 -128 -146 225 189 146 58 -129 172 245 50 232 137 -167 -39 93 -175 198 -196 90 76 -234 221 -36 -32 -13 87 164 233 33 53 26 18 173 64 191 -246 -237 -93 -83 -123 101 161 -103 116 119 40 -110 -82 -18 -44 96 -168 23 86 -30 248 59 125 144 -14 31 120 -8 -71 142 -25 -185 175 -132 -95 136 -41 42 -77 -17 35 -12 29 244 -134 134 12 88 249 181 -49 -111 -107 24 156 83 98 -87 61 187 149 -78 110 -63 -31 0 -186 -184 -118 -42 140 -206 -248 235 66 49 72 6 -201 128 46 207 130 -119 -197 20 226 234 143 -153 114 -212 238 204 -143 -173 123 -228 -245 -150 78 163 -172 -81 -176 151 -145 147 -210 -73 -171 3 -98 -10 -99 148 197 -126 179 -178 174 -193 131 241 39 -56 -109 -45 68 -85 145 -94 -144 -247 -57 -231 127 -4 -116 -124 -174 -240 -121 210 239 11 7 229 185 102 -135 41 -208 22 -76 -162 199 -152 -139 -35 -236 -21 -92 -222 218 -163 -20 15 -91 -100 -138 152 247 63 118 -195 184 194 -136 -67 16 -37 -131 -209 -191 -155 -130 -46 81 67 -160 -235 -199 -75 60 -224 -33 -90 -26 220 -214 -157 -133 -48 129 51 -242 122 -28 -192 52 133 -232 158 -27 167 -29 94 37 25 138 -239 -6 -217 82 121 215 44 -244 17 -243 -238 212 -200 100 -250 222 -58 190 106 -241 -177 -114 21 -62 -205 -65 230 182 -158 43 -203 -213 -125 28 224 48 103 13 1 -220 -215 188 -189 4 -183 -180 -161 208 91 193 135 -202 -170 77 141 69 2 85 -149 202 -156 -2 -227 157 104 -64 79 216 55 154 -108 -122 -229 246 89 -40 177 65 -54 -120 -216 214 -218 219 162 -96 171 -223 -137 -104 -182 -233 27 -142 150 71 -181 105 -50 -55 217 -105 168 169 -34 -68 -61 54 -89 178 -164 111 -115 -16 8 70 126 -59 30 -127 228 243 -43 -102 132 170 -22 -198 95 62 -148 -169 242 227 180 206 84 75 -23 195 -70 -79 -19 14 203 -188 -15 -151 -53 108 -194 -3 38 139 -190 5 36 -5 240 205 166 -86 -101 -165 117 237 -219 -69 99 10 47 236 -47 -225 -140 176 -204 196 -226 -166 -159 112 57 34 -88 97 -154 186 9 107 -147 160 -211 56 209 192 -66 74 -230 -179 124 213 -1 -80 80 -207 -97 -117 -187 223 -52 113 159 -72 -221 115 -84 211 -38 153 165 19 -113 32 92 -7 -24 
TEST 52 ARG:-153 -138 208 -24 197 45 -211 -149 193 123 18 138 -45 27 -234 21 -196 -206 141 48 176 170 153 245 -198 -228 240 -124 -249 29 79 100 -204 164 -67 -169 130 10 -57 -161 -16 133 247 3 59 -203 -221 228 56 25 65 52 -125 131 -62 182 110 -155 -122 -65 225 118 68 -185 -175 -146 -227 -156 -176 -5 -140 -233 -64 115 -133 -245 155 9 -108 -96 175 73 212 -25 219 -246 202 -139 81 -6 60 31 -179 213 -74 7 -239 -80 -235 177 191 -27 122 -159 -68 217 -154 246 230 89 -34 107 195 169 149 -229 211 -20 152 -143 -55 108 104 179 137 -98 -70 156 -195 -123 -41 -191 -115 178 -71 194 -158 -128 58 190 -162 97 -216 91 174 74 -86 162 120 -75 -66 -135 1 -60 113 20 125 248 181 -132 -242 154 150 128 -241 -37 -208 229 -21 -22 42 109 223 87 -184 -52 -145 -72 227 -214 -56 -230 -113 11 203 -212 4 47 -170 -237 93 -116 51 28 -232 243 33 114 189 -226 -243 70 112 -147 231 -39 220 -40 126 -76 -106 -36 72 30 -202 -131 168 -7 54 -220 -151 -26 64 237 95 -166 -112 -23 242 99 -92 98 204 210 53 41 16 -38 201 -87 35 -188 -172 -224 144 145 -28 -84 -59 19 180 157 -32 -244 129 -141 -182 -1 26 -207 103 119 -223 139 69 -201 -93 121 -18 -10 17 57 -90 165 -205 -81 44 -193 -144 -136 -17 61 -247 -42 -88 -217 -99 -111 40 -50 -186 -178 66 -97 -49 -77 13 171 -127 198 0 -148 -248 -225 -8 158 -31 127 124 92 -164 -2 -83 -231 159 205 -30 207 209 46 -14 -236 49 -91 -54 -194 -102 5 -171 -213 232 147 62 -130 -110 -129 -209 63 -114 160 -174 -180 67 241 -117 183 88 186 80 233 222 12 -44 -89 86 77 15 -152 -69 -3 -53 163 172 14 140 2 75 244 192 226 -9 39 185 -250 -219 187 -100 94 221 234 -29 -160 135 78 55 -11 -197 -238 -78 -167 236 142 96 216 -190 82 173 -4 184 146 -95 -137 -240 -33 200 8 161 111 23 83 -189 -120 -192 71 132 -150 117 -46 -104 85 116 -200 34 -222 196 -35 37 -121 -218 136 -73 101 215 38 50 90 105 224 -181 -165 76 -61 134 84 -134 -210 32 -107 -177 239 188 249 -101 -118 36 43 214 -119 148 -126 166 -43 199 238 218 -79 -199 -13 151 -82 -157 -215 -187 -58 -105 -15 -51 -48 -109 143 -47 -63 -163 167 206 -94 235 6 -183 22 -142 102 24 -103 -173 -19 106 -168 -12 -85 
TEST 53 ARG:201 -60 210 -13 185 -78 -178 -235 -132 4 46 76 32 83 -61 -173 -59 -51 -191 125 79 -83 -57 -171 34 134 -240 109 -131 -163 -116 74 143 -164 -16 67 236 -19 231 -176 -107 -150 -91 -158 97 -124 -47 -80 55 111 248 -3 51 193 222 -64 63 -25 104 -45 -73 -199 -238 -137 -114 -187 29 -88 -172 171 -115 -139 -194 249 170 93 -216 66 98 -97 -94 -4 60 -87 167 202 120 94 -144 126 102 -111 101 82 75 165 212 8 138 -66 -229 -181 156 205 -208 -96 -228 -81 -2 -62 215 188 -198 23 -225 189 160 -22 206 11 78 22 121 19 59 217 144 147 130 243 244 223 198 -36 42 -167 -203 168 -11 -58 -27 84 54 -118 -92 -54 72 16 153 -6 -14 -130 20 -226 131 -35 -53 5 -109 197 -220 62 -160 -55 -102 -43 24 151 45 -212 209 37 -113 192 -33 -112 239 119 90 245 158 -211 203 -42 -155 -184 -126 136 -28 182 -227 -117 -84 -69 18 124 6 81 140 -166 -188 224 -186 27 10 -204 181 213 80 -34 -170 -26 -37 187 -72 -177 169 -134 -63 155 -213 87 116 56 -236 149 141 38 -8 -119 154 35 -148 -123 -157 232 -146 -224 -201 30 77 -234 105 -246 61 221 2 -17 13 230 -21 39 31 -190 -52 -197 -147 150 99 240 -120 -192 191 219 43 226 142 190 118 96 -29 237 135 -161 -218 216 208 -205 -241 -232 40 -189 -223 -10 -56 -249 220 -180 -110 194 152 -9 -169 178 207 177 92 -239 -38 -30 -214 14 -108 -206 -179 26 184 57 -243 88 28 -210 162 -247 1 241 -79 64 225 108 214 -67 228 235 3 127 163 -221 -105 157 68 95 204 148 -217 33 117 -125 247 -202 229 91 -1 -143 -74 183 15 -185 176 -222 -182 -142 -121 -75 -175 -231 128 -193 -86 86 242 -89 -162 -196 139 -71 69 -151 -12 172 17 180 -15 -46 113 159 -104 -48 -154 196 114 -41 164 -183 -140 199 25 58 -129 21 -99 44 186 146 70 -195 -23 -152 -141 7 -156 41 -135 200 -93 -136 115 -85 -50 -32 -31 -95 -165 -133 -76 -248 -233 132 -101 161 -18 227 174 173 211 -40 106 -219 -122 -138 238 -98 -207 -145 233 234 49 12 47 122 -168 -100 -242 85 73 179 -24 -159 48 -127 -7 218 65 129 166 -200 89 -70 -245 -68 -90 0 -39 -230 123 53 9 -149 -20 107 -77 246 -82 103 175 -106 50 -128 36 -244 -215 112 -5 71 145 100 133 -209 -250 -44 52 110 -237 -153 -174 -65 -49 137 195 -103 
TEST 54 ARG:-18 15 -55 -243 -250 146 -177 -44 125 182 180 -6 171 -199 -68 -184 116 -32 -143 -7 -37 184 117 -66 46 214 28 59 13 -102 145 -235 136 -82 -150 240 155 -23 165 -105 121 -147 9 -1 -76 110 157 -103 192 135 176 90 -198 -238 -2 -65 95 -128 163 187 190 -107 -46 -208 -168 -225 124 -180 89 203 -38 83 -233 -221 -237 188 -81 85 230 199 -64 84 101 239 -8 -163 151 -206 194 -34 -154 -57 -145 -27 -104 224 183 172 -204 -35 -231 132 -129 92 -249 -100 25 -10 -193 88 126 231 49 -80 -133 10 211 100 5 119 -15 42 19 -40 193 81 -61 22 120 248 -134 -59 -11 3 139 -220 106 48 24 123 -153 -54 196 -56 -83 -70 -162 -236 237 -119 86 -245 -191 -241 213 -88 198 -211 -63 -92 -45 -216 51 -197 60 -131 -203 39 -219 -86 227 128 -188 -140 162 35 -26 76 216 -91 134 30 109 -14 -127 189 158 191 -196 112 80 93 41 195 104 -155 -135 -108 149 27 -47 133 -74 217 154 173 1 -69 63 202 -58 -179 18 234 115 156 118 98 -115 -121 -116 -49 -84 -43 -173 -167 -166 -99 62 40 -112 225 -244 97 -239 -111 -120 170 -138 -200 215 -50 -164 -205 -159 206 -89 148 166 -93 185 -36 212 -146 242 209 37 73 -31 -172 -222 -183 -29 -187 -158 32 -28 -25 220 82 -144 113 -227 -9 -218 4 17 -75 -137 -33 218 16 -149 -161 -53 207 57 -232 -141 36 210 -248 -192 -30 31 61 -97 -210 -21 72 -152 -39 69 -247 65 226 221 43 -41 -190 -194 232 -174 -77 -122 -242 181 -12 108 -230 -87 6 178 -52 -90 223 236 -73 -60 -228 233 143 -3 -24 -207 -98 235 -85 -246 130 -234 200 127 229 71 -136 8 -22 34 204 66 -95 -213 249 -214 161 -126 103 21 -71 -118 137 122 -96 177 131 142 129 -148 -226 -48 -209 160 141 -132 -51 -185 53 -110 78 -130 150 186 -109 -171 0 2 -170 245 55 -160 -217 247 -156 29 14 238 -139 -19 79 -117 12 -79 38 164 159 77 -176 52 -215 -202 47 197 144 -212 75 58 70 -151 -94 205 74 105 -106 -20 -189 241 -240 -72 -181 -13 -201 201 50 208 -114 -101 96 99 26 7 11 23 67 54 -17 -125 68 114 56 -123 -42 -186 -62 246 175 87 -165 -5 94 152 -4 174 -67 147 222 219 102 179 -229 -78 140 244 -175 -113 -195 -16 -223 -224 -142 138 169 168 -182 91 20 -124 111 44 -157 228 243 -169 167 -178 107 153 64 45 33 
TEST 55 ARG:96 -97 -52 67 12 120 -193 45 62 178 122 239 59 -220 230 -233 19 199 24 183 -176 -119 126 82 119 201 -95 -146 -143 -109 232 -114 -67 -221 -191 69 203 212 -5 173 -16 99 94 231 117 -148 -30 161 -117 -24 150 -195 -151 -59 245 187 110 157 -182 -196 194 27 34 246 -153 204 -247 52 -170 87 189 -80 233 202 -230 44 63 -12 -38 -71 -118 109 105 167 247 237 48 127 -244 -141 192 43 -40 40 55 -214 -100 -14 68 -43 -101 207 -216 171 195 170 225 56 9 129 -172 223 41 -184 236 95 -156 -13 -37 144 111 103 154 -136 -248 165 -108 -209 -162 -9 184 176 -163 89 49 91 219 121 -134 80 242 -62 -47 -10 220 -167 -115 -3 -29 200 -213 -25 222 226 -92 -250 185 -4 -22 30 75 -90 -20 72 83 93 -79 166 53 -54 -225 -31 6 -85 210 -169 -236 234 174 241 23 -6 -61 -72 191 -58 29 198 -55 156 35 -240 -249 -201 -105 175 177 -190 118 -83 -26 -211 218 196 -131 135 136 -124 -208 57 180 146 70 215 -64 -103 0 -33 42 -86 16 -81 20 -15 -127 158 -45 -132 -171 227 -219 169 -121 -186 -75 22 -246 -142 -149 -98 153 -123 5 102 28 61 149 33 -232 116 115 85 -199 186 -49 47 -1 -11 188 -82 -46 2 -177 125 163 145 217 148 -91 137 128 -28 124 104 -96 243 46 139 -89 86 -152 151 179 -212 -84 181 -106 132 -139 92 -39 84 -145 164 -60 -155 79 60 -133 -57 -130 -215 -2 -128 -180 26 -74 -35 74 112 -53 -137 -87 -223 -32 1 36 249 66 -187 -112 90 77 -198 -23 -168 -7 -116 -93 -76 123 131 51 141 -120 190 152 -181 -179 197 3 -202 -129 -189 130 -183 100 244 -185 -231 134 -206 229 101 -17 -243 -126 -107 -18 -173 73 -70 -241 214 76 -66 -158 10 -159 31 -157 50 -218 -245 -166 65 -135 -154 14 21 235 -48 205 -204 -21 159 4 -224 142 -228 25 -237 -19 97 7 -88 -217 -34 32 147 248 -111 216 162 -63 38 98 -125 -150 228 37 -140 15 -188 -99 -122 -210 54 114 182 -41 -192 -44 113 -161 11 -174 108 172 -229 -197 160 -239 -102 -200 -78 -113 -165 -234 240 -50 -178 168 13 -194 211 -56 221 -65 -175 206 -226 155 -160 -110 143 -207 -94 81 -203 238 213 -242 -51 193 88 133 39 -227 -222 106 -69 107 -164 -36 -138 58 -42 71 208 -238 209 -235 8 -147 -205 18 -8 -104 -144 -77 -73 224 78 64 -27 140 17 138 -68 
TEST 56 ARG:124 172 -248 -244 178 238 -123 196 -188 127 11 86 176 245 131 205 -104 159 -127 -139 117 -59 169 17 225 -250 54 146 78 231 247 166 -62 -37 -98 -46 -131 39 -111 -154 223 -208 -83 155 36 79 242 -135 -106 -41 122 -239 193 76 -225 202 135 -160 -165 235 -90 -42 66 211 148 190 -148 -22 -181 -124 216 -17 -115 -146 220 -167 14 13 -210 -12 3 -191 236 -228 -185 47 151 -18 -27 -102 -20 167 -224 179 37 -126 22 120 138 91 -87 85 -49 -207 -222 -84 164 -34 -214 -240 -130 -196 46 115 -187 192 152 -50 -176 -58 -132 234 -121 42 108 -152 199 212 160 -128 4 -125 142 8 -189 186 -150 -235 -8 -114 -134 1 -23 -221 -81 -209 -205 -63 141 -162 71 154 34 58 241 226 -218 -203 -85 215 68 -36 185 96 29 -110 144 -202 243 116 -249 249 -236 61 240 -171 130 -190 -149 60 -56 -238 -47 213 -68 73 43 244 194 -232 137 82 -133 -28 248 -246 165 -95 233 12 -195 119 26 -216 100 -16 50 175 -35 -93 -155 -72 111 -138 -211 -96 -77 -179 -113 55 51 -10 188 48 -204 -143 -31 -70 204 128 18 -5 232 6 113 -1 180 56 28 106 -136 -212 -197 -175 170 -91 -9 197 -156 168 -44 84 191 237 25 -80 208 206 -170 0 158 -169 67 -144 59 -200 134 -38 182 -67 207 140 -217 74 -25 15 -11 -168 -186 52 -247 -105 145 -183 -97 195 -45 -6 -108 -163 229 103 35 200 -237 77 -243 94 -74 -76 -166 -109 -51 81 -4 -61 -15 -159 -33 177 -172 133 -103 -55 221 -65 7 -118 83 -142 -21 93 -180 -60 227 246 -194 136 -26 -14 139 -215 -230 -89 -241 -64 -233 143 41 149 201 -161 -43 163 -153 -112 75 217 214 198 224 -75 -158 63 -122 72 209 210 5 -151 222 121 -198 -245 -199 -220 30 44 230 239 21 23 -117 173 -3 -29 38 184 -192 53 40 90 118 -223 31 64 -2 20 88 -157 228 162 102 125 -86 97 45 -129 105 -69 -119 -137 -13 16 -141 -19 -227 153 -48 150 114 -219 95 -229 157 9 27 -173 -39 -66 -54 -147 218 -174 -40 181 99 -145 98 -184 -234 62 -231 101 123 -57 80 65 -78 -79 104 87 -206 2 -178 32 19 -88 -213 147 -94 -226 203 129 -92 174 -30 156 92 107 132 187 -164 110 -242 -100 -24 -71 -140 69 24 161 -53 -101 183 -73 112 49 -82 89 219 -201 70 57 -177 33 -7 -116 -193 10 -52 189 -99 109 -120 126 -32 171 -182 -107 
TEST 57 ARG:84 168 -91 -97 -197 126 86 -108 -165 231 83 -26 -208 -14 235 -79 -226 93 -182 195 193 230 157 -158 -164 -235 -47 47 -99 -190 27 -248 24 -192 146 41 218 148 19 -49 -161 -101 77 -134 -95 38 -216 37 -131 103 243 -98 6 -1 -205 -2 64 225 123 224 -209 -25 -77 -169 61 98 192 121 -117 158 -241 239 -118 -36 51 179 -150 194 -46 -200 13 201 87 -157 33 -8 -139 80 16 -9 4 -213 172 -152 -65 -188 248 119 43 -218 153 187 182 120 -177 39 171 -125 -7 -33 -202 113 -186 115 246 45 -53 -136 242 190 205 -90 241 208 34 -250 222 164 147 -230 128 -234 220 -74 -13 -96 161 -6 -240 -10 -82 -193 79 -63 -43 -179 118 -135 -172 238 -124 189 -224 -173 132 228 92 162 -232 -137 20 -121 149 236 -138 14 -174 55 -237 138 108 130 -159 117 -83 -198 -223 -22 -40 -85 -185 143 -156 -225 71 -149 -44 74 95 88 11 28 174 154 163 -115 -64 59 188 -129 -239 -249 -207 -32 -100 245 -221 -54 -236 -28 -72 -51 223 178 -110 -191 -70 -142 212 -11 150 -247 180 -73 -122 -148 107 89 -154 204 57 -183 102 -206 -214 -143 -147 -71 -94 -167 232 21 249 203 -103 -132 206 -55 176 191 -67 145 -23 18 135 48 -217 -160 -171 0 175 -111 58 -109 136 81 91 -246 125 10 -84 -116 66 124 32 -38 184 -113 -20 111 -69 -126 127 -228 75 151 109 134 219 -62 167 -60 152 -195 116 -114 72 -66 82 -231 -245 141 31 -59 -222 96 -233 197 63 15 73 155 183 40 36 114 9 140 -189 -34 122 65 1 56 -133 216 17 -166 -61 -19 159 54 -151 52 -196 227 -170 170 -212 -242 -75 -88 -81 185 -178 -87 3 215 186 105 196 30 -119 101 -168 -50 46 131 35 207 -184 213 -107 -140 247 144 7 -45 -17 76 -18 129 -128 156 -15 97 -42 202 165 53 -76 -175 -187 -163 -227 67 -130 -210 -104 -105 78 233 -145 -199 211 23 226 -141 -243 -146 29 -39 69 2 -5 -127 139 68 -238 -112 -144 42 -27 26 -29 8 199 112 -215 142 -86 -194 94 209 -80 -30 90 -153 -58 25 60 173 210 -120 244 -78 -180 -41 -3 221 -89 181 -155 106 70 104 -93 5 -37 100 -35 -220 50 160 -203 214 -229 -204 99 -31 -4 -56 -16 -24 22 237 177 137 166 -176 -12 110 -181 -21 49 -106 229 198 200 -201 -123 -48 -244 -92 85 169 44 -68 234 -102 -162 -57 240 217 -211 12 62 -219 -52 133 
TEST 58 ARG:13 101 -141 -175 33 -179 -94 -125 -127 -37 -224 -213 -84 207 -134 -27 75 -247 97 161 -102 26 153 -13 -197 -49 56 -186 -133 166 -104 -17 -20 2 69 -108 179 173 -101 186 -150 -114 -239 198 5 160 -113 216 240 -72 -2 -163 -41 145 162 -129 81 245 196 6 32 98 -217 -226 -33 -180 -241 213 -191 104 -58 -244 195 89 -81 -8 -103 -228 -82 -105 15 60 -64 -237 109 95 137 -89 193 -216 -170 -90 117 143 58 232 -182 -159 146 12 29 40 -123 -221 142 -118 -61 -83 86 -158 185 84 -107 -193 112 25 1 -156 -178 199 -79 90 159 -229 188 83 -157 -250 0 -130 172 103 106 -215 -240 44 -138 205 21 43 71 -225 -222 92 209 -9 91 121 -71 -171 134 -67 53 88 187 94 -143 -142 -172 65 -181 73 189 -232 -109 -80 249 -51 87 -30 -25 79 -14 155 206 80 -166 62 235 77 16 -164 -168 -124 201 227 39 85 -75 -96 107 -147 238 132 59 140 197 -196 -122 -149 164 -97 -3 225 -45 -200 168 52 -207 -184 11 -121 219 -68 31 -16 -208 222 -99 70 -52 -50 116 236 -93 -48 -6 63 211 54 183 100 217 -112 149 50 -198 -15 -78 66 163 -74 -66 -65 -22 141 17 158 230 -59 -145 -162 218 -238 -91 138 -95 -236 -161 -192 157 139 -152 -146 212 184 221 -26 -46 -42 120 45 74 -177 -11 -195 -28 -190 -128 35 -165 -24 55 248 -155 244 30 233 64 46 131 119 -202 246 20 210 -199 -76 36 57 220 7 -235 175 -92 -35 -139 -85 -223 176 243 -194 93 -36 130 -54 -136 -187 -57 234 -100 -21 -135 -106 114 -47 -116 -119 10 150 -10 -44 -98 99 154 -60 -43 191 123 -126 208 -5 51 -153 22 135 18 -249 38 204 -23 203 72 194 -245 -234 -86 -214 -56 23 242 239 128 68 -160 -203 -4 144 -167 -189 67 24 -111 -18 190 -183 41 -231 -115 231 167 177 9 -205 228 -39 -87 -12 -148 -34 48 28 -63 -55 -131 136 -154 -31 -209 247 61 76 202 200 -169 169 42 -243 4 151 -69 -132 152 118 124 19 -29 -73 122 -219 -246 -248 108 14 -206 181 214 27 111 -117 -233 -62 215 182 178 -70 147 -230 -38 115 -173 -227 125 -32 180 237 -7 -210 78 -151 113 102 -185 -88 133 -120 148 -174 165 -19 47 -242 82 224 -212 -137 110 3 156 174 -40 34 37 -140 192 -110 -53 241 -188 -204 229 105 223 -211 -176 96 49 126 127 226 -1 -201 170 -218 -144 -77 -220 8 129 171 
TEST 59 ARG:71 -58 200 -23 33 50 -128 -38 108 -55 -245 32 -158 -195 4 195 -87 -2 154 -189 92 12 -78 -102 41 -203 60 -30 -138 109 -202 -201 -172 -169 -71 -144 -89 190 237 -113 -244 -234 -19 -49 54 245 184 -119 132 78 -112 79 -122 -111 124 -147 90 217 -181 -33 67 -226 -180 -123 65 56 -42 189 95 -35 64 181 -241 -134 178 -149 122 174 10 224 -117 -137 227 -161 39 -11 138 -167 -141 -133 221 -183 175 -208 -63 7 17 -114 -101 -12 -27 -10 61 -76 -105 15 170 -132 179 140 -13 110 -165 -120 -217 -82 -140 193 86 28 45 47 156 147 107 -75 161 -9 -192 -32 214 21 -121 -39 -8 118 137 -50 -175 -36 34 68 125 182 101 -95 30 37 80 58 14 106 97 51 111 -1 -110 16 49 247 141 -47 -64 -154 -44 66 18 -56 69 -46 246 165 -206 -151 208 -57 -99 131 235 248 -228 -187 -65 -142 -209 55 -146 -21 -170 57 96 -159 159 135 29 -131 219 173 -66 236 185 -108 148 -51 -152 -229 22 -86 113 145 3 242 -231 -178 23 -83 205 -4 9 176 123 -90 -237 241 -224 -145 88 231 102 -243 158 44 -205 -34 27 -62 -15 197 -230 -249 -116 -61 171 -130 -126 -219 75 228 53 93 168 -7 -179 198 -77 42 -238 150 19 -48 -20 152 -45 -72 211 105 191 72 -91 0 98 180 -246 209 -41 199 142 82 121 114 -222 -80 -135 -5 -74 229 -211 -184 -197 149 -163 -212 46 91 112 128 -193 -104 155 172 -157 104 -232 -220 146 89 216 -153 59 -14 -100 -176 -60 -233 48 -6 -194 -107 38 63 -79 206 -127 133 220 73 -236 -164 120 -129 153 240 103 -52 84 76 207 -218 143 -68 -3 8 226 -204 -26 136 -54 -190 -235 117 -210 -115 223 -171 -214 225 -97 -106 -40 -166 31 -213 166 11 -96 -168 13 26 6 -29 -16 -17 -177 162 -109 194 144 -37 210 196 244 183 1 99 188 -43 -174 85 -227 2 24 127 213 -188 129 -22 -25 -70 -225 -124 186 177 238 -160 -73 169 20 -24 62 -223 187 36 -85 -28 70 -186 -173 -31 239 134 203 -239 233 -81 230 -216 -143 -200 43 -215 201 243 -69 81 -94 139 -88 130 -53 157 -93 74 202 -250 -207 115 -139 -196 -185 -221 -155 5 116 -150 234 192 83 -162 167 160 -248 -118 52 -148 222 87 -98 164 -247 163 -240 94 -156 -136 -198 232 151 -182 -125 -92 204 249 -18 25 -103 77 218 -84 212 35 -67 126 215 -242 -59 40 119 100 -191 -199 
TEST 60 ARG:-19 149 -184 179 -99 -107 12 218 -153 239 25 198 73 -232 120 151 154 142 6 134 -9 182 -158 -124 -250 17 176 166 125 -242 -100 -222 -119 -79 -194 137 -121 238 -97 -88 -37 195 -68 -173 245 138 -96 61 174 50 -29 30 -230 -210 -94 -38 237 201 83 157 213 -109 70 -137 -73 133 212 71 -35 13 -233 -50 214 208 -123 -179 -126 -28 -147 66 -229 215 141 -181 177 108 32 -98 -148 81 8 -207 -249 202 105 11 -24 -133 222 -169 135 209 -187 -140 246 -36 -82 -31 189 -228 172 -102 85 82 115 -41 26 80 -177 -14 -203 247 -21 -128 92 226 -72 173 185 -241 -118 -186 248 55 -54 -78 -136 -26 -248 -134 18 -197 -149 21 15 153 38 -11 28 -244 205 64 40 -195 -52 231 -17 -172 192 -129 194 233 -135 41 -209 -183 -34 -32 -218 -77 16 210 31 -42 170 -205 -219 241 -208 37 124 52 -247 -243 -141 90 -67 -111 42 -145 -237 59 1 178 -206 2 -114 -90 158 206 -182 65 118 156 162 -46 150 46 78 216 -74 -162 -168 180 -201 -185 9 -139 -1 63 -40 129 -196 -198 -164 -44 -216 -159 79 160 74 -189 93 -146 128 -132 -91 4 68 116 72 -151 -165 197 110 163 167 -175 29 132 183 112 104 0 -27 -180 204 193 223 -70 -104 48 123 155 200 -240 -155 -66 168 27 207 211 -89 56 203 23 -6 -171 57 -166 228 -225 5 -192 -101 -217 -236 -138 36 234 -120 76 -122 44 -18 -202 190 -178 -65 -57 -69 111 -76 140 43 -110 -154 -59 -226 130 -108 -13 152 -53 -60 184 -64 186 62 60 -58 232 -61 22 -85 -51 -113 -20 -103 -157 -87 -246 240 -211 136 -15 169 14 119 -33 161 139 97 164 35 -235 -199 -174 187 39 -223 188 100 -150 -176 244 143 -116 101 242 24 10 20 -215 53 -5 -170 7 75 -221 54 -214 -117 230 -220 -86 -156 -47 99 95 -93 84 219 171 127 249 -3 103 -56 -62 45 113 229 -81 51 236 -84 -49 -112 47 114 148 -22 3 33 -106 -16 175 -43 -12 -23 -125 165 -39 159 -231 -213 126 -4 -152 -160 -191 -245 220 94 89 -63 -10 145 86 147 -45 -200 58 122 109 -75 -142 -105 -190 -188 -48 -239 -7 98 34 -163 -130 196 -71 -144 -8 -161 225 69 -224 96 243 217 181 107 67 -212 77 91 224 -234 -25 -2 131 235 49 -204 -193 -167 -131 -95 -127 227 19 106 -55 -143 -238 102 -30 117 88 -92 199 -115 191 87 146 121 -227 -83 221 144 -80 
TEST 61 ARG:-90 -158 98 -194 150 111 141 -26 72 245 167 37 157 191 -218 -127 85 18 -42 -99 -64 239 -35 -73 215 114 104 -140 185 -45 170 -233 218 -18 201 -37 -107 136 -52 235 -61 -242 217 -114 -166 -185 164 -247 142 147 31 151 189 -71 -206 -115 97 -249 44 171 -72 -235 -95 -20 80 -16 -112 -84 -56 230 118 128 229 -53 102 -136 -159 153 -213 -229 152 -141 4 -204 -240 -119 190 113 -201 58 8 137 -195 67 -164 86 -131 40 -68 188 203 221 134 -70 -39 -11 38 226 -217 29 -89 -116 106 123 183 -109 107 -188 84 30 -224 1 34 -122 -40 -147 130 -62 23 -182 20 163 108 -6 12 -31 194 76 -128 -82 -165 -4 -17 -46 156 33 210 -210 95 197 176 53 195 -118 -2 -176 16 77 -85 10 -163 -225 133 132 -66 -77 90 -197 39 -121 196 240 -211 -103 165 74 11 -25 21 -192 122 -132 -175 91 -155 -167 -162 -168 -57 -177 249 -3 166 -142 -143 68 -196 214 231 135 75 -79 -92 162 -74 41 -199 13 -105 -156 -5 19 -152 160 193 2 222 -102 -133 -208 -126 -146 234 -144 -93 88 243 -246 110 -49 -12 131 -69 232 -36 139 45 79 103 73 50 -44 175 49 228 32 27 -238 89 5 -236 6 -80 207 52 -1 179 101 59 238 159 205 -129 -186 198 -125 213 247 202 116 126 216 47 9 -87 -202 -171 208 -234 82 -244 71 -117 -139 48 -248 -243 219 182 -83 121 -38 -101 -29 -134 99 100 -239 192 69 140 -124 115 174 143 -63 -100 -245 -78 248 -180 36 -150 -41 -7 199 -181 119 -110 22 173 -160 -230 187 158 145 -250 -104 225 -88 129 -123 144 42 138 -24 -193 96 26 -209 -179 -191 93 -8 -22 -27 146 17 -153 -198 242 -55 148 -94 -226 -172 87 -47 -113 244 181 241 43 61 94 -43 -54 168 169 -120 223 236 237 212 -28 -174 -75 -232 57 -50 81 233 211 -203 -108 -96 125 -33 -200 -59 -130 -65 -178 -205 -14 83 78 -21 246 -220 66 -215 -151 -145 -91 -157 180 200 -34 62 -51 7 184 -228 209 -76 28 178 -97 224 -216 -138 -81 -219 -183 60 220 -111 -58 -48 -60 24 0 -13 -154 161 204 206 -67 64 -169 109 -106 154 51 70 -221 -227 -19 -170 227 -9 -184 155 -190 63 120 54 117 124 -212 -32 -161 -214 -15 14 -207 -149 65 25 92 177 -223 56 55 -148 35 105 172 -187 -173 46 149 -98 -237 15 -241 -30 -23 112 3 -10 -231 127 -222 186 -137 -86 -189 -135 
TEST 62 ARG:58 -124 47 239 -83 229 201 -246 -11 -17 190 107 54 -93 246 -222 141 103 -194 -167 178 -81 -146 106 -210 147 -66 -109 124 170 -125 -136 -245 -147 -28 -118 17 -53 -247 63 -41 -191 -114 149 231 199 -221 20 61 -138 154 163 123 22 120 74 206 -40 96 85 -52 100 164 173 12 -82 236 181 6 1 105 137 -218 16 194 186 73 -56 0 -64 -10 -211 -70 -48 -72 70 172 -212 -155 -156 168 230 -192 81 -76 226 113 21 -190 210 -27 -111 -228 -132 -59 77 32 204 -154 180 -181 -140 -51 -54 -119 35 131 128 110 13 -163 162 -103 152 -178 -61 25 75 -193 197 -128 24 233 -241 78 46 213 247 45 -196 -121 -188 -160 -123 -43 249 -142 185 -24 -248 -135 218 -30 3 -29 -22 -88 136 -199 109 7 174 50 -92 193 171 232 220 -32 -80 -7 -108 -6 -100 235 129 238 90 -208 -165 -133 -26 -68 -67 169 -77 -182 -158 179 108 132 -207 -145 -249 -89 242 -102 72 -230 -19 -186 -169 -84 121 -227 127 34 -219 157 -201 94 165 -34 -12 -153 -143 155 205 248 43 -16 39 189 -97 66 175 237 153 -234 76 -217 -166 95 117 -225 -115 -206 -35 -185 -57 -4 33 135 -141 159 -131 -74 -25 -38 -148 68 -202 -150 -8 -168 -117 182 104 -195 184 150 80 -39 -151 125 99 202 98 -50 146 -213 161 122 44 -209 234 -47 87 -243 -87 227 214 -94 -224 -79 19 195 -63 97 2 53 -122 -55 -73 -174 -236 187 -113 49 -144 -216 -65 -116 -233 -170 -152 -91 -180 -5 86 -157 -159 28 -37 203 -226 207 222 -101 -244 84 -177 -238 217 244 -197 18 -104 191 -220 8 225 -129 134 144 221 223 -183 167 -134 -106 139 -176 212 133 14 -20 -205 -215 228 88 59 119 -21 15 224 -107 -69 5 -110 188 208 115 89 23 216 65 -204 145 -231 -172 -18 200 148 -161 -71 -171 -23 126 -99 64 30 138 -62 91 219 9 -239 27 114 -31 102 -189 57 -250 196 36 140 -36 56 -214 93 82 -2 -78 198 11 -127 -137 71 38 -45 143 -1 -223 -203 -42 4 211 130 245 156 31 -49 83 51 118 -242 177 41 158 -130 29 -173 -105 -60 -33 -9 -14 241 -149 -85 -184 116 -175 215 -98 240 -187 69 60 -198 -179 111 42 -120 -95 -44 192 -46 101 166 -164 -139 -240 79 40 151 -15 -235 37 -112 -237 48 67 -162 209 55 -86 -75 -200 -232 -3 112 26 -13 183 243 -96 176 -126 -58 52 10 -90 160 -229 62 142 92 
TEST 63 ARG:33 139 -199 -213 87 -168 -1 133 12 248 -52 -248 -29 177 -159 205 164 96 -232 11 102 -216 99 -246 -204 7 -173 -180 -200 -67 -100 135 -32 175 -18 -229 31 240 92 145 -47 27 -66 186 30 57 -57 -41 -99 -70 -6 -83 65 154 168 6 -30 -201 -210 67 -152 225 213 -37 -127 -240 -116 95 -198 -166 60 -110 86 184 -88 35 3 157 52 -12 -142 109 138 -97 -27 -244 215 -196 5 -54 -160 59 216 80 22 228 -220 61 151 40 231 -25 -78 233 -86 -175 202 -156 -225 28 206 115 144 220 18 -108 -130 23 73 197 29 125 238 -189 185 242 32 81 -172 -131 -82 -62 13 -115 -39 -236 210 93 174 -96 38 -153 182 -98 -202 -145 159 193 97 47 21 -71 -162 -126 -211 -245 200 -205 42 -165 131 -68 209 -195 -40 142 -114 -106 -65 -234 -16 -51 -136 -87 -7 -137 4 -228 -59 -94 161 -247 229 -219 -122 -242 -238 -101 -249 -138 -50 -76 -192 221 -80 26 -113 -3 246 117 208 104 -31 111 -43 -134 162 235 54 -117 -4 127 165 -231 195 8 88 -42 207 -81 -124 -146 -35 132 -140 85 -144 98 -149 34 69 62 -89 -102 -23 163 152 -154 -90 -171 83 -207 -135 212 -91 58 148 55 217 -10 247 -111 -84 -8 -139 203 244 106 179 53 241 19 -33 223 169 204 116 -190 -147 190 -223 -64 196 171 122 226 -250 156 124 211 230 -221 -157 39 -38 237 -243 222 71 -112 0 77 -74 -194 183 14 -109 -193 76 -53 239 -233 51 201 188 -186 167 -222 66 44 2 234 120 -209 218 -235 -161 -214 -11 84 36 -49 50 126 16 199 -133 -21 149 17 -158 -203 147 123 -73 173 112 -206 -163 82 75 15 129 -20 -95 166 72 -164 25 -45 -191 89 -188 -61 119 49 -217 -226 91 -104 -105 105 -2 180 232 224 243 56 -181 -132 -60 100 -36 -13 48 158 -148 121 141 114 187 63 -17 118 -227 -150 -176 -48 -77 -179 155 -75 -197 137 -143 -19 -215 134 236 -121 103 -120 153 -177 64 -34 -119 24 -58 214 -208 107 249 198 -72 192 146 176 -151 -85 -237 -174 -224 -93 -107 -28 -69 -44 110 128 -14 160 -15 189 130 -178 37 140 43 113 143 101 -167 46 -155 -218 172 150 70 79 94 219 20 108 -141 -56 -22 -187 -123 -5 178 -79 -182 -212 -63 -183 -125 -185 136 -24 -55 -169 68 181 -170 9 -26 41 -92 194 10 45 74 78 -118 -241 -184 -129 -230 -46 -103 170 -128 191 227 1 -239 245 90 -9 
TEST 64 ARG:132 -40 -132 -78 212 111 61 -99 -73 -12 220 24 -88 109 -203 -152 -124 -129 141 82 -61 -186 -31 -96 -82 118 92 -65 37 49 162 -190 -231 -6 -182 188 -177 152 104 -115 -205 131 -120 130 -100 124 -67 174 -114 60 -2 105 114 -125 -207 145 218 -157 -230 -112 -172 -169 -127 108 123 14 51 -9 56 -46 57 -141 149 155 -148 -208 -193 -81 143 -62 221 178 -226 -5 -192 121 -92 166 -204 69 169 -86 187 -87 25 110 -239 238 96 87 -16 161 -18 -183 74 -110 -72 -85 -68 84 42 95 35 86 -195 235 199 243 -36 -209 -139 102 248 -247 201 91 50 159 222 223 -166 -143 226 136 -90 73 189 182 198 237 164 -93 46 -199 -168 -151 -237 -128 165 -197 -224 90 -105 -235 167 219 154 -155 -140 134 -76 -54 120 -160 244 207 208 -75 -66 137 249 81 -89 -4 -33 113 68 -228 -23 -53 -51 -108 -200 67 -80 -7 209 -106 -122 156 -137 -24 -63 -184 -43 -201 181 -189 -45 -13 -52 195 43 28 -34 -212 157 112 205 148 -214 64 -42 -101 -71 77 116 240 10 117 138 15 100 -147 -56 89 230 127 -216 -240 -171 -25 -133 -187 -233 160 140 -111 232 -161 -91 -244 190 -119 -104 119 229 -83 150 -64 -222 78 -248 115 227 31 234 -202 -170 -118 44 -211 -57 203 0 75 80 -165 225 4 17 -150 -167 34 158 2 -55 -221 -245 107 214 -98 228 -154 213 -44 142 62 -102 -1 -20 185 3 20 246 12 -249 186 197 -138 -146 128 -210 172 -196 39 204 -28 -232 -142 233 147 9 -116 19 144 97 -95 99 191 -246 175 126 98 88 -215 41 180 184 231 183 72 -60 -35 -153 32 139 177 -32 -149 94 85 -107 -206 26 58 93 -97 -27 -37 22 -179 -163 -14 -58 -158 36 38 -50 168 18 -29 171 179 -123 -94 200 -220 -225 70 -194 106 236 66 247 55 -41 170 -181 215 30 -173 -47 -109 33 163 -174 -15 -130 45 -74 -242 65 242 5 176 -39 11 -19 -236 153 29 -178 79 -135 -38 63 151 122 16 -188 -176 -218 71 196 241 133 8 -185 -144 -162 6 -84 -227 -49 -234 146 -198 206 -48 -77 -22 -229 217 23 -103 129 -69 202 -145 245 -121 59 210 -21 -213 52 193 -79 -134 -175 -17 -243 -30 53 -217 40 54 47 -126 -113 224 -131 216 1 192 -191 211 -10 7 194 -136 -156 -180 173 125 13 103 76 83 -159 -11 -3 135 -26 21 -241 -238 101 -219 -223 -59 27 -70 -250 -117 -8 48 239 -164 
TEST 65 ARG:185 232 211 -236 -41 -199 -47 -7 -203 -144 -51 -152 92 -64 98 13 219 121 -126 -158 -44 128 31 59 73 47 -71 162 161 -106 -243 -190 105 -50 -241 113 -63 -195 -61 -179 163 167 -127 189 -49 -96 141 -169 -39 134 -226 218 -228 249 -82 243 72 -146 148 -104 187 57 236 -235 65 196 131 190 -189 -205 -182 -176 94 -95 206 -45 27 -20 -38 25 -187 -93 81 18 70 234 -133 199 -213 -185 23 -232 158 -15 241 -23 41 24 8 119 152 61 -18 216 -237 -202 112 -221 -167 -91 100 89 -171 175 -86 37 -112 174 29 150 -42 -52 227 102 28 182 26 74 -250 170 -77 201 -181 19 -224 159 -229 -48 -129 -16 -30 -166 -141 -225 212 -65 215 93 176 86 -83 111 -21 -53 223 231 -3 133 -100 242 21 103 -191 -197 -208 -120 63 138 -123 -154 -76 -108 -80 200 -59 157 -155 124 50 68 -1 203 66 48 -105 71 -90 -81 -8 -244 -164 -231 -248 84 -58 237 64 -142 7 171 180 -97 -219 143 3 1 126 -33 108 235 125 32 101 -27 -240 122 -9 -230 -234 -233 -2 77 147 194 197 54 156 35 -5 -56 -10 -151 110 67 230 22 -29 106 202 -148 -138 -165 4 198 -177 -238 207 -107 -121 -62 96 248 -118 -161 -111 99 228 -206 217 -87 -135 34 16 55 -246 183 44 205 140 -173 -31 -28 -25 168 -113 123 146 -216 76 80 -188 208 45 49 90 87 -102 -175 177 135 -245 -13 0 155 -68 38 246 -35 -201 -19 213 225 46 14 109 82 -85 42 -60 60 164 -69 244 -84 -163 -209 78 -89 12 -215 204 -143 -78 114 -75 -196 -14 40 -150 -98 -239 149 15 -145 -207 -131 -157 -125 -170 -11 -180 181 132 -4 -156 -119 -153 75 -198 129 166 51 240 144 -24 116 -22 229 192 -168 -192 -220 10 -247 -124 33 226 238 6 -128 -34 118 117 97 5 -79 193 233 62 69 -43 165 -74 20 -140 -109 221 9 -57 -149 -137 -210 -54 -70 186 -36 -159 220 -134 -172 -72 85 120 91 210 -55 139 184 104 56 -114 115 224 -218 -99 -67 -211 -223 -174 17 -214 -222 -17 222 195 191 178 173 -249 153 -139 -147 209 -94 83 -6 88 -46 39 169 -178 160 -193 -103 188 -184 136 -136 58 -110 -117 43 -194 -66 -200 107 -183 151 79 2 -204 154 52 -116 -26 -115 -160 -122 245 -132 -162 -242 95 -12 -227 -212 -92 137 11 -73 36 -217 179 -88 127 172 -130 247 239 -101 -186 -40 145 53 130 -37 142 214 30 -32 
TEST 66 ARG:44 174 -63 -231 167 -203 -202 -179 -5 -41 33 145 215 247 126 -240 -87 -136 103 -211 -51 -140 135 1 25 -55 -146 163 -96 87 186 158 -90 47 -57 -175 -80 -6 31 122 -126 79 50 38 0 197 168 102 -151 26 -81 -21 -114 -223 -213 -142 114 123 37 161 72 83 -109 -16 -32 19 39 -100 -54 -166 150 232 179 -232 -229 195 17 -141 -122 222 113 -242 100 -116 108 236 97 -156 -172 -91 -11 94 -171 -225 -222 -182 -238 -34 -76 42 9 244 -37 233 118 155 -150 68 60 86 -61 -42 -89 -224 175 176 20 -121 229 -28 132 51 117 61 -236 -228 -50 226 178 -188 3 -47 -94 -68 124 206 -49 -110 -168 -53 55 177 -48 -164 -30 -235 141 242 198 119 -153 64 112 -15 -98 172 -249 52 230 81 144 -144 -195 -7 -157 189 -246 217 183 -192 -227 128 65 192 59 -2 -106 160 193 -191 -226 208 194 -196 190 14 -233 21 120 32 80 -24 -218 98 -3 4 139 78 -83 -197 22 -1 -26 146 -185 131 218 10 -44 11 -82 75 -124 -165 -119 40 -101 -143 -212 130 164 203 -86 -104 -199 235 209 152 -162 -107 -35 24 57 -155 -112 -210 -147 29 187 63 -219 88 -25 -193 -178 -135 165 -19 -205 69 154 -88 -159 -118 -69 199 -62 -220 -105 201 -149 92 -43 -181 -45 133 91 15 -4 -234 162 -20 -194 -130 -201 -85 -73 212 -108 142 -18 241 -103 45 182 -23 -134 74 205 136 -64 -138 213 -176 43 166 -92 180 -158 -160 219 137 -170 18 127 143 153 -71 -230 173 115 -113 156 -161 23 -127 16 -17 -65 191 93 107 227 231 -247 62 221 30 -97 -38 249 200 110 -177 -29 -128 -102 -206 216 -248 184 -186 -79 159 105 -58 90 -244 82 27 134 49 -154 -131 -120 -133 -241 -145 248 109 54 89 -180 140 170 -189 76 -36 95 -132 84 157 125 -237 169 -187 28 121 181 171 34 -123 -174 70 -163 -10 -190 -31 210 -243 240 -139 -99 -84 58 207 66 116 -152 35 246 -169 -137 53 196 -208 -59 71 129 223 220 77 -167 41 185 -72 211 -67 214 -78 -173 -70 -214 225 -215 -12 111 -14 -77 -33 -22 224 -129 -217 151 -60 238 -46 101 -75 48 188 -9 -207 106 228 -198 6 -115 96 99 243 -93 138 245 56 -8 202 -125 149 -245 -184 12 -95 -183 237 36 -216 -239 -74 85 -221 7 -27 -66 -209 -56 148 5 -200 13 -204 46 104 204 -111 73 -40 -52 67 2 234 -13 -250 -39 -117 239 -148 147 8 
TEST 67 ARG:-18 -139 -43 189 218 71 -54 -87 156 -3 -58 -73 -30 -171 -120 -237 12 -190 174 194 -232 -202 36 109 -127 -23 -21 180 -112 92 188 123 -111 171 245 144 -42 -105 -13 -60 20 224 107 55 18 -33 -77 3 246 114 17 -145 -174 39 -132 167 -16 247 58 187 13 158 177 -223 -19 -155 66 -213 52 15 149 230 -216 -150 -6 54 -44 -45 -22 -121 157 -196 135 -236 56 217 -152 112 202 -50 -158 147 -244 131 -103 -247 -226 211 170 -106 -185 -143 129 -53 -241 -221 -91 -99 -29 -148 -126 122 105 -49 -230 49 -130 209 -140 212 -163 -9 -131 -47 -137 -248 -114 169 30 244 -206 -211 -17 127 -159 -109 126 -61 145 179 184 117 214 208 -97 40 159 -184 -27 -15 -80 116 222 148 -57 -90 215 111 -181 -207 102 153 -115 190 -82 150 204 -93 -104 85 -64 96 -198 -246 236 -117 31 67 -173 -144 38 -191 68 219 183 -69 64 -59 -7 151 76 -186 50 35 99 175 -222 196 101 -218 207 -168 -83 172 -175 89 -5 -228 103 124 -141 176 32 -66 233 226 118 -233 42 198 181 87 205 165 -189 128 -165 8 84 61 47 136 234 243 -94 -32 195 -161 -200 43 -187 -79 98 203 -135 62 -96 -12 221 -250 -107 -40 22 -24 -88 125 235 -177 -194 138 238 162 78 -178 -28 -35 -234 182 -167 100 -92 -56 237 -95 -75 231 -86 -138 26 -71 -151 97 -10 60 239 -193 -192 1 113 70 -225 216 191 -235 -195 -153 -170 -31 -124 91 141 -11 80 -118 -182 185 -108 106 33 200 14 -227 -176 -37 -20 19 -209 232 -38 -214 25 65 229 86 2 7 227 -51 -147 -78 -41 -55 53 94 155 -98 -229 37 0 164 -188 -101 -2 57 -36 146 110 29 -39 -212 -243 -156 248 -76 -242 186 -119 154 34 -238 77 -84 -133 -129 -68 -89 -65 51 -142 223 -34 10 193 197 5 -154 -85 201 41 130 -220 -4 -52 -67 241 -162 -197 -14 -81 27 -203 -149 249 44 -219 210 81 161 213 -240 -215 24 -164 120 88 220 -249 -208 -102 -25 -183 192 -160 -100 4 -224 -157 -231 -62 6 -63 -125 59 -179 -113 132 93 173 139 16 -48 134 -180 69 -72 225 74 -74 115 48 21 -217 83 72 163 95 73 142 119 -239 178 -166 240 199 9 -128 90 63 -136 45 -205 28 -1 -70 152 -169 -8 46 166 104 -123 79 168 -122 -110 23 -199 -26 140 -146 -245 108 133 -116 -201 121 143 242 -204 -134 228 11 137 -210 160 206 -172 82 -46 75 
TEST 68 ARG:-240 -234 -83 -34 55 40 30 -103 43 -191 33 233 -105 -23 -230 198 -70 -172 -16 -67 -208 62 92 -20 -142 143 -63 101 -161 -205 -136 103 16 94 -95 110 51 -203 17 82 146 60 25 -235 -92 -71 -77 230 -137 -7 121 228 -207 -140 -204 -4 138 221 41 28 180 -117 237 -124 -6 -40 -169 -130 47 176 84 34 236 116 -27 161 -106 -174 -42 89 -211 -66 -160 -104 31 -96 -21 184 111 -197 159 213 104 209 -45 196 -82 -57 212 170 -217 96 -182 -246 -97 -213 239 248 23 -222 -64 9 106 64 204 -47 115 88 157 36 229 -17 11 207 -121 185 79 -154 -185 -245 49 -199 -109 -210 -115 -219 -99 -150 158 129 66 214 -193 95 -166 245 -220 164 -10 131 238 -59 -194 -206 -74 -30 112 132 80 156 -125 -162 218 208 72 27 -37 -202 136 -177 -88 -239 -102 37 -131 160 151 -54 -236 54 181 149 -41 -98 35 -183 113 -12 58 -122 -184 86 -126 -15 -218 124 42 190 187 105 91 191 -159 -231 57 -33 220 -28 -237 175 -215 -36 45 -32 -163 56 211 -49 14 -90 174 76 -68 -181 -147 46 -141 210 -173 135 231 -127 117 71 5 63 -13 -200 223 141 -14 126 179 140 -50 8 -190 21 225 -85 177 -69 -143 -209 182 -78 200 32 -24 -232 -91 -107 -216 247 -158 -221 -233 109 -186 -189 -241 205 197 -214 85 53 7 -157 38 -148 118 153 155 163 -114 -53 15 -156 18 216 -238 154 128 -178 -56 39 -73 67 -145 -118 61 -164 -123 188 29 120 -225 171 98 83 107 -81 240 -179 -61 232 -198 68 77 -201 -26 142 -249 165 90 -139 183 226 -171 -170 193 144 -2 202 -72 -132 -84 -165 6 234 249 -242 217 22 -108 -152 114 145 -25 -101 127 2 178 -86 199 -75 147 189 -79 -58 -248 -18 -116 -244 70 -35 -80 26 -175 194 -3 52 215 -9 168 172 123 -188 93 -29 206 59 192 -167 173 99 224 65 -134 122 -224 201 13 -48 -5 139 -144 -46 186 241 102 148 169 -11 44 -38 3 -180 150 73 -187 -76 -155 -119 100 162 0 12 87 -196 97 -133 235 219 -39 -111 -1 195 81 -195 244 50 24 -176 -100 -226 119 -153 -60 -43 -243 227 -223 -129 -168 137 -31 166 -128 -110 -19 243 20 -44 -62 -52 74 -89 -55 48 -93 108 242 222 -8 203 -65 -138 -146 -87 -151 69 167 246 125 134 -228 -149 -51 4 -229 78 -192 -120 -212 19 -22 -113 -94 -112 133 -135 130 152 -227 -247 75 10 1 -250 
TEST 69 ARG:149 -244 103 -125 104 -198 -35 94 -27 -220 228 -159 -80 9 15 -90 -208 130 -106 136 -11 -168 -132 173 -112 36 83 -93 -33 239 178 185 -191 1 -30 109 10 -185 -195 -216 245 -51 206 155 -88 172 -153 144 -25 213 -167 -245 31 -180 -36 -3 18 -72 -1 -246 204 -44 -238 59 -237 194 -147 180 -186 12 -228 13 -250 -136 145 64 -192 -29 -82 153 -193 142 220 72 147 -172 -150 35 98 235 32 -61 -52 -133 63 122 249 -96 132 -212 -231 188 -203 90 230 -197 33 -196 -57 -164 -140 -175 -89 99 -202 160 246 133 77 -108 186 34 -109 -230 -138 3 167 52 -68 -32 242 -49 -37 -123 -59 61 182 -218 -129 201 -116 82 6 165 163 241 218 -173 233 108 -144 159 -134 120 107 -69 -156 118 192 -141 193 23 -137 55 135 79 37 60 -182 -63 -162 45 -184 210 -40 190 -98 -146 46 58 -142 81 177 -209 207 -210 -31 -152 217 212 57 -110 169 97 92 140 112 174 170 203 139 65 -91 -55 189 -183 -240 71 -101 -53 66 -149 -163 -28 138 129 114 -71 -229 219 106 -97 -47 -12 -66 168 214 51 -19 -199 187 200 166 100 -232 -73 47 -127 73 240 96 93 -76 -226 86 -107 -176 74 -214 -207 205 216 -130 -45 88 -131 -161 -166 -221 -213 11 19 128 44 -56 29 5 237 196 -243 105 -222 20 -239 -15 17 -48 -14 75 -204 116 150 -102 89 14 -181 -114 42 4 209 -43 119 -104 -17 49 -8 -86 69 -78 231 -60 -119 7 -151 -13 156 -42 -247 28 27 198 50 191 229 -92 183 -157 176 157 -242 158 70 117 197 137 -248 -81 53 -217 -154 -177 -99 80 126 -165 -139 -84 175 25 -234 16 -5 -39 -77 227 -62 -206 127 111 -223 225 -170 -7 121 -117 -105 2 162 -171 -34 -87 -2 238 -201 21 43 202 -233 234 124 -122 -145 -189 113 -23 -148 -46 54 148 -67 244 -64 -85 -58 -103 -94 68 179 -83 -235 -158 26 102 -74 -75 30 134 40 78 22 -4 -113 39 243 154 -188 -205 171 87 199 -236 -20 -194 223 152 -160 123 -54 236 -79 -111 110 -21 -24 -128 -227 232 195 221 -190 215 151 146 -10 62 -225 -126 -9 248 48 -70 -121 -215 -118 141 -211 -241 -135 76 41 24 -224 115 0 -143 -169 -120 85 -174 -41 143 161 95 8 56 184 181 -115 -16 226 91 -65 211 -187 84 131 -6 101 -178 38 -124 -179 -38 224 -26 -50 -100 -18 247 164 208 -249 -95 -200 125 67 -219 222 -155 -22 
TEST 70 ARG:-242 -59 -5 130 -17 168 106 234 -110 194 -3 8 -237 187 -204 -76 136 -129 65 -214 -236 -215 31 -46 -168 -175 -6 219 131 9 205 -161 -225 -186 137 84 -193 -166 197 -94 -1 63 -140 59 103 -81 27 39 -238 83 154 11 208 118 105 -98 -73 -142 -101 -119 71 37 -146 -107 -201 -239 13 -19 44 -54 -66 -90 -211 167 -35 -123 -41 -58 -89 45 134 36 188 19 -7 221 -133 165 -26 138 186 48 248 3 -182 -31 -108 226 -177 21 -53 86 -151 85 54 -84 228 73 50 -75 -226 190 -71 -130 112 126 -22 -232 91 125 -115 200 29 -4 220 57 -102 -77 108 -87 -23 -249 -78 -49 -55 104 231 -159 42 180 123 -96 241 214 222 -40 -196 16 227 -164 64 -203 178 144 238 40 -92 124 -178 -128 107 145 58 -34 196 -195 109 -10 -13 213 -91 -147 -139 90 239 -52 26 68 151 38 160 -198 212 -154 25 209 210 115 -173 -176 143 74 -189 -169 -2 -44 89 -28 -181 -47 -126 215 -220 -197 158 -156 99 2 -191 218 -200 -231 18 235 -205 -25 -122 166 75 -105 211 -218 141 61 181 156 172 10 56 72 -180 -97 -230 155 -234 -244 173 146 207 -121 22 -141 24 193 -224 -192 230 77 182 -69 206 245 -153 -143 -16 -45 202 163 179 -15 -172 148 -33 -70 175 -48 -158 142 -148 195 -170 -62 -86 128 -199 41 -144 -248 229 -67 -114 -30 30 -118 110 -228 152 232 -207 -36 233 51 78 139 119 -137 -160 -235 12 -82 -104 33 -208 5 -134 162 -56 -131 -57 -247 -109 -184 198 -152 -8 88 -83 46 67 135 -138 28 -106 -202 -120 52 -250 55 150 0 -61 -80 93 249 -116 98 -64 240 87 171 35 81 224 -132 -222 -150 4 216 -11 -179 -12 34 -88 -60 49 -135 192 92 60 132 243 -124 -227 169 -188 79 -113 -9 -183 -233 32 -174 -245 23 53 247 -18 102 161 97 225 -223 -240 100 20 -127 -103 -155 -216 -65 -149 184 -39 -20 -210 -93 -206 -212 -27 -117 177 129 15 237 -190 164 117 -171 -14 17 122 -72 236 217 101 -209 -162 -51 -213 -219 -187 246 140 111 76 199 -163 -194 -145 -246 -79 -37 1 -111 -95 -112 82 7 -167 203 114 174 -185 14 127 -157 47 -43 -74 -243 70 157 183 66 159 176 170 -100 94 223 -42 -221 -38 116 185 -85 -136 -68 153 133 -217 -99 -125 201 242 120 -29 113 -241 6 80 121 244 -63 43 69 191 204 95 -32 -50 62 -229 189 149 147 96 -165 -21 -24 
TEST 71 ARG:120 0 40 -152 31 228 107 -118 73 156 69 218 178 -148 21 121 -2 234 22 8 132 249 -80 77 61 -183 -41 -248 -247 -197 -222 -205 190 -63 -30 -174 59 247 71 -150 -109 30 172 -75 -135 241 -216 -190 -19 14 -157 -27 -170 138 187 -98 -12 -238 25 -161 214 175 2 -108 -188 -249 -235 -245 -151 232 -125 5 237 104 -32 20 -228 39 208 -5 3 13 239 171 67 151 33 -35 -74 -201 -218 38 -16 246 -112 233 -210 -122 -50 -121 244 -78 213 124 142 -117 -176 11 48 -99 176 193 54 196 -160 -70 140 139 47 96 62 209 134 42 -107 -124 189 -17 -104 157 160 200 184 108 79 -13 -65 45 -132 144 -146 -168 122 -114 37 -28 -116 -162 128 50 -62 36 -208 17 206 118 243 221 49 -221 -110 155 -144 26 225 88 10 216 162 -155 226 78 166 -226 179 -171 -165 116 -71 167 74 -225 147 66 60 -68 154 68 -42 -67 153 -224 16 -223 -182 -136 238 127 95 -90 -219 19 -200 -77 173 158 -96 242 -227 76 -237 -142 198 101 -204 204 -198 129 92 -66 192 -39 -89 185 35 15 -64 -172 203 -178 188 -21 -139 -56 -33 -15 -169 -84 24 -129 -113 106 130 93 227 84 100 201 -82 -130 -159 219 -128 230 -59 143 229 -93 -45 -36 -173 111 87 -76 -126 -20 236 -194 217 -49 -127 -102 -187 119 -79 -231 125 -233 -85 -244 109 183 161 34 -195 -8 186 -158 222 -214 202 27 -184 -91 -185 -202 82 85 -46 -94 -115 41 105 -133 28 -60 -7 212 97 -234 197 6 -241 -179 163 -29 -141 136 57 150 51 -143 -156 -92 -88 -181 -145 -189 -106 -243 23 -111 191 -193 18 152 169 -48 -220 248 168 -72 -58 99 -239 -236 -103 55 149 -9 195 231 -10 -164 -55 137 131 90 -140 -232 181 -137 64 -57 -54 123 65 164 83 52 174 -100 -24 114 -246 -34 7 220 -138 159 -3 -203 177 -196 43 211 -6 -120 199 102 -11 63 126 145 224 44 53 -217 -180 -211 -31 -166 -147 -123 207 94 -25 165 -186 80 194 29 46 -52 146 215 -97 -101 113 -213 135 -44 170 -18 81 9 -167 -242 -191 210 245 -229 -69 205 -240 -4 -1 12 98 -209 -250 32 -38 -131 182 72 -215 235 -40 70 -163 -87 -230 -43 -81 -61 180 -192 56 -51 133 112 58 -199 -22 89 110 -134 -26 -153 -73 -149 91 4 141 117 -23 115 1 -86 86 75 -175 -53 240 -37 -14 -207 -83 -154 148 -212 103 -47 -105 -119 223 -95 -177 -206 
TEST 72 ARG:-218 233 236 -48 -234 -106 -99 -149 188 128 -202 77 175 218 -15 31 208 203 -5 33 39 2 -56 -95 28 114 220 74 -174 48 27 38 -226 116 -75 -28 -129 113 229 -167 178 199 183 -25 92 78 -40 81 55 -133 94 130 -81 -130 -196 11 32 -27 185 -50 51 176 -246 -42 104 85 115 -187 -74 157 -119 17 -228 37 230 16 -79 -20 -193 177 215 138 -114 -111 136 -62 82 -73 -239 -113 -231 49 9 120 57 95 237 -136 -3 118 44 -215 -108 -150 221 -65 -208 -107 43 3 -142 -128 87 -47 -51 179 53 -160 -230 -88 147 108 24 -54 -148 -165 -13 111 -192 -241 -143 -92 -66 -36 47 100 40 149 -216 -227 -1 153 50 64 -6 201 -77 -144 21 -71 93 155 -57 134 -176 156 187 145 206 109 -197 146 -236 -19 -245 159 -164 197 -78 97 -38 -195 -146 -185 143 22 -10 189 -223 -105 15 -232 212 210 -118 -135 163 36 -225 73 228 -177 -138 -60 106 245 -31 -163 222 -184 18 -72 -121 -157 238 204 -243 -2 -12 -153 -140 -80 -161 -170 -102 61 -85 171 -175 235 42 -139 -183 41 -39 -45 -101 -98 -235 91 -24 -90 -53 112 186 -112 249 -179 -68 174 46 -209 141 -222 162 169 -55 -214 -221 86 107 103 -186 -198 -41 172 70 -17 225 75 -123 -213 62 6 -200 -122 -244 194 -158 195 -240 -191 161 -120 -201 -199 182 -110 -115 -49 211 122 -173 -181 -64 -189 -155 -127 4 -23 198 127 52 142 26 224 -91 65 -104 -171 -242 98 -7 -43 160 -97 66 184 -219 -190 223 -188 168 -63 -67 -89 -37 -125 -86 -137 152 69 -206 -96 248 170 -159 121 -207 -11 119 0 -126 217 -131 -30 167 19 -76 -94 -156 -93 -109 137 7 144 68 -14 240 -134 14 125 -154 20 -83 -217 234 -145 -211 -205 -141 -82 231 -247 244 5 90 164 117 89 207 84 23 243 -84 -29 110 150 227 -147 101 -21 -212 213 126 209 45 -249 -229 -33 226 72 105 88 63 60 79 -132 190 -166 76 -116 -26 96 -237 -52 83 219 -224 -9 154 102 148 -220 241 131 247 -194 -250 139 -210 -162 180 -248 8 -69 123 99 -117 -58 202 34 -238 -180 205 80 239 232 -124 -100 -46 10 -103 165 -59 -172 -204 30 -44 -178 -8 35 124 -168 -151 193 -233 133 135 -169 -203 151 12 166 181 173 13 140 1 71 25 -70 246 -182 -22 -34 -35 59 54 129 191 -87 -4 -61 214 -152 242 -16 56 132 58 196 -32 -18 200 29 192 216 67 158 
TEST 73 ARG:-233 -175 -57 -4 -188 -116 15 180 239 87 -212 -39 -55 -186 -204 110 109 224 -187 17 205 230 -222 57 65 -37 -36 -85 -44 143 244 -35 -172 -78 -86 102 -50 -45 -149 67 -161 -26 103 12 132 166 -32 150 -173 158 213 131 27 -225 -182 -150 -9 -83 -146 -81 29 -152 58 187 146 -123 -70 232 -73 215 237 -141 46 129 -76 -131 -145 238 60 -69 -176 -234 -154 -47 -135 -136 104 -34 100 214 228 97 -181 96 204 -201 42 -100 -33 -3 0 190 66 107 148 -52 193 203 18 243 144 -28 -107 89 209 -137 -25 16 44 219 185 -66 -209 145 -194 2 -216 -148 48 43 -60 -115 -120 -167 170 61 -130 133 -202 119 32 22 -22 -247 194 248 105 226 51 -214 210 164 -42 -88 83 -90 -245 182 79 -221 -2 118 227 92 -71 -10 134 -240 -54 -243 4 116 1 -41 183 111 -153 137 206 -165 211 -208 -96 14 172 122 -183 -67 -235 86 -155 -53 -82 59 -124 26 -98 247 -104 -180 151 -157 218 -160 191 8 196 178 161 -217 128 -94 53 21 85 39 98 201 112 -164 149 208 -151 -84 -223 -139 -219 108 -16 -17 242 125 -46 156 5 -138 23 80 -200 -174 41 101 -196 70 126 74 -91 141 -250 -228 -111 -102 -239 -244 -163 -158 -6 127 30 -211 106 -207 19 -108 -75 222 -159 167 165 84 199 -105 56 -59 62 -190 -23 88 159 -110 10 -231 -215 95 -213 173 184 -11 162 -178 -19 90 34 235 198 -62 -147 -132 63 -74 -101 -65 -220 45 123 -118 197 36 -77 -170 171 -72 163 50 217 246 31 -177 -156 -134 75 212 -31 -227 -238 223 40 117 -125 -51 -168 -122 -198 120 93 249 -29 -49 73 233 216 -218 37 -106 52 35 -206 -166 168 -191 -195 -1 -162 188 -64 225 -14 -237 192 -248 47 241 -15 -103 113 -8 -27 72 -21 174 71 138 -12 121 -140 -80 -197 234 64 81 -20 -114 186 -43 220 54 -224 91 202 -56 231 236 -199 -109 -38 -179 25 -185 124 -112 160 -203 -113 -192 78 -92 -236 68 7 -95 140 -97 -119 115 245 130 142 175 -210 177 -128 -61 -189 152 -241 38 3 -242 -133 136 69 -142 33 -127 -184 -7 154 -79 157 82 -68 -58 -171 229 28 -24 195 -99 -87 -230 176 -232 -126 11 -18 155 200 -63 -144 153 114 -226 -229 -121 6 99 -117 -40 -13 240 -249 -93 9 -89 -205 135 139 13 -30 76 179 -48 -143 181 -169 207 55 147 77 221 94 -129 189 169 20 -246 24 -5 -193 49 
TEST 74 ARG:-18 67 166 246 68 58 99 24 145 -10 -220 -157 80 -112 -174 -226 61 -54 -212 74 196 65 -17 1 -153 21 165 -240 210 95 236 -74 214 237 -120 217 70 108 -144 129 -206 64 -142 -77 -13 -250 -46 -23 91 57 -217 -102 199 146 54 -52 -228 -189 -125 227 155 -64 221 -231 -29 -164 242 -150 -245 238 222 109 -167 -224 -145 -88 98 241 144 174 -85 66 193 19 -141 -182 18 -7 -107 -116 -213 -195 133 130 -41 167 137 -135 79 147 -175 15 235 -113 -227 8 -30 -80 69 -75 106 162 136 -248 -216 -4 -78 191 16 249 30 -9 -111 195 -229 -45 -126 -177 -178 -36 -196 -161 27 188 -53 206 -239 -214 132 94 247 138 103 63 55 -27 39 -99 -14 183 225 -146 142 -20 -96 -33 171 -79 172 90 -232 185 -185 187 -148 -90 135 -172 56 159 -246 -106 -131 230 -147 178 -81 -15 -201 -72 -117 32 72 43 -50 37 -31 38 123 -180 -193 -152 -205 120 78 75 124 231 -176 -68 -159 10 190 41 92 -207 107 93 -103 -97 115 28 -149 13 -129 176 153 111 22 126 84 -225 152 -237 118 -143 26 5 226 128 -101 -83 -190 141 -25 35 -2 -62 -95 85 114 -208 -155 -188 14 47 -199 157 -86 216 149 -48 204 182 175 119 212 87 140 6 -121 -249 197 184 -70 -55 -16 89 -194 -39 0 173 81 244 -118 12 40 83 127 -1 -243 -56 -233 219 82 122 2 -22 228 71 -158 -91 -238 161 158 49 59 62 -8 -211 131 86 -59 105 -163 -242 223 139 116 4 36 -40 9 46 -235 113 -66 -127 -60 245 202 -154 88 -12 -134 -128 248 -132 -186 229 -93 -166 179 198 -24 125 100 151 -165 -63 -123 11 112 -171 160 34 218 -210 42 168 -221 -170 -87 209 -191 23 -108 -130 96 -124 -184 -133 -156 148 -204 200 -34 -162 -230 -140 -57 -94 -69 -109 164 156 189 -105 -19 186 -236 -136 150 104 -26 208 -160 -37 20 -192 177 -98 77 33 25 243 -169 239 -61 -151 -43 -67 -58 17 207 205 -222 -198 -223 154 -65 220 -183 -203 -47 44 -11 213 53 180 -110 -89 163 -32 -219 234 -122 -215 -76 -71 -119 134 -209 29 121 -3 -35 101 -241 232 192 194 -5 -104 143 -6 -28 -138 -82 -173 -84 76 50 -100 -115 233 240 -202 -168 170 -181 45 -197 60 -49 -200 102 224 97 -42 73 203 31 52 -234 -187 -51 -218 117 169 -92 201 181 -137 51 48 -44 -38 -179 -21 -114 -244 -73 211 7 110 215 -247 3 -139 
TEST 75 ARG:-151 157 -41 -162 0 247 182 10 -173 -167 -147 20 -7 -95 238 -211 38 -78 142 -207 68 177 -209 105 -182 239 -122 -140 104 80 -157 -66 83 72 56 199 29 187 -55 -185 53 -85 -139 180 -65 -138 -181 37 2 225 91 106 93 -67 65 -27 -168 67 5 101 -213 159 -154 -88 132 146 -57 -221 -196 -75 -248 -183 -42 85 97 -146 249 35 54 222 95 -5 220 -64 -192 163 -230 87 -40 -43 122 -76 166 -29 137 -80 223 160 -177 -23 -171 82 123 -246 -189 -202 226 -87 -233 202 231 126 147 -21 -172 -108 228 -224 -49 64 -22 -176 62 -204 -208 19 208 -214 -153 -156 172 -227 -89 192 26 -184 66 -77 -229 45 -216 158 32 212 201 168 -14 9 216 227 205 -143 -91 13 -163 237 -120 52 -97 -228 -150 190 211 176 79 -242 63 -24 90 162 111 213 -36 -39 243 -194 -32 -45 191 -178 240 165 -63 -16 219 -74 -135 -61 -222 235 -109 57 -128 -2 -90 184 -187 -106 -175 14 112 218 -38 229 -239 71 43 154 -169 -141 241 203 -164 174 -11 -127 -148 143 -47 248 221 194 151 12 6 55 94 -136 117 84 -234 152 121 -86 -112 -133 193 -52 75 34 -166 -237 -81 129 21 -73 -225 -116 245 215 73 -134 -46 -238 183 -159 148 -149 -70 189 47 209 127 40 -105 145 -62 -1 -179 41 -12 198 -117 22 -51 -205 -186 -34 156 179 76 8 -144 197 -100 -69 4 224 141 -193 -203 119 109 214 69 86 60 185 110 27 -220 244 116 -103 100 -31 -118 161 -210 -180 16 -82 -19 -119 -59 217 -68 39 -28 103 120 140 -195 17 108 -190 59 -93 -115 46 -6 -231 206 23 153 -200 131 -44 -250 42 -18 -217 150 -25 -199 -110 -249 77 99 -158 7 -83 -96 -126 139 -98 135 -198 155 -160 -226 -121 -4 89 18 -13 78 58 -137 81 -155 3 118 196 28 30 88 -10 -130 136 -101 -174 70 188 233 -247 149 -240 -123 33 204 -50 44 210 133 -218 125 -48 242 -30 -107 -79 96 -111 171 -188 -241 200 -53 178 -223 170 -104 -197 113 -84 234 115 51 -58 61 195 232 173 11 124 -92 36 144 186 50 31 181 -72 -124 92 -56 -142 48 -60 -145 -212 -71 -244 -236 134 164 107 -20 175 -243 -131 -26 -132 130 -99 -245 -206 246 25 -114 -35 -113 236 207 -125 74 -102 -235 169 -152 138 -94 -37 -54 24 -9 -8 1 167 -17 -170 -15 230 -232 -33 128 114 -3 -191 98 -165 -161 -201 -219 -215 49 -129 102 15 
TEST 76 ARG:-186 225 55 -187 -55 -129 -146 -86 195 -141 150 172 -107 224 -119 -209 -117 134 104 86 -143 -127 110 -21 197 -162 -10 84 -4 -213 -226 161 132 -111 6 103 -122 -249 -90 35 182 -62 -92 -96 72 1 22 -14 -190 108 59 114 -215 212 -57 47 -154 -140 -83 43 238 211 49 38 -36 28 29 -106 -103 -54 -15 204 80 139 196 206 44 99 -84 -174 -219 -56 102 -248 201 -35 246 -230 96 -47 -100 178 -185 165 -17 64 -147 -183 92 -158 -149 112 56 -123 -195 9 230 -130 -169 -11 243 91 -197 53 -9 -44 82 -78 23 188 124 -71 39 -73 -112 -24 -87 221 -250 152 16 79 -241 100 176 -113 210 226 -204 94 8 159 219 -116 13 -34 -41 218 -77 -39 234 -40 -82 83 67 233 -93 160 -200 198 129 138 5 -37 175 81 -133 141 -152 14 -46 30 216 106 -74 -88 171 -172 -236 -13 -32 -50 123 85 77 125 -225 -125 -105 -247 2 -182 90 241 -109 -6 71 68 -134 214 -114 -124 177 -63 -69 235 -23 184 194 -218 -184 -108 137 26 227 97 -224 -166 109 -26 -5 -76 -193 -180 -239 42 -52 244 -142 247 46 107 -153 -223 32 187 -28 205 203 0 173 113 -81 89 153 65 -60 120 -132 74 20 -211 -167 237 75 -102 -192 15 -234 -245 50 -179 -173 143 -181 163 -43 -178 -18 -3 183 10 -148 -202 -98 -22 -168 -79 57 156 66 -29 121 -214 -243 115 148 -95 -80 11 -48 -240 -75 179 70 169 146 180 33 -201 192 -210 236 -175 -128 105 240 167 213 -38 -61 249 -49 209 41 88 -208 -53 69 -138 27 -176 17 -115 142 12 34 -94 -20 73 245 -51 -101 -205 93 52 60 168 -151 -155 117 -91 -65 128 -45 -8 -64 248 -203 -144 193 -19 130 239 36 111 170 40 98 24 54 3 -227 78 154 -222 -157 207 -7 199 118 37 -221 -110 101 133 119 -198 -165 -196 -238 -135 -31 -99 -85 -104 21 136 -25 87 127 200 -156 -191 -199 -16 18 -164 131 -120 231 -30 76 189 -220 -194 -150 -189 -161 -177 140 -136 -237 4 -242 162 229 48 -131 62 -118 147 181 158 -228 242 -1 25 122 -244 220 208 145 -145 222 -229 185 -233 19 228 -72 31 61 -33 217 -231 202 -42 186 -171 -12 -2 144 -68 -188 -58 116 -207 -159 -126 215 -235 -59 -139 135 126 155 232 223 -216 151 -70 -97 -170 -67 -217 157 -160 51 7 -206 166 149 -27 45 -163 -137 164 190 63 -212 58 -232 174 -89 191 95 -246 -121 -66 
TEST 77 ARG:-148 72 233 -232 153 244 -152 211 -12 -78 -162 146 212 78 243 -88 -200 -179 -87 -166 -6 216 80 -246 19 -47 11 110 -5 199 -114 -186 206 186 -7 -82 -226 163 -201 231 -220 -30 35 -198 -189 179 -94 -145 138 74 198 -187 -136 -14 -40 9 73 -111 -250 -104 -105 -91 -131 27 142 124 238 191 94 -143 57 13 166 183 112 26 -116 240 -203 -173 -214 -208 99 89 192 -207 -239 242 43 96 128 -206 -89 149 131 -177 -243 -125 -224 118 -182 -151 86 -16 -133 -168 8 -112 16 -195 -61 45 3 122 -42 -54 -113 193 -194 145 2 -137 97 39 -248 -25 -240 180 195 54 184 139 190 221 -71 196 -80 161 1 150 -233 -238 82 -19 91 21 -23 174 69 -170 168 -57 103 120 83 24 -219 105 -9 -159 95 235 144 107 -144 147 -204 -167 228 -68 230 -175 236 -228 -51 -138 132 116 -132 12 65 101 -230 -128 -196 185 -171 85 -13 202 -32 127 -188 -172 -115 49 -77 225 -27 -79 -41 64 -180 -26 -184 -222 -120 226 -45 -126 -84 -197 61 71 182 60 -209 -83 246 -76 -69 169 -50 -11 -107 -2 92 -199 76 -117 -229 4 77 134 151 0 17 -53 38 -185 -44 -35 42 220 -122 -121 -31 -134 148 136 -192 -70 -110 141 217 55 -161 -142 -97 248 -81 154 47 109 62 249 -101 -123 188 30 -124 -43 -18 -205 -28 46 -215 229 -65 -56 70 -149 -103 203 200 32 170 172 -245 -62 160 -221 119 -130 106 -20 58 219 -235 87 129 -38 108 36 -21 -218 10 18 159 245 130 -118 175 215 -141 25 20 152 -160 -223 -244 -150 -109 51 52 213 -164 -174 135 98 -165 -163 164 -212 -37 -29 34 158 189 67 -169 232 -225 15 -247 -234 205 28 104 -241 -183 207 50 -22 176 241 -102 33 -190 59 117 167 113 223 -156 -191 181 23 -55 -231 137 -108 -86 41 37 -158 227 -72 178 -176 -52 -92 165 -34 -3 -60 44 -10 -236 -181 -96 -1 -66 102 208 -98 -147 -242 -100 79 -217 14 -36 125 88 5 162 214 155 29 133 -46 31 115 6 -210 -33 -99 126 -249 247 171 218 -202 -24 -48 -153 -67 -15 -213 -93 197 -227 100 22 143 -119 40 -129 -95 56 209 157 -135 111 -155 -157 222 -193 -146 53 173 234 -178 -75 194 -49 156 7 237 84 -39 -237 -127 -211 -64 -8 -4 -63 224 66 93 121 239 -17 75 -59 210 114 -90 -73 63 48 81 -85 -154 68 -58 201 -106 -216 -139 -140 204 187 140 177 90 -74 123 
TEST 78 ARG:-218 238 32 -204 63 168 -178 -203 179 86 58 42 -56 65 -83 213 -35 -67 -110 71 -186 -244 72 114 203 -245 -224 88 -156 -129 219 10 102 -91 -175 124 91 202 60 -240 206 35 -127 -15 43 129 130 119 52 -238 121 -177 214 -138 94 -96 -214 -135 20 -199 70 -212 -230 187 3 -62 -144 -250 -18 -107 -195 48 -160 -60 -93 109 -66 22 163 103 -29 193 -139 -40 118 -105 -234 111 -136 -208 -215 80 -122 -69 23 106 -53 -179 -131 -128 -19 -47 54 -65 98 -180 148 5 44 -189 233 131 135 175 222 36 181 217 -52 79 235 -115 47 -232 -209 -26 -87 122 -64 -153 -27 -55 190 200 127 231 84 -147 -28 -75 210 -72 -82 223 57 56 -71 -4 34 -48 -166 -99 140 -59 -239 -101 186 -198 -200 -44 -41 -20 108 -190 -103 -158 -225 -183 -228 -167 172 -61 -21 240 4 221 68 192 61 -137 74 171 -84 29 -142 53 191 242 115 -187 156 -45 -124 -30 89 -36 -100 -181 -86 -95 205 184 66 0 73 159 170 155 49 245 -145 -13 137 -223 -146 -148 40 125 -134 95 166 229 -241 -109 141 41 -149 -32 133 116 -157 2 139 246 -63 19 -34 128 157 -226 173 -79 -143 -116 -80 -9 -117 76 -165 -130 92 146 90 -106 -207 -174 -102 24 55 21 97 244 -6 -50 -170 225 151 31 -197 -89 -141 152 -202 -235 -159 -217 27 30 78 236 38 -74 185 50 -206 230 220 45 -10 -192 182 132 -98 194 204 13 -196 123 85 -172 167 -108 -188 -78 -210 69 -231 149 154 -242 12 -57 -151 -161 144 7 -221 -85 218 -94 -154 -126 188 -58 -8 -185 -49 -213 -169 1 -111 -114 215 28 8 169 212 -7 17 -222 199 -249 -16 209 -24 113 247 145 -125 33 -90 -1 83 196 227 -73 -123 -193 153 211 -70 -162 -17 -76 239 67 -39 99 -5 25 101 6 162 -194 -247 -112 178 -54 -51 -201 87 -152 -140 -22 104 208 -171 -33 224 -168 117 -176 134 -182 195 -216 237 -220 -104 -68 -121 77 -119 -88 -31 216 164 138 64 39 198 51 -81 -92 248 241 243 26 158 -227 37 136 161 143 -205 81 107 201 59 -97 234 126 15 -237 -163 -155 160 189 -77 -113 16 226 -23 -3 9 -42 11 197 -38 -184 105 -118 -133 -233 183 -120 180 -164 -236 -243 228 -173 -43 176 232 -211 14 -25 96 100 -248 142 -132 165 177 -2 249 -14 147 -46 -11 174 -37 -229 46 110 -150 -219 -246 75 207 -12 62 -191 120 93 18 112 150 82 
TEST 79 ARG:197 92 155 117 -2 35 -96 -242 56 -54 -103 -245 -191 192 136 11 -80 209 141 95 -74 220 105 227 -216 66 46 -112 203 -113 122 223 -200 -22 232 142 -88 -7 1 -19 -105 -59 90 -35 -37 -196 -167 111 -185 169 -85 75 -119 53 76 -192 168 179 130 -149 -212 -163 -199 116 50 -168 -36 -76 -132 63 20 213 34 180 216 -55 -151 114 -230 191 -143 -129 154 -111 -249 77 -207 178 12 2 -109 158 73 153 -157 -229 -58 212 57 81 -114 87 -116 135 181 115 -4 242 -226 59 238 -28 143 -34 -84 -154 244 -126 55 40 189 -125 -120 -41 -43 104 58 100 -203 167 -234 -232 -83 107 -220 14 22 -79 -9 94 43 -67 134 -202 132 -138 -165 106 -146 -32 -31 150 4 -152 234 13 -81 -27 -65 -68 -175 133 -153 162 208 248 201 3 -20 -159 -171 -1 145 -190 -243 148 -53 -135 218 -108 -222 173 -144 144 -141 -13 -40 97 -139 184 164 7 -205 30 161 65 177 -56 -86 140 9 -95 -162 -180 128 195 32 -233 188 -227 185 127 -150 119 198 48 -66 -38 -246 -49 0 -166 -173 -155 241 -136 206 54 93 99 -97 217 52 5 -198 -197 -29 18 176 -248 29 23 80 -115 -26 33 -11 124 174 -238 112 -62 -61 64 -219 -145 78 -148 -172 25 96 202 -47 -170 -235 187 -117 -211 125 226 98 67 -71 113 -160 166 129 175 -23 109 -131 243 -134 -102 -8 163 26 -98 -158 -92 -231 -169 -63 210 -236 17 -250 126 -193 51 -204 -189 -10 225 -75 -91 221 -60 86 172 -6 -214 -46 228 102 -184 91 138 60 70 -124 -186 -64 38 -164 -107 207 49 -87 24 -237 110 83 186 -178 -224 231 -57 39 -142 -215 236 -247 71 -127 -201 -182 -177 -218 -73 41 -100 -206 211 249 -33 149 -16 -44 84 -176 -240 69 222 -208 -50 -239 28 10 -210 -223 -110 68 -78 88 237 45 -183 21 -128 16 -194 -195 -187 -228 229 8 147 -42 171 -72 -188 152 -82 -51 165 -174 -30 159 -147 -89 72 139 -18 -140 118 137 61 103 131 -221 157 -14 245 235 -244 15 146 -106 -122 -181 89 -21 -209 27 36 44 183 -77 31 151 37 -123 -130 -90 -15 123 215 -213 -225 120 -17 -12 -45 -179 233 -25 -104 -5 205 -48 -101 -70 108 230 -161 156 -69 224 -3 -241 160 204 -93 247 79 -52 101 182 74 19 -39 -118 -133 6 199 47 196 -156 219 82 246 190 62 194 -24 -121 -94 239 193 42 240 170 214 -137 200 -99 85 -217 121 
TEST 80 ARG:-231 -179 247 -152 -245 124 -169 80 -149 113 164 -134 -90 -67 0 -200 -71 143 54 139 -148 -182 75 -59 100 -216 -138 48 4 -61 -45 151 20 -77 44 166 -185 145 245 14 162 -208 -92 225 -106 -41 219 -236 122 148 -11 -217 120 188 -66 -79 142 214 -80 119 82 -89 -126 227 -235 -201 147 -225 157 89 201 87 172 -36 108 -87 -232 243 -111 115 -129 -144 198 37 242 -114 -3 178 51 192 -248 71 244 -237 -139 95 -88 114 -161 8 -105 238 86 -143 236 -112 -158 -65 -146 -33 -51 -172 -130 -46 103 237 -22 17 -193 -62 185 -234 -180 121 233 209 21 -162 -10 39 69 -168 194 171 -27 -57 63 92 -199 -113 -238 -159 187 -103 141 -81 177 7 -19 154 206 -155 -239 60 140 -2 36 190 105 -8 117 -128 27 -174 229 -177 101 -205 -213 -243 193 25 228 135 -171 -210 94 -247 -30 5 -97 -101 84 -242 -68 246 18 138 210 128 -195 -142 -70 -122 106 19 -226 -38 81 -35 -119 167 -28 239 -127 104 -104 130 180 -188 102 186 2 66 -50 240 -21 -204 -244 98 200 -215 -151 153 -221 173 176 -220 -100 232 146 -75 -164 -53 207 -145 53 -117 76 -175 10 -20 224 -110 58 -74 97 136 -203 -83 -120 -84 -227 -181 24 215 -186 12 137 99 -198 41 52 -150 -40 -184 -5 211 -233 199 123 90 -29 33 -153 165 -165 -125 216 169 -133 -147 38 132 -16 6 -76 134 -25 64 -13 30 231 -26 -135 40 23 -82 -202 59 -173 -12 -163 175 152 -154 213 184 47 155 163 16 -131 49 -249 212 -241 45 57 -31 189 129 -223 73 221 -24 -98 79 -48 161 -102 -194 197 218 15 -107 -72 158 220 70 65 -58 -132 -52 28 -190 22 -214 -91 156 55 -160 96 35 -18 -34 -42 -17 -196 -44 -192 -219 170 77 -32 -212 -189 -1 125 -56 -170 -95 -86 -115 88 205 46 -109 -23 -37 -157 -124 -197 -141 -191 208 -230 217 203 -47 230 222 1 -7 235 -78 61 85 78 109 126 160 -183 204 223 150 196 67 181 -136 118 -156 72 -69 159 74 179 -229 -73 -6 111 -93 26 -15 -63 -4 62 -39 -218 107 -43 -207 -60 -9 110 -116 93 -206 226 13 149 133 83 -166 -108 183 -240 -228 43 -94 -99 29 91 144 182 11 -222 131 -55 9 -118 32 -14 -209 -137 -178 -49 -140 195 -250 -121 191 42 234 -85 -54 202 50 127 112 -211 -167 248 -96 241 116 -246 3 -123 31 56 168 -176 -224 68 -64 174 34 249 -187 
TEST 81 ARG:-213 -39 -65 63 -236 191 122 -142 -173 -27 -217 -150 185 -106 -63 79 -168 152 171 82 -83 -102 240 -172 -95 16 174 -154 149 145 134 198 176 -111 169 18 -148 -183 237 74 77 -192 -36 42 -194 -189 84 -3 -218 85 120 -200 -198 136 -31 -72 89 -164 -232 -210 71 -201 123 -134 210 106 -34 -227 -28 93 234 -112 -25 38 32 4 -145 -205 -136 213 163 -114 211 205 -93 -51 107 65 -185 -188 -163 -126 -212 -17 223 -45 -32 -108 172 -157 3 199 -118 61 -229 96 81 88 204 222 -52 -19 -147 56 -12 100 -101 142 66 144 -78 -121 -58 -103 197 44 232 -18 67 -55 121 224 186 -80 -9 -143 -199 -41 215 -249 -44 -242 119 -127 -133 -170 34 23 -130 138 -166 7 165 -228 -156 235 -15 39 95 -165 195 116 229 -57 -97 -224 11 2 245 -196 110 227 -35 -241 62 242 -209 147 203 246 97 -204 43 -215 59 -250 103 52 124 -190 -89 193 -7 -139 -37 131 -203 189 164 -175 -4 -238 168 108 -161 31 -23 64 60 153 -159 20 178 -48 175 -40 -219 -144 -125 157 -151 -167 -246 5 -26 188 -244 -211 113 -222 -116 137 80 10 -91 182 180 104 183 -82 -11 -220 -99 -86 159 -153 -178 -98 190 -13 220 219 14 212 15 -6 -53 -223 6 -155 179 187 -195 192 -138 105 19 53 -245 29 154 216 201 -129 -5 37 70 -24 -81 -107 68 -137 143 -206 -233 94 139 102 239 126 141 207 129 -235 -239 -85 -88 200 83 233 -119 133 247 55 13 243 -128 99 -176 -234 209 118 -109 115 9 167 248 -1 45 54 0 130 196 -59 78 -68 -62 50 -171 202 150 -71 91 -177 -216 166 160 -240 -225 -73 214 98 -74 162 -20 76 -104 -152 -169 -120 21 230 8 -180 -184 28 -49 90 114 -54 -231 92 -193 111 -181 -79 161 -75 249 101 225 27 -182 24 -100 -56 -237 -87 69 -50 -186 151 25 -61 -2 112 117 135 146 17 -33 -123 184 36 12 -77 -174 -69 -84 221 -141 -67 41 231 -16 40 170 -46 57 241 -135 226 33 48 -248 1 -8 -158 148 -117 -76 49 -43 87 218 -38 -60 181 -146 -187 22 -47 177 -160 -110 30 -226 228 86 -14 -29 -90 208 -10 -131 158 132 -92 -21 75 238 217 -214 -66 -197 -122 244 -124 -42 58 109 -221 -247 140 26 -230 -70 46 -113 -208 127 -105 -162 51 47 -94 35 236 73 -30 -207 -132 206 -140 -243 -191 194 125 -202 -96 128 -115 173 -22 -179 -149 155 -64 156 72 
TEST 82 ARG:-186 -179 191 -118 35 212 -201 -68 18 202 79 92 186 176 -23 4 -139 -125 190 -144 249 -229 56 58 -20 7 65 182 2 123 -232 44 149 -88 -161 -79 -146 -157 144 184 -219 55 -166 -71 -39 -212 228 135 -4 -190 204 39 74 -185 -13 -80 231 78 -226 -207 -8 3 -91 155 99 -11 193 -215 -104 52 216 147 -128 -36 46 103 -28 129 188 219 63 141 -77 -178 -108 142 240 -141 -106 246 118 -120 91 153 21 170 12 -151 41 -239 126 -187 -34 122 -175 -138 -244 29 248 -123 -189 -176 23 102 117 -245 -98 226 72 -114 -242 -15 -33 175 -86 -35 -49 -66 -243 97 -152 -7 -136 130 181 174 95 -233 89 -137 206 -204 -250 -158 -221 -143 197 88 15 -112 -121 94 -10 -231 -192 96 -126 98 -199 -31 -238 27 -100 -52 -9 161 192 -95 -25 -209 48 114 -165 -168 -182 -213 121 -236 69 -56 173 229 -92 -47 -127 -188 235 -55 22 166 198 218 165 -205 245 -247 -18 139 -170 -73 -101 124 -218 43 -90 62 111 -67 168 -110 -147 224 11 -230 -117 16 -198 -227 28 236 -220 -177 -81 -82 178 131 34 -24 136 -50 64 -76 200 -1 45 81 -150 -197 -14 -96 73 210 -78 -48 -61 20 115 150 -183 241 205 -206 -89 9 -83 201 -116 -132 -53 10 243 82 -135 -41 -195 0 -38 -26 120 -51 163 76 87 -43 71 227 208 -142 180 172 -75 203 32 -37 -119 107 5 -180 239 -40 -134 214 19 54 83 36 17 158 151 -172 159 47 37 233 100 133 194 -70 -210 185 33 -237 67 -87 -59 -111 -162 -60 -58 85 132 -2 86 -174 -64 -200 138 -225 207 -248 -167 70 171 -211 -129 146 164 108 134 104 -163 40 -196 1 -202 50 230 -74 -124 -42 220 -5 -193 -133 -63 66 -191 -246 110 222 57 199 -27 90 167 49 140 189 137 -54 196 112 -130 38 -224 -223 68 232 -169 -153 215 221 -69 -57 143 217 25 -164 -103 -240 -222 -45 -216 145 223 -97 -109 53 -184 75 -94 31 -62 -249 242 -154 93 -30 179 59 156 77 -228 128 -194 -46 -181 -234 60 -32 -21 195 -131 183 -203 -19 -115 -22 42 162 24 61 -122 101 -107 13 -3 -145 -6 234 -235 -149 -16 238 113 -99 -155 -241 -72 211 -113 -65 187 -160 148 160 244 213 84 -17 -159 119 177 157 116 125 -93 127 8 -214 -105 80 237 6 30 -44 -102 106 247 -140 -217 152 169 105 -208 26 -173 -156 -85 -29 14 225 -12 109 -171 51 154 209 -148 -84 
TEST 83 ARG:-172 127 206 91 -95 244 -130 164 1 116 145 -243 37 214 -190 -205 68 151 99 -155 243 -212 4 160 69 172 -216 -248 17 -204 -165 -241 237 188 -29 -164 -59 53 -117 232 -185 240 -167 -9 170 72 -43 -11 -120 130 -183 -150 82 -8 -19 208 49 163 215 142 96 -63 242 132 155 109 -176 167 115 -189 -44 -20 -159 -208 212 -82 -76 182 -152 123 -188 -227 175 213 -73 45 231 179 134 7 88 -179 228 -202 136 126 -203 -126 -100 98 51 -141 -123 100 -53 221 110 -236 16 192 -138 -184 180 -38 58 114 23 -121 -104 -118 -112 13 -80 220 -178 -58 -225 138 6 70 -230 -177 -134 36 106 -124 -13 -209 174 -26 196 -18 79 -12 61 -220 5 9 173 -37 -245 -110 -47 8 148 -50 81 -210 -81 -187 239 -228 32 -238 195 -175 225 -135 -14 230 -226 30 -49 67 -137 -23 -66 203 156 -74 247 62 233 -217 44 89 -232 -90 190 -48 75 -171 -75 165 218 -46 10 150 -147 -42 87 27 -36 64 43 -170 -79 -129 -148 -28 -195 85 -10 39 -15 -223 177 119 -234 21 113 -33 26 -160 -200 139 -191 11 125 -93 31 -5 -192 -237 168 194 186 152 74 198 241 -30 19 229 0 -35 -247 -233 -162 -51 105 -98 -139 -239 18 -105 46 56 -115 171 -213 209 35 -4 -140 -193 -54 -70 118 22 161 33 201 146 -196 147 86 -244 29 60 117 -199 -68 28 248 207 94 -71 -102 121 -17 -151 112 90 235 83 122 34 -158 -132 223 204 -103 -64 -67 246 -69 59 131 -86 -84 -166 -222 211 166 108 -40 -108 -231 141 133 52 219 40 -207 143 -218 -174 -114 -246 -32 -182 2 48 185 187 -122 -224 103 -7 -161 -61 236 144 -107 -229 -25 129 -113 -144 101 -194 169 -127 -83 -87 199 238 63 12 41 227 -89 -24 -31 -181 -116 3 -1 -156 120 -94 97 14 -131 -106 -125 193 181 -154 176 -242 57 -250 93 -146 -78 -62 -85 -92 -201 -153 50 157 -55 78 -219 162 159 154 183 217 -211 -143 76 -157 73 -99 -45 191 -168 -65 55 80 -109 200 -27 -57 -198 -119 -133 128 -173 -16 234 -128 -249 -60 111 153 205 124 -39 -88 -149 -2 42 -215 184 -111 47 25 65 -3 210 77 24 -240 178 -142 -77 189 -235 135 54 -41 245 -96 107 95 -101 -180 66 222 -186 84 15 249 137 104 -56 71 -21 226 -145 20 -169 -163 -52 38 -6 216 -206 140 158 -214 92 197 -91 224 102 -197 -72 -34 202 -22 -97 -136 -221 149 
TEST 84 ARG:209 18 88 -143 -162 90 154 -172 -51 -2 109 80 -116 -102 1 -168 93 153 92 -222 -177 50 -122 0 -219 118 247 -12 -207 66 -224 -205 -228 -58 34 31 99 10 124 -123 184 40 133 -94 -139 225 199 -154 -27 207 -244 -31 179 -50 -201 -81 -65 23 166 -155 -3 178 -173 -151 -119 -170 -112 -209 54 113 -11 25 77 -175 -217 134 -142 -68 -187 -96 185 117 7 228 147 226 89 -107 69 111 -23 -43 -189 -129 -78 233 163 160 248 108 -41 -235 -101 49 -16 -223 -40 162 182 -238 -36 114 -93 -30 -226 -158 121 -62 -42 -98 -214 19 -237 -61 249 38 164 165 216 -135 181 137 175 -83 -39 -5 155 212 -213 -28 -57 148 -8 -147 -84 -182 -232 -21 -69 204 135 -167 86 -241 238 144 -22 -71 35 -33 -250 -199 73 131 -25 -193 -29 159 138 -32 172 222 243 139 28 33 -85 -234 -95 -74 -117 -15 -9 59 -161 128 125 -200 87 43 -176 -52 60 95 -148 -19 16 -149 -134 -164 157 48 -60 -181 -59 -239 120 232 41 -55 -24 217 -188 -146 103 136 -245 -106 32 11 29 14 -14 240 151 79 110 -246 -229 122 218 26 -156 75 130 167 227 237 241 5 126 -179 98 -49 -76 84 61 9 -108 171 -56 24 -113 140 71 -115 -67 65 152 -111 -66 101 -208 -64 -72 -97 106 64 -38 76 -247 45 -163 116 205 -103 -34 -90 -186 -131 -157 -82 82 -174 -114 -1 -160 239 224 20 219 -47 -215 174 -196 74 72 -225 -198 -99 -70 186 -221 168 221 -197 231 -141 -120 -185 -159 -128 12 -171 180 -138 129 -194 215 -180 236 -150 197 -133 -121 189 187 191 -125 -77 58 83 -132 -152 -210 235 -206 173 -184 42 -54 3 -104 81 -26 119 -17 51 37 -53 -202 -20 68 46 193 132 196 -243 -211 8 -13 246 195 107 -140 44 -191 -118 -130 230 -105 -204 142 -192 -87 242 -178 -10 203 -220 94 13 -109 102 149 57 47 39 188 -153 -145 -89 -165 21 211 -35 -100 52 -110 -7 190 115 156 245 -137 -242 123 -216 143 -86 70 -190 229 -88 200 85 27 30 223 -169 -91 15 55 78 -233 177 -73 -127 -4 -136 -203 220 -45 63 -124 176 141 -183 -236 -75 244 112 17 127 -18 170 -212 161 192 -6 -240 91 -144 145 194 -195 208 2 104 202 214 206 4 -227 169 158 -48 -44 183 -63 -231 97 -248 -166 62 67 -249 22 234 -80 146 -46 150 36 -126 213 100 -79 -218 105 56 96 6 210 53 198 201 -230 -92 -37 
TEST 85 ARG:178 -249 -122 -232 -63 -228 -14 -223 196 13 -31 -241 27 -6 -24 -104 20 -191 218 -54 -52 11 -184 81 235 220 -208 216 -61 213 40 41 76 -236 -29 -207 -87 -30 4 215 105 78 195 -41 -20 75 -19 237 193 -45 96 -243 119 22 -106 -114 -109 -121 -16 129 211 207 -161 -40 -49 -37 99 200 25 -77 46 3 -214 -127 19 85 54 233 113 163 -55 170 59 -210 -18 -203 -211 24 246 34 -229 187 -90 144 -220 102 -196 167 209 -84 -36 86 -206 -7 -59 -100 -169 -186 -222 147 -108 239 -98 -132 -178 -181 -26 -67 -187 -177 -111 -135 -226 -38 -130 -167 112 -101 15 -34 -231 241 110 73 -194 -126 -88 -174 -225 219 197 -5 69 -65 5 21 -11 108 -235 -103 79 199 -144 -173 -185 -64 74 -218 -57 -193 111 -183 80 -163 165 -224 -168 -230 189 240 206 115 -118 122 -9 162 -165 -116 6 121 35 231 -145 45 -10 -201 184 247 153 51 145 -213 201 -153 -43 63 -102 -148 42 190 -142 -147 203 103 174 1 234 223 -247 227 -110 140 -141 135 159 175 12 -124 172 158 -50 217 -75 83 192 50 188 148 -200 249 -157 9 164 -35 29 -76 0 -4 -46 -71 82 -146 -93 225 -78 -197 238 139 146 36 -170 -51 -74 84 245 -56 -248 -240 18 -245 -219 -81 244 179 -120 120 230 -22 205 -17 -96 23 -83 97 210 65 -82 52 -25 10 -47 169 155 -72 -150 -182 228 93 242 -80 2 182 33 125 -112 -1 204 -154 136 -155 -39 92 -68 141 38 -198 152 -128 28 -199 106 62 -79 -238 142 221 236 -99 70 131 -44 -175 186 77 67 44 72 -95 138 -113 -192 -105 171 -246 8 -48 224 53 -133 -143 32 49 -8 173 -134 -42 109 -62 -171 185 232 31 -129 90 26 43 -136 -117 98 -217 -159 132 -53 117 17 100 157 -138 -139 -58 -234 -250 61 -66 177 39 68 154 -242 168 -137 -162 16 226 -115 143 -123 -131 -205 -188 166 -23 -89 128 149 107 -94 -86 214 104 -202 124 127 58 95 150 191 133 -15 -13 55 123 208 94 7 -21 -164 14 -195 -244 -215 -33 126 -212 -2 194 -73 156 -179 -216 -237 -233 -221 176 66 -190 -91 71 57 -3 -204 -152 137 56 181 -160 -60 64 -166 243 151 -158 -189 161 198 134 -151 -119 114 212 -176 -85 180 -180 -209 -149 -239 -172 37 -156 -28 222 -70 87 47 116 183 -12 60 101 -32 -92 -107 130 91 -140 -97 -227 248 -69 48 30 202 229 -27 160 89 -125 118 88 
TEST 86 ARG:52 235 91 110 79 162 193 -154 199 118 -136 -172 -35 -247 165 226 108 203 -158 -132 -99 175 -9 -131 -56 -118 -243 -98 171 194 57 -125 -190 202 45 -248 26 -231 163 -13 112 -94 -38 -112 -32 78 -101 -220 18 159 43 246 20 -249 -23 102 -109 -152 -236 225 179 -208 101 -19 138 66 -15 53 -232 -181 -110 -168 -204 237 -26 58 196 -102 48 166 -160 239 -135 -205 -193 87 42 -170 -80 -199 23 -60 214 -24 242 -36 60 -20 -14 223 14 -7 206 127 -244 -128 5 -48 131 -133 177 -187 195 -47 50 -223 122 -44 -74 98 -58 100 99 180 -240 49 -72 114 -63 241 169 -150 160 70 200 -183 234 -246 187 38 174 -55 95 34 155 -215 51 -108 -197 130 -185 120 116 -105 -141 -124 -178 -176 27 -164 -146 -37 77 141 -68 -213 207 -159 28 17 170 -6 -165 208 -54 176 -250 84 -10 -235 36 -127 -206 104 -123 46 -126 144 -50 -17 153 105 -43 94 188 -69 71 -218 -137 12 55 231 145 -73 -1 25 220 -84 -166 83 0 -179 -195 -189 -104 -116 -148 -61 65 -76 182 146 -46 -225 -97 -194 -12 -149 103 168 111 21 126 156 2 67 148 143 -92 -59 10 22 -169 -144 -117 128 167 -245 197 -81 92 151 -30 106 -129 -184 3 -226 161 19 -107 228 117 74 -113 -28 -156 1 -18 201 -142 236 86 61 213 -71 181 -224 72 -180 123 -202 -95 -200 -62 -228 96 109 -238 -237 -106 44 41 232 -175 -134 224 -67 205 -216 -29 -16 30 191 129 73 240 218 -111 11 82 -115 31 -140 183 9 -196 -33 -22 33 186 -233 -78 -229 -57 68 184 -65 133 -130 -147 157 -143 229 90 -211 158 8 64 149 249 29 -171 -4 -96 -83 233 -3 230 -5 -45 -121 -188 -2 -209 215 54 -191 59 -214 150 89 243 -221 154 -103 -207 222 198 172 -100 -77 189 -27 -186 152 -70 -90 62 164 -139 75 40 -230 107 -51 -241 32 173 -162 6 -79 -151 -217 -120 15 211 -138 7 -42 -145 88 35 16 -222 -64 -21 -66 -53 -182 63 -52 210 -82 121 -119 221 244 134 -85 -88 -227 -239 -114 -212 -163 247 -86 248 135 39 13 227 190 204 185 -87 245 76 -31 -242 81 216 217 -75 -155 140 209 219 -49 124 119 113 142 -192 47 56 -153 137 192 24 115 -91 -177 212 -11 -40 85 -122 178 -89 -157 238 37 139 125 69 -173 -201 -167 -174 -161 -41 -234 -93 -210 -34 -203 136 93 -25 80 132 -39 4 -198 97 -8 147 -219 
TEST 87 ARG:225 56 -168 -241 -198 -192 84 -11 -151 -232 161 -229 162 -77 127 -142 -81 -86 -67 220 243 -213 -88 -25 -116 -211 -125 -35 -135 231 151 38 -181 209 82 150 -71 197 71 -95 216 -108 -146 153 120 170 -161 -197 186 57 -165 37 181 213 -130 -120 11 -187 -217 175 160 132 -136 238 -47 58 -250 135 218 227 131 68 -156 -244 13 -46 -99 112 23 187 -24 -245 2 -170 134 -40 -82 -215 -72 230 -12 -238 -158 -34 -195 85 42 20 7 59 47 121 -132 9 76 -83 -166 203 -100 -149 167 168 -37 83 74 91 -234 30 180 0 14 199 -224 -51 52 92 -10 64 34 77 -20 -205 -123 -202 -41 247 119 67 80 -246 210 -112 -159 -80 -16 -194 -152 41 -91 -175 -193 -57 -183 -27 -61 -189 191 173 -38 -218 -44 -68 -26 106 224 -216 201 -133 136 -188 -13 63 89 163 -204 60 205 -225 166 -58 -66 -128 154 204 124 32 73 -110 133 50 17 232 -119 -137 78 -97 116 -29 -172 -138 -62 -107 36 178 -186 -73 142 -223 15 140 -45 206 -220 -115 -56 65 165 223 -36 172 146 221 237 193 -53 195 236 88 -14 99 -226 -93 -50 62 3 141 48 24 -230 12 -167 33 -109 -79 189 -9 -164 -89 212 10 98 102 61 240 208 207 -94 -127 109 -199 95 1 110 21 -248 -171 143 164 183 72 -75 46 -214 108 182 81 -180 -209 39 -249 -74 -6 137 115 158 229 -87 114 -105 -233 235 66 -114 -70 129 26 101 -179 130 -7 -8 29 159 107 35 149 -237 -242 54 -227 -59 -103 -184 217 -52 -19 -102 -150 19 -122 174 147 145 202 104 185 94 -2 -134 194 126 16 -31 -178 244 -28 -240 -182 -118 -18 -228 -76 144 117 -65 -63 -173 -4 -247 118 -17 -148 -236 -39 105 214 -117 53 177 -113 -185 -190 -43 -200 27 18 -203 138 -140 139 233 128 -154 -124 79 111 215 49 31 -143 -69 123 242 -243 122 -96 -206 -191 -49 245 43 188 -60 -3 5 -55 157 222 100 -104 234 156 198 -212 148 -121 22 113 4 -139 -129 -201 103 219 70 -155 -235 69 246 155 -219 192 171 40 96 -169 97 190 -163 -92 25 -174 -162 -90 -196 -15 -22 -32 87 -106 86 -48 -141 249 -176 -64 228 -30 -23 -145 -210 -21 -207 -84 51 -160 44 -157 125 -78 152 -111 -231 55 93 -222 -54 -33 -177 90 176 -239 239 179 -1 -98 200 -144 -85 -221 28 -147 184 226 45 196 -131 169 -153 -208 -101 6 -5 75 -42 8 211 248 241 -126 
TEST 88 ARG:55 -199 151 56 108 -165 -173 -174 105 35 -68 237 155 15 -116 -91 112 -70 0 -225 -208 -13 -3 -66 81 -61 -175 32 -178 189 -103 213 -32 -78 185 -109 180 67 132 179 -99 -64 -90 -216 -249 71 242 -117 -219 30 -80 -166 191 -27 -207 169 23 -142 188 -198 -123 165 -122 47 -77 121 -15 -76 43 64 -35 -17 123 46 84 -243 192 75 178 131 -182 53 -214 -127 222 -144 -131 231 219 -229 -42 33 87 208 -7 197 -244 -236 -140 -241 13 82 -38 150 -115 138 -98 -234 65 -87 245 113 -169 -221 -10 -56 -164 135 -189 -138 171 58 233 244 -176 -135 41 140 -240 -30 -231 59 -222 174 209 -63 -67 107 34 117 239 127 -245 111 214 130 61 193 -171 -69 -2 114 122 -177 -160 -18 52 49 -43 -112 -232 77 172 212 44 186 -9 37 66 -141 -202 126 -151 16 -136 106 14 -233 109 19 -187 25 176 -237 -206 -149 -217 -148 79 -228 -188 -57 115 168 92 234 201 -48 -172 229 -226 -235 -129 -82 -101 -200 -218 241 -212 -94 78 -155 -134 4 240 8 -47 136 -33 -41 -53 -185 21 196 158 159 137 -224 -201 -150 -75 232 -72 -211 175 -81 -36 -238 161 -55 -71 54 211 63 -92 17 60 139 -121 -105 202 -147 -124 -220 74 153 94 -37 -46 31 -84 45 228 160 184 -52 -195 146 90 98 -230 -152 -156 96 -28 -19 50 -120 243 -29 145 101 238 38 210 100 170 20 167 -197 -250 -242 -102 -162 73 -161 164 -111 217 -205 86 89 246 -239 104 156 40 42 91 -210 -179 143 -40 36 -97 -247 120 177 198 206 -215 149 97 -8 221 -168 -186 29 93 -154 26 183 -153 2 154 102 6 -49 157 147 220 -85 95 -146 249 10 -204 -59 7 142 24 -143 18 -24 133 88 -157 11 163 -54 -203 -192 216 128 -110 248 -89 -16 -181 226 -4 203 -246 225 199 195 57 152 -1 -227 -65 -125 80 39 173 148 162 218 -31 -167 22 144 207 -159 -118 116 -170 247 -51 5 -158 -100 230 -88 -5 -60 -126 -25 99 -183 118 -21 28 181 3 200 190 187 48 62 -50 -14 -184 166 83 -139 68 134 85 -133 215 12 -107 -180 -248 227 -74 205 -191 -11 72 110 -34 141 76 27 -119 194 125 129 -22 -12 -114 -73 -45 -6 -196 -44 -108 -106 -193 -95 -130 182 -93 -213 -113 119 204 -104 236 -96 -83 -20 70 9 -223 -209 -128 223 103 124 -194 -145 -39 -62 -79 -137 -132 -163 1 -86 69 -190 -26 224 -58 -23 51 235 
TEST 89 ARG:246 -55 -200 -74 40 -94 102 -24 73 206 -187 -34 167 103 1 -137 -166 214 159 216 -83 -8 110 127 236 -87 -230 -128 -113 -23 157 -60 -108 -78 -115 59 -142 -154 23 -88 -214 154 -44 209 -39 105 46 -10 -150 85 134 -168 228 135 -198 -126 -176 124 29 -35 -41 201 -231 168 -79 -110 95 -59 -102 -184 47 -243 35 -6 170 97 238 -9 -202 217 -130 108 -239 186 221 -151 218 136 -117 -96 -4 215 -14 -21 -89 -50 163 104 67 208 162 -234 -169 -11 -45 -56 -48 128 -140 -42 34 -195 233 -84 41 118 195 101 -26 -240 176 31 137 68 78 131 -201 21 166 188 -132 -248 -31 -219 7 148 -43 -2 43 225 151 180 -232 -215 -5 207 -174 -69 120 227 44 138 -62 -216 4 -236 205 -194 -76 62 -164 -25 212 -114 113 -208 177 184 3 60 -111 -241 -182 152 211 -158 164 9 22 107 54 16 -116 -190 231 -101 244 -203 115 8 -105 -64 -213 229 248 -246 -112 204 70 -19 -36 -63 -49 91 106 -90 -104 139 200 129 -144 240 -120 -17 -99 122 -220 224 203 -109 -20 160 -147 -135 220 -189 181 12 -207 126 -123 197 92 -233 -136 -205 -204 -37 -80 -197 -211 144 156 -29 30 -180 155 -172 -65 25 -121 125 -124 -223 -73 -206 -218 247 143 -58 84 -82 -165 -229 -7 38 49 130 96 20 -145 76 -237 69 -72 189 -38 -209 45 241 61 178 -95 245 112 -196 24 -179 -191 -70 226 -244 64 -238 -245 -224 175 -86 158 37 -178 172 81 -75 249 -51 2 -1 191 -226 -125 53 230 150 14 121 202 -175 192 145 -163 63 77 116 -192 -77 132 -3 -119 58 32 -16 146 -199 0 199 -47 87 -167 190 169 -242 -40 -143 15 33 -92 71 66 17 142 109 -152 187 -91 117 -71 28 -249 39 -235 52 141 -148 -97 -227 232 -27 111 222 65 183 99 182 -162 57 -173 100 -160 -98 90 194 -153 36 -133 48 -53 242 -46 26 -159 -139 171 51 -33 82 234 -22 27 -107 -103 -171 -183 -138 50 -228 -181 161 -221 79 -149 210 89 -186 10 193 -157 -177 -185 -30 153 -156 83 -85 74 -61 80 -106 5 237 -18 133 196 179 149 -170 -193 11 -188 235 56 -141 19 243 -134 -127 -68 185 -32 93 98 174 -67 119 86 -122 -52 -247 13 -212 198 -225 -15 140 173 -155 -12 -161 -66 -100 72 239 55 213 -222 -57 -13 -217 75 88 6 42 114 165 -129 -93 -28 -250 123 -146 -131 -210 -54 -118 18 219 223 -81 94 147 
TEST 90 ARG:-54 26 -22 -153 153 -188 -98 -75 211 55 3 -220 -182 -31 -45 82 109 -143 11 -146 -217 -89 -64 -5 246 80 -247 -219 -15 191 225 138 20 -43 214 37 -63 -243 50 66 -81 -58 -3 -232 -244 -47 -115 -249 -245 -86 -76 199 -170 14 -207 64 -184 -208 177 185 -66 81 -114 -194 217 -238 -84 -26 186 -185 196 -13 130 173 -135 -162 -97 -19 147 45 119 -48 127 -235 -133 -119 -130 -36 121 -60 -230 -211 -148 216 123 -187 -55 59 -110 -228 -229 190 122 100 -100 -4 -74 110 -199 -99 -128 67 -21 -91 95 -192 -35 39 -124 209 -142 -158 0 -201 -34 118 146 -65 -189 -150 30 244 -171 236 154 89 -103 42 155 91 -25 128 248 -136 -139 222 179 77 -186 -93 73 176 -95 -14 23 28 157 105 -241 -166 221 -18 129 145 156 -24 131 212 201 22 -123 8 -178 231 65 189 125 192 117 -140 -149 -107 229 -214 -20 193 233 -41 83 93 227 -163 133 -177 -50 63 -38 -129 108 13 172 -62 -225 -111 -101 -106 218 -132 175 182 69 52 -227 51 169 15 -155 86 120 198 -42 -250 228 102 -202 -144 164 56 48 -105 -167 6 97 -157 115 -156 150 245 96 247 -206 167 -77 -174 141 238 4 -94 134 -104 -96 -10 24 -27 -112 -56 -29 -1 60 232 90 -2 -88 -57 210 111 54 -221 57 -180 -37 168 -117 205 -164 184 10 -134 116 -231 -102 114 21 -175 88 136 223 242 -69 -212 -71 78 239 213 -197 75 -224 230 158 -122 47 53 -51 181 58 -6 203 -172 140 94 -173 68 71 -80 -32 49 243 -9 61 174 -83 -79 -152 36 -87 -203 12 148 -78 -90 -198 -109 235 195 -246 -33 -59 106 -113 -141 -7 -8 159 -40 240 107 132 -154 41 103 165 -191 -179 9 -216 -131 226 -30 27 -127 1 -181 -82 -204 249 -67 207 160 215 25 84 2 19 -39 70 -196 7 16 135 -28 -218 -236 112 224 139 40 -226 194 -195 92 162 44 -118 -193 -137 241 -44 74 -121 -147 -159 32 -160 43 -116 -151 137 -242 151 -248 -125 -85 34 87 161 -70 -205 152 62 178 76 99 72 202 200 -223 101 -168 -183 -12 -165 -209 31 -46 183 220 -145 -176 234 -200 -92 85 17 171 113 187 204 -53 5 149 237 -52 -23 -120 -72 -161 -108 219 -73 -237 170 29 46 -11 124 208 163 143 -240 144 38 -210 180 -169 35 188 18 -222 -16 126 -234 -213 104 -49 -190 -239 -138 206 33 -233 -17 98 166 -68 142 -126 -61 -215 79 197 
TEST 91 ARG:-211 -22 -235 66 26 127 -142 -35 187 -227 -177 33 -127 213 -172 72 243 -201 -181 -160 189 5 18 -171 -191 -126 -154 -231 123 119 226 101 195 80 -43 140 -167 22 -51 86 -218 -122 155 94 3 59 51 -65 224 -196 210 -205 -188 -33 148 48 36 -8 -245 106 -240 -62 161 55 108 -2 -83 61 205 -31 92 -147 -79 56 145 20 194 164 -41 -111 185 177 -27 -26 -151 135 -105 -75 211 -166 -178 -37 -101 173 118 217 218 -72 -108 -23 239 -163 65 -143 90 150 -169 -70 -11 -38 1 96 -138 79 9 -120 75 -197 -40 -88 54 -246 -170 175 -158 232 15 -199 202 -189 233 -24 -71 -124 32 30 -21 -19 -164 124 125 242 -200 -84 133 -206 -47 227 -182 -7 76 -61 78 -243 69 14 231 -131 -20 68 -81 112 -46 180 -85 27 87 -67 -186 99 -137 -112 -232 -90 236 -34 -204 -176 0 83 147 -239 209 -103 6 -93 -58 -216 -175 38 -97 43 168 104 -10 45 167 121 2 169 179 35 -247 11 -202 -156 70 47 -116 95 29 -66 206 188 137 -129 16 166 82 -195 -184 -42 129 -207 -18 208 -128 -187 34 -1 114 132 -209 12 -118 190 -80 74 199 93 -55 -107 -210 -92 24 -17 -53 -230 186 149 -48 113 71 107 -91 191 -16 109 -64 28 183 -86 -221 -194 37 160 -149 -87 -95 -132 146 25 -192 67 203 139 115 -100 -59 -141 -30 49 235 -32 -114 -110 -98 228 158 -212 219 -74 178 -155 -99 -213 -25 200 -117 -109 98 -104 142 -226 246 50 -148 23 198 -214 -249 -28 91 -123 -222 -150 -102 130 44 8 -4 197 19 81 204 215 229 62 223 181 -180 240 -73 152 -15 84 156 -208 216 -165 -220 -68 4 245 141 238 212 157 -119 153 -14 143 105 -146 -39 85 88 117 -12 31 -229 102 170 -228 221 7 -77 230 -60 144 -174 -241 -136 73 -3 249 128 -49 237 -50 -69 -36 241 10 63 171 -234 225 182 214 -179 -223 222 53 172 196 64 -162 -183 60 -144 207 42 116 -45 -185 -140 163 58 -236 -250 -125 -238 -57 111 57 -157 192 110 -242 -215 151 -203 -44 122 -63 -130 -190 13 -152 -135 -145 52 17 89 176 -89 126 134 -56 -244 247 -153 -193 -113 -76 201 -134 -248 193 -219 174 40 -94 -13 162 220 -161 -198 -225 159 -159 120 21 -133 -217 -106 -5 97 -139 -78 244 -224 248 -54 -96 154 184 77 -52 138 234 -237 -115 -233 100 136 46 39 -168 165 -173 -6 -82 -9 41 -121 103 -29 131 
TEST 92 ARG:206 -69 -234 -167 -4 -127 117 150 -48 -25 71 99 -191 248 -123 -136 7 -110 198 -228 -190 -119 -200 211 73 104 225 86 -133 205 -121 83 -159 -238 170 -211 -240 164 -45 -18 -24 -184 -170 16 131 64 85 232 221 145 -97 167 -3 106 -54 94 108 -17 -196 -79 -126 -138 -242 182 194 224 46 -219 137 -174 44 89 -171 203 -63 -129 -208 77 54 154 123 -72 -33 -217 186 146 -246 -206 41 195 112 4 9 -192 -137 237 -14 216 -166 63 210 -149 -9 -87 42 -168 -71 100 -154 -15 103 -247 -161 40 -250 214 -28 -64 -210 19 27 208 118 165 -102 132 45 -152 -164 69 36 -144 -74 -169 -70 -179 -26 -31 -93 130 -239 -245 159 172 155 -214 238 223 -49 101 48 -155 -185 -226 -30 230 -100 90 202 -104 204 -92 56 -35 17 8 109 -193 -124 13 245 -55 -80 226 -183 -43 37 -113 243 -108 -147 -42 -135 114 218 -227 -235 -81 84 -142 -51 -103 -111 -186 180 163 52 65 151 43 126 -20 -160 11 82 142 -157 47 157 -84 -58 193 138 111 1 141 -99 49 242 233 75 -57 -44 88 188 207 59 196 135 62 -59 -145 -53 -21 -67 110 161 -60 -201 -95 236 95 -140 -189 96 93 -50 30 -46 15 10 149 -128 -34 121 -88 234 168 169 115 -229 -56 147 -98 -134 176 148 87 -2 -222 -146 171 105 -232 143 -8 -91 -66 -204 134 128 -198 -187 235 244 247 -37 28 72 201 212 219 -143 35 181 177 -221 -223 32 -114 -230 200 -6 178 -243 160 29 21 -96 -215 173 34 -150 -153 98 -148 -173 81 -125 -83 79 -156 78 -244 -181 -76 -62 -178 66 -23 33 -225 -248 -220 2 184 -165 -207 -112 -85 -5 -41 199 -86 14 -158 107 113 -22 -120 -132 67 125 158 -39 240 -65 122 24 -94 -176 -109 174 74 192 -106 -10 -205 189 116 -89 -73 -197 -117 185 23 -199 -188 -47 -233 -118 -202 -32 31 53 68 76 -177 51 -194 39 217 209 -16 6 -122 124 -139 144 -163 -249 -82 127 -105 190 -27 -38 -131 136 215 -101 -212 -29 129 187 20 -19 239 -213 -7 231 -107 246 -1 18 -151 -115 156 60 -209 26 -162 -68 -182 91 162 175 25 179 -78 -236 38 153 166 -77 -203 -237 -90 119 80 -231 -195 228 220 -175 61 97 22 213 140 0 -12 -130 249 -116 -180 183 58 191 92 -141 -172 55 70 133 152 -75 -36 229 241 -224 -11 -61 50 12 -216 222 5 3 -218 -40 -241 139 197 102 57 -52 -13 120 227 
TEST 93 ARG:-98 -23 -109 203 95 158 -150 173 -97 -154 39 82 44 0 -148 200 -212 50 -69 212 43 -238 -196 239 -201 185 -134 79 59 -128 38 -92 -42 -106 -103 8 183 -125 157 124 -64 -76 77 -153 155 -222 -214 -113 244 -206 -220 -46 -7 -5 70 -163 -180 63 -199 46 51 111 223 176 85 -191 150 -85 17 -229 -158 -228 -175 55 230 -32 20 202 -232 -193 131 69 -9 138 104 -145 -197 -62 215 13 224 -114 57 -89 226 71 -44 22 175 -168 -195 -187 -82 232 -77 -56 118 49 116 -94 -13 89 -70 -246 -244 31 -36 -25 225 -211 84 247 -135 -96 -138 74 219 -216 -227 190 -53 -192 -38 100 -139 -224 40 -149 -213 90 99 188 -218 -6 141 -169 -172 72 -120 65 210 214 196 179 -104 73 152 -67 -34 -121 -245 -14 -137 -54 -65 233 34 52 16 -2 1 -188 96 -203 -164 -20 -29 125 6 35 137 60 -74 -234 133 112 3 126 161 184 234 241 76 218 47 33 -59 -171 151 -47 -93 -208 102 91 53 -28 -240 30 -124 163 -117 24 2 208 -161 -50 32 149 -11 -22 -127 220 15 154 7 -15 -136 -140 -219 -30 -75 9 169 -37 -52 98 242 -58 207 36 -102 162 174 142 -60 143 221 83 -178 -116 -183 -237 80 58 -147 171 -155 222 122 -78 75 56 41 -174 -49 -126 -189 117 -71 -177 -205 -88 243 107 148 209 110 -95 -141 145 92 -61 205 64 -144 -35 23 -217 193 -99 -33 -101 216 -235 136 67 231 -57 10 229 -215 -1 -86 191 -231 235 -31 -115 -190 182 -176 -112 -152 -162 -91 -209 -72 198 -90 217 -223 -185 -182 180 -108 11 18 29 -143 -210 132 -51 -123 -184 -226 108 21 245 -202 5 -207 139 -132 199 -204 66 -81 -63 -80 -55 147 -110 -221 237 -181 -129 -249 167 228 -12 144 93 119 195 12 249 -40 25 62 88 -43 192 -156 -194 -200 -45 -242 -19 115 113 -151 86 103 -133 178 94 -21 211 -131 -100 -167 -241 -41 134 68 27 227 123 -17 97 240 61 128 177 140 -247 160 14 -165 -48 172 45 197 201 -142 181 186 236 -68 48 -146 194 127 -107 246 -166 120 -8 129 -18 87 189 109 153 -16 37 -79 54 -198 156 135 106 4 -3 -111 168 -248 -118 101 -225 -26 81 170 -170 -105 -4 165 28 130 -186 -236 -122 -84 -233 26 -24 78 206 213 -159 121 -160 146 -73 114 -230 166 204 -83 -239 248 159 -130 -119 42 -243 105 -27 19 -66 187 164 -87 -250 -157 -173 -10 238 -179 -39 
TEST 94 ARG:102 214 -130 -11 -64 -148 243 -245 -76 -143 -62 40 -234 -205 20 78 -155 168 227 228 212 24 232 42 159 -166 206 -111 172 77 -109 -106 -58 -225 145 131 120 79 -101 -32 195 156 236 -8 71 46 -201 -189 -46 87 -34 148 219 160 -224 167 -164 153 129 45 152 -142 -80 88 -232 109 106 -126 -235 -199 -61 7 218 76 198 -173 61 -133 -51 -81 -40 -185 -65 -22 223 141 216 211 -23 210 95 -71 -160 108 128 98 -207 187 -167 60 72 138 -152 13 143 -56 122 -214 -10 52 96 -110 -132 183 -99 192 -162 -121 -112 -226 -168 -85 230 -195 -138 184 -218 233 -181 33 48 -191 -113 158 85 105 188 -241 16 162 -17 51 150 -172 -237 75 166 -50 -212 -98 1 194 93 -30 44 130 -135 215 -47 -183 137 -171 -240 -39 21 97 56 180 29 -141 -68 36 177 73 54 -24 -229 135 -66 110 -211 149 197 -208 103 247 -175 -243 161 -213 225 37 -38 -100 41 14 18 171 -87 -154 -239 -180 -36 185 144 65 -250 -45 220 134 -19 -219 89 -196 -153 35 -74 -161 -202 200 -179 -117 226 -44 -136 -233 -188 82 -163 202 -127 -116 -2 -69 -122 199 -31 -6 -159 164 2 -29 155 -73 181 -35 -190 175 63 -144 0 235 10 38 -53 -197 217 190 117 -52 104 -170 64 126 242 -178 -104 244 -78 151 92 -149 116 -114 -4 147 -94 231 124 50 -70 229 -5 -223 62 -67 107 -48 -150 -63 9 -59 249 -158 -1 238 -228 55 68 22 -209 245 -156 -221 -187 101 114 91 -14 -157 -134 240 -83 -108 -244 3 140 27 -231 -177 -13 170 -184 -165 -238 -146 15 121 90 67 32 -192 157 47 -169 203 -103 -145 -9 30 25 -95 -246 182 -49 -82 -26 -147 70 237 201 -124 209 -174 99 154 113 -193 74 4 58 -215 34 -176 -75 -12 -28 -227 -18 86 239 12 -89 111 31 -86 19 196 115 119 -107 43 123 -20 -249 -131 -204 -137 146 222 -203 -55 178 246 234 23 248 241 -230 -105 -118 191 94 133 -140 80 -7 -97 189 -186 -60 -247 -42 -41 -57 -220 163 -129 49 -33 -200 -123 11 59 5 -198 -182 -242 221 125 -96 66 174 -102 -128 -206 112 -16 205 6 -25 -37 17 169 -54 100 -77 -93 132 142 -15 -120 139 -3 53 127 -151 -217 -125 69 -90 -216 186 -91 -92 204 173 8 -210 -21 176 207 -115 136 179 224 -119 193 28 -194 -79 -43 -88 -72 -236 57 165 213 208 -222 -27 -139 39 -248 26 84 -84 83 81 118 
TEST 95 ARG:66 15 -75 -133 -229 103 61 -160 101 -244 173 -37 11 68 157 161 232 -104 160 -230 171 107 236 -57 222 149 104 78 155 156 -73 27 22 -194 -156 105 218 227 -110 168 90 8 -109 -191 -139 -83 118 145 146 -225 -126 3 211 136 94 -204 -174 77 139 -200 32 -208 25 -112 30 -67 -91 -168 -33 167 -151 -199 26 172 -137 -227 -146 16 -116 -165 -87 38 0 5 191 -125 129 109 58 -206 -219 -2 -32 122 -182 7 -198 -237 199 -113 -193 44 119 -189 -136 -63 -93 124 -100 42 -250 -248 223 39 -29 -4 244 73 221 89 -158 142 -101 93 195 248 -223 179 206 -209 -31 -190 -162 205 177 13 -26 133 -71 -54 97 113 203 135 -138 -235 28 -196 -238 150 -234 -76 -44 69 -34 239 184 -21 -157 220 91 102 -25 -106 237 99 -114 -15 88 231 224 158 21 -231 87 125 -188 196 -128 63 -13 148 -99 -130 -53 1 -214 40 24 -7 138 -132 -213 -86 -89 100 143 -27 147 200 -78 -47 108 14 111 52 9 45 246 -55 -163 -30 151 123 19 92 51 -97 -36 -186 -16 -167 141 -220 -56 -181 -62 197 249 -224 -94 -6 34 -50 178 192 -147 235 47 164 -170 79 214 -61 117 83 163 60 -245 -11 -38 -77 187 152 -79 71 6 -60 -246 -184 98 128 193 95 -173 -108 82 -105 -41 -119 -164 112 153 -117 175 75 166 -159 81 234 -49 76 247 -236 -23 -153 55 -72 116 219 -177 -74 176 53 85 12 201 115 -70 -103 170 -247 -118 -28 -122 -150 183 140 -197 67 62 190 -207 -43 -233 245 165 -172 64 46 36 -218 -59 -201 84 72 -175 37 -210 -111 -185 134 -85 182 -241 226 59 74 -239 48 -92 230 -121 -66 49 -183 238 -161 -82 -81 -222 208 225 -169 -96 186 240 233 -80 -228 -226 114 -22 126 -123 -232 217 -5 120 121 131 -40 -69 -154 -51 -249 -149 96 86 144 -217 10 -205 204 -131 180 209 -39 -46 -180 -195 202 -120 -52 -202 -68 -215 -143 169 194 -152 65 189 130 -203 216 -95 57 -102 -221 229 -14 159 210 -90 80 137 -48 -45 -141 29 -10 -18 33 -145 -20 -187 -243 -171 -9 -65 2 241 188 -216 162 70 174 243 20 -124 -84 132 -127 242 -107 -179 -155 -12 207 -8 127 18 -58 43 212 -242 56 -98 -240 -144 -135 -166 181 17 -178 35 -3 -212 -140 -176 -211 54 23 213 41 -42 -19 -115 -35 198 154 228 31 -1 106 185 50 -64 -148 -24 215 110 -88 -142 4 -192 -134 -129 -17 
TEST 96 ARG:205 141 -212 -10 162 -51 -11 107 134 -66 -125 151 234 81 83 208 -13 -5 -148 65 142 196 -174 42 -222 8 198 1 -63 -86 131 -70 -154 98 -170 -107 177 206 -126 -4 160 133 66 54 -189 174 -42 120 -176 -172 47 -75 172 -151 -202 -58 -1 216 -235 4 34 209 -238 244 -245 -18 124 119 11 -165 -203 -249 166 -163 232 -81 173 132 187 104 -17 145 45 58 -83 -74 -226 109 -92 88 -183 25 -46 223 -214 53 -197 -146 214 -71 217 -106 -76 245 -61 -138 -210 46 14 139 -124 -159 55 185 240 -191 -230 22 10 219 224 -217 49 -6 -25 -131 105 -199 67 211 -228 -8 -47 -224 100 -2 -155 -113 57 180 249 12 -152 -39 -98 -112 159 -239 128 61 -44 -219 165 -193 149 -62 -121 -144 143 -80 168 3 -53 -122 -87 220 155 -68 153 176 158 -147 19 115 -79 -30 182 48 -242 135 -137 186 41 -195 146 144 -99 -130 9 170 -201 -129 103 -27 -136 -127 -234 193 127 221 -179 -72 218 -28 24 75 247 -60 23 194 202 -12 -110 -3 213 -101 246 -196 71 -190 -187 -180 -161 -103 -140 74 -52 164 -78 225 189 169 190 -157 111 235 -95 16 -184 129 -237 -142 184 -100 -9 -7 -232 230 -181 -173 171 29 199 200 20 -229 -104 52 188 95 -91 76 50 -116 82 -93 -14 -85 7 231 -175 69 -96 -64 -120 6 89 -84 33 77 -192 236 -198 -149 -89 -182 207 26 -223 243 -73 -109 -194 215 157 -19 -206 -205 125 85 -200 179 -186 192 80 204 -209 -208 -166 -108 28 -168 -41 233 156 -21 108 -188 79 181 167 118 -115 -135 -16 -204 116 92 -48 -94 27 -24 152 -160 5 -102 -15 62 78 -158 -211 56 -216 -248 43 -35 -105 195 -65 -215 -164 -221 72 102 -156 73 227 -77 38 -114 -88 110 -31 112 -141 -250 -162 203 39 183 -240 -118 -54 -29 -55 17 -185 148 40 150 59 123 -57 -49 161 -97 44 -22 -67 -133 126 -32 70 122 -177 -207 -38 -117 -59 31 -220 101 99 147 210 154 -145 91 -246 -241 140 121 -56 191 229 238 -171 97 -40 -33 18 -26 -123 226 68 94 138 201 -132 32 -247 -20 -36 117 -153 -37 63 -82 -233 21 -150 130 136 -111 -213 64 -128 93 -45 30 113 87 -90 96 86 222 137 15 237 -227 -139 -143 90 212 241 13 239 -34 242 114 -236 -218 163 -43 84 -50 178 37 -119 -243 -231 60 228 197 248 0 -167 -244 175 106 35 -178 51 -23 -69 -225 -169 -134 2 36 
TEST 97 ARG:-191 173 -51 199 -250 123 2 247 -98 -83 161 -75 178 -234 70 -245 -155 -118 -161 -110 181 -202 -158 249 -55 29 -226 -20 84 147 63 154 -241 -93 -160 -65 -23 137 -143 -61 -203 -127 -227 -58 5 -122 -235 71 158 -13 194 166 120 231 -29 -215 -6 235 -130 -9 -123 -109 3 -208 200 -16 214 179 99 -105 -17 43 -144 -153 186 -57 -44 -41 -107 116 -186 -154 -60 139 -36 103 -129 206 56 -164 242 -77 204 -106 79 130 39 -21 -231 134 -133 -185 -151 31 -237 -137 -108 87 -119 37 -152 14 -190 191 -40 222 114 27 146 -184 -112 67 246 -219 208 9 184 185 65 -52 75 129 82 111 -85 -239 100 189 160 109 28 203 -242 -199 -134 -73 -104 -150 -96 248 126 -50 148 150 -56 80 -135 -179 -115 -182 88 183 51 233 -19 7 -172 110 -198 -18 163 112 -69 38 -66 -2 228 122 127 -54 -162 143 52 4 -196 142 -125 61 -131 243 -248 6 -214 -94 90 104 93 -163 72 117 -170 190 225 -97 -216 101 -224 177 -176 89 -7 -222 -201 -74 -141 -92 140 -4 32 55 16 224 -47 -35 35 237 -238 -42 94 -183 -68 -147 18 -11 -84 50 -124 119 153 -166 152 47 182 -59 57 207 167 48 24 -178 25 8 105 244 20 91 -128 -240 -70 -100 85 -156 136 211 213 41 -101 -31 -220 69 73 144 -72 -194 64 -138 170 -32 223 -188 62 -187 78 -88 -207 54 -230 226 -120 -148 40 68 -206 192 -14 -244 -229 -136 -95 -67 -246 12 221 -45 77 133 -197 -87 239 128 -210 -22 227 -223 118 -90 -34 198 53 -221 23 -247 -76 171 180 124 -212 157 96 19 195 -30 26 13 188 -195 42 -140 193 -71 -139 -64 174 -3 -126 216 232 -111 102 141 -62 -142 162 34 197 45 66 -180 212 172 98 -114 33 36 -43 11 240 151 -48 132 217 -39 -89 -193 21 -225 201 238 121 -249 156 -149 97 -103 -37 106 -181 -204 49 0 125 -173 149 -228 -63 10 59 -146 -10 -192 -86 -175 -27 -116 -46 17 -8 -91 210 -217 -26 58 -236 168 165 -78 -25 205 176 135 -218 -38 -28 -82 187 -132 -233 44 1 169 -159 164 -168 131 83 145 -174 241 -81 -33 215 60 92 115 230 229 30 -1 -243 -167 218 -232 -80 -200 -53 -171 220 -117 74 -15 196 138 -49 236 -102 -209 -169 245 -165 -145 202 175 113 234 -121 -213 46 155 -211 108 95 76 -157 -79 -177 -24 81 -12 219 -113 86 159 -5 209 15 -99 107 -189 22 -205 
TEST 98 ARG:-20 -23 2 -22 29 154 177 170 8 -247 183 152 188 115 -139 31 -52 -9 -46 -222 -151 -134 -105 -250 230 138 -8 161 -155 -31 222 50 -202 -218 -37 9 5 63 -174 -76 -225 159 -229 -158 -71 -68 7 162 -96 205 -184 118 3 -66 -164 -142 34 131 49 59 -115 -133 -101 -78 -240 92 -64 -104 -24 -42 203 33 165 -233 47 -246 24 -126 -30 -231 103 -175 200 150 -137 -132 19 -17 36 -180 195 18 -206 215 -61 -210 134 -95 109 66 249 -165 121 210 39 46 -177 180 -40 54 -88 235 -249 -19 45 -241 -67 -163 -166 167 225 182 16 -11 69 -147 220 -69 -136 151 -173 202 74 -116 -43 -199 125 17 -49 -112 -83 42 132 -226 -219 124 -220 70 -79 -93 77 -201 -97 96 90 -55 -84 -170 171 -211 -214 -85 44 23 160 57 -60 -153 242 4 -234 207 22 -200 41 -152 -230 104 129 25 236 27 224 241 20 65 107 -144 226 191 -191 -216 -181 -227 98 -118 72 223 -13 56 219 136 79 106 -189 190 -232 85 -3 -28 -185 239 -111 -103 -10 -125 95 87 -82 -124 -4 -36 76 -143 -141 -244 -203 6 99 153 -80 234 14 -18 -212 140 197 149 176 -190 -215 231 189 164 -21 192 187 214 -70 -198 -53 -47 26 -90 208 -29 -119 196 -15 13 146 -207 102 -194 -62 145 204 91 101 -74 -35 12 84 0 -146 157 -205 169 -92 -236 133 -106 81 238 -242 229 181 -131 -145 221 123 112 -65 64 48 -186 218 -245 198 -25 67 175 82 78 -172 28 -221 -197 100 10 216 1 -192 83 185 144 -196 -157 58 -109 -26 -7 88 -32 199 -39 135 -16 143 -209 -87 -102 -38 194 86 -56 -193 -14 -81 163 119 71 -167 -154 232 43 73 217 156 21 172 211 -128 89 -94 -224 -149 -161 141 -59 -58 -135 -213 122 -50 137 -44 -54 -108 148 128 40 -89 -27 -187 -120 -243 93 -41 206 -179 -150 248 -113 -75 -217 168 -188 -127 -33 51 -162 68 201 126 111 -123 53 -57 61 158 108 -248 55 -228 52 -12 60 -99 -130 228 94 244 -6 173 -171 32 -223 15 30 212 142 227 -160 -121 -5 -176 -183 130 113 179 -122 80 139 -239 -1 155 245 -156 62 209 -178 -91 -129 213 110 105 -72 120 114 -77 -2 -48 -138 246 243 -208 -237 -34 127 -63 -117 37 -169 35 174 116 193 97 -86 -107 -182 -51 237 -159 186 -98 -110 -45 -73 -204 11 -235 38 -114 -148 147 -140 -195 240 -168 75 -238 166 233 247 117 184 -100 178 
TEST 99 ARG:-228 -188 0 102 -243 151 -170 -115 178 -152 -14 40 224 168 -119 -216 -82 68 83 -50 -40 -2 -190 -167 76 -211 -157 -172 215 -34 220 112 16 -59 13 -219 -79 196 69 -99 -6 236 -233 -166 -123 -107 -195 159 99 104 -217 217 110 169 243 -142 147 -87 -7 54 117 1 154 249 -116 61 235 158 -102 101 -13 132 -138 60 114 92 124 164 -84 202 -136 -209 183 165 -27 -221 -66 -181 -63 136 6 -47 194 -168 144 -39 10 22 -159 -41 2 -72 90 -95 -53 131 -207 29 240 -121 -12 79 -113 -218 200 -235 -224 27 -9 -169 -237 -76 23 42 -127 140 -98 86 94 -67 -193 106 -28 210 20 -192 171 184 -19 -134 193 -77 111 156 -246 -244 221 216 -8 -32 -65 -194 -238 -248 70 130 -86 -201 -57 -231 100 206 233 -189 41 -178 204 229 -21 192 88 87 -52 103 -25 -232 155 -16 -48 93 55 -20 96 -78 63 -23 -176 -24 -191 170 9 43 -133 143 12 -147 180 231 242 -132 -185 -202 21 -5 186 37 -46 212 -114 -183 -103 -205 31 -108 -110 -177 237 118 89 -38 129 -128 97 46 232 -31 145 15 -197 209 234 -81 -120 190 -173 35 -73 75 -184 39 -212 -239 -92 -199 -245 191 24 53 128 34 -223 -215 33 -94 -71 -17 -213 176 -80 197 -62 48 -179 -122 -26 17 179 -145 -234 177 -141 -162 74 172 -4 -187 -45 -117 -74 72 -1 -182 -93 153 146 -198 -180 -51 -249 205 -75 175 -70 56 162 82 127 239 -143 -151 -36 -160 125 -106 -125 105 73 -44 -58 59 -227 7 138 -37 244 -196 26 208 174 121 62 -96 -118 -250 -144 218 -200 -33 -61 67 -242 142 213 122 47 30 107 207 -29 135 152 -208 -153 238 66 109 65 157 -54 115 -105 -150 166 133 52 -126 -154 -240 -139 126 -156 134 245 -109 185 -161 8 78 45 148 -131 85 57 225 -214 49 -155 -49 -100 119 214 163 -30 189 -148 -101 -236 199 95 51 173 160 -69 226 -68 -90 -56 -64 -206 36 246 77 -42 84 -163 32 248 -22 181 18 4 -15 -175 -104 -210 -204 -35 -18 -225 44 -97 -140 58 167 -165 81 91 141 -91 -88 137 98 -124 -3 195 11 -146 228 108 -83 3 -174 182 -164 -129 64 -111 201 14 -158 113 188 -149 -60 198 116 -130 203 187 25 139 -203 80 -10 241 -186 -135 -220 -85 -43 38 28 230 123 -241 -137 227 -230 -11 -226 19 -247 223 247 149 222 -171 71 50 -112 219 -229 -222 161 -55 5 120 -89 211 150 
TEST 100 ARG:-95 -26 -113 -198 -133 248 200 66 -209 195 202 79 -132 100 238 31 -70 -41 1 72 -45 -123 -64 -96 170 76 108 39 -62 127 -205 174 -180 132 -229 92 50 -29 -156 197 -217 -92 -80 65 122 224 55 -176 -186 -107 247 -51 -11 113 -18 -5 87 -136 137 34 130 2 -175 -134 -28 63 171 -60 184 -234 -32 -91 37 -184 114 -194 -27 161 -221 -52 25 -110 228 -46 107 33 -196 120 -232 -48 -142 3 -190 -50 150 -58 44 52 -6 78 125 -17 239 -74 -25 41 -242 54 77 -19 -225 -129 -214 117 13 129 -89 -157 -187 104 11 -171 116 -216 -77 -118 210 149 96 193 -143 -238 207 112 229 -150 -152 -39 64 138 -200 208 201 -127 119 -140 241 71 -23 -206 -20 29 131 206 198 -53 -76 176 -114 166 21 -203 105 -158 146 156 182 189 -111 -120 188 141 157 240 -108 243 20 -145 -154 -159 223 196 6 136 30 35 214 -197 233 86 169 -151 -230 -13 42 103 -47 -40 -72 186 84 230 209 -245 22 -98 -57 205 -149 -15 17 -33 213 148 16 110 -106 -162 -73 101 -38 -212 -30 0 -188 -161 -141 194 217 237 -249 -4 215 181 -235 111 -227 -124 -178 -61 53 -236 -105 -181 51 212 83 -94 144 168 56 -117 -119 26 19 -79 -241 244 59 94 162 167 45 123 -215 191 -63 -204 -220 -153 -244 226 211 249 -67 -68 152 172 -207 121 -128 -54 -233 60 14 -169 24 5 246 90 74 -69 -100 -87 -164 -125 -131 -9 -55 204 40 -199 28 134 -208 58 -71 128 -226 154 179 -146 -202 -147 245 222 -185 -2 -65 70 -3 -218 8 -102 91 163 -16 -250 -201 203 -83 221 -126 -195 -84 126 124 -189 143 -211 -137 82 -90 -219 106 -49 -239 -170 218 -168 165 68 180 80 -210 -78 236 -12 185 -173 227 -85 118 216 88 -56 -75 -163 -109 -82 97 -10 -44 175 -247 142 -148 199 15 85 159 -248 32 81 135 -179 232 -231 235 -191 27 12 -240 133 9 -115 158 115 -86 -8 -104 234 -116 -224 -112 46 -14 -192 -130 -22 -42 -97 147 10 178 -31 140 -144 -1 47 -246 -172 219 -37 7 190 -35 -138 160 225 -222 -183 -213 -7 102 -122 -165 73 -24 153 99 67 177 38 242 -167 -228 49 -99 231 145 95 -21 -135 109 98 151 -59 57 43 48 -243 173 187 18 139 183 75 -182 -177 -66 93 4 -166 -36 192 -34 -43 -88 -193 -93 -139 155 36 -101 -121 -237 61 164 69 89 62 23 -81 220 -103 -174 -223 -155 -160 
TEST 101 ARG:-63 240 198 53 242 28 168 199 -9 97 -154 38 43 -115 120 -2 -211 -55 -110 -196 104 75 103 136 132 -129 -111 211 -151 90 22 -76 -44 181 -210 -157 -212 -159 12 -213 -232 -180 -139 -173 151 3 -64 -74 -193 21 -59 119 122 204 -117 179 76 25 -207 92 85 -91 -10 -221 -107 115 -189 55 206 -136 65 -142 -145 -8 42 -17 134 -46 -137 -36 -28 -190 106 161 140 -181 15 89 123 -166 -92 31 160 -218 244 -39 176 144 224 -220 6 -5 -15 232 157 -61 110 96 -98 9 153 -199 -35 -182 -22 -27 -187 -149 -79 235 69 -124 230 -179 233 11 26 237 146 47 -108 234 13 165 -54 30 -204 197 124 -6 239 -84 184 8 113 247 57 -238 19 130 -42 -250 117 126 125 -31 14 -99 -51 56 150 -249 39 -81 17 210 -131 -18 100 -104 -215 33 -43 -128 127 159 193 128 -85 154 20 207 -183 102 -73 -123 -222 -230 -208 78 133 -178 -236 156 223 72 109 245 23 -116 -19 -23 -38 45 -4 213 -198 -192 212 188 175 -14 10 -174 -33 177 -155 173 63 -147 192 -66 -3 137 182 172 225 202 -231 -102 215 -127 -143 70 187 214 -177 231 116 86 145 -45 -11 -244 196 121 -122 243 -176 82 164 174 50 -58 148 -70 4 58 18 228 77 94 -113 87 -172 -200 61 -20 -83 147 -97 220 -217 216 -134 -82 -112 -119 149 -80 -68 -245 -90 105 -135 -53 -103 -209 5 44 -152 -121 -156 170 -158 -223 169 54 -197 98 -94 -229 209 218 195 27 -29 112 -86 -132 101 108 2 217 48 -146 -49 185 155 -246 -203 -219 -21 59 -188 222 -144 -30 84 208 95 -7 191 -57 -225 -191 111 46 -52 -162 35 -48 -133 64 186 66 -234 -167 71 36 -93 189 -175 -161 0 138 41 -242 183 80 -114 178 -13 99 -40 158 -235 -60 -106 -239 -71 -241 -202 34 -89 -184 141 -233 -87 -16 32 -88 -96 166 -105 -130 114 203 -185 -77 -240 -140 194 -126 -169 -67 67 -62 -148 248 131 74 -32 -100 88 -165 -95 -160 249 -72 -195 -228 -34 -164 -109 51 68 167 7 241 -47 52 -224 190 200 -12 -206 -153 73 -75 -205 1 162 -227 135 171 118 219 139 -194 83 37 -170 229 -56 24 -138 93 -141 49 -125 -65 236 -118 -168 -78 29 60 129 79 221 -226 -163 -237 -41 -186 107 238 81 -25 16 -243 -1 -69 -171 -24 62 201 226 -247 227 -120 -214 -50 163 -248 -37 -101 180 246 143 205 152 -216 -201 -26 40 142 91 -150 
TEST 102 ARG:-150 249 43 -31 163 212 141 97 -165 -169 -104 -139 237 130 -199 83 98 -38 150 -197 -156 36 -154 -107 145 -166 162 105 160 21 -61 54 -212 106 -77 85 -71 173 46 -114 27 -55 218 10 94 107 -44 -153 -250 -72 -131 170 -129 -97 124 -1 53 -183 216 1 41 52 -79 67 133 -228 64 102 -195 -213 149 138 -201 -188 134 0 -157 45 -189 81 -92 -93 37 -10 -35 75 239 234 -111 -54 123 211 -42 -36 213 182 -219 -63 -130 177 -68 12 -12 -95 -17 -19 -56 79 151 39 65 -174 -4 147 248 82 88 78 -185 -39 243 80 -220 -155 126 -211 -108 -34 -53 155 -186 -47 -6 -231 204 30 35 227 99 242 76 -21 165 -40 9 -113 -102 71 183 25 113 -74 20 153 -160 -98 -106 -67 -203 8 122 66 159 -198 191 142 206 -41 -94 24 -210 -127 18 96 -147 -247 -214 31 171 -240 205 -194 -125 -29 110 132 119 -81 -242 48 -126 201 42 221 72 -23 -84 2 152 -2 -103 15 -96 189 -143 -58 -52 193 -245 184 16 91 167 22 179 -105 -152 -9 -163 -223 -238 140 -164 127 -101 210 -80 28 -222 229 125 -209 92 -234 -136 -51 -86 26 235 219 120 -217 214 68 -109 -204 -69 -202 33 74 169 148 -135 114 -141 112 -172 -89 190 -99 236 -132 -24 232 174 -171 -100 -221 -224 116 -48 -144 63 -182 44 185 -30 222 34 23 -232 -27 -142 136 -45 90 87 241 -149 238 38 70 217 14 104 108 -18 89 13 -235 240 208 166 -82 -5 146 156 47 -170 93 164 -140 51 -120 -64 209 194 -226 -124 -151 -49 -116 181 -181 -161 19 -184 -85 -57 -216 7 -60 -187 -206 111 196 228 245 -248 -236 -70 -112 115 57 101 192 6 129 -59 200 49 187 -225 -233 226 -145 40 -78 -227 231 11 -207 -87 246 -158 -215 203 199 -26 244 144 168 -22 175 -138 139 -122 121 -229 -173 -241 62 -50 100 -146 -176 -167 -208 -37 -137 -180 69 50 -191 -218 -148 4 202 -118 29 3 -16 95 17 -178 -119 -134 118 -162 -33 186 -20 154 223 233 56 -8 158 -90 -193 -115 128 -177 -175 -239 197 -14 176 -7 -243 247 195 -25 131 -75 58 -76 55 -66 -43 161 230 178 103 -133 59 84 -11 -121 -179 -237 180 60 -83 -28 -159 -190 -200 -249 157 -123 -15 -13 117 207 73 -65 86 -3 137 198 -246 -205 224 225 220 -32 77 -88 32 -117 215 -110 172 -192 -91 -168 109 -46 -128 188 -230 -244 143 -196 5 -62 135 61 -73 
TEST 103 ARG:-142 185 171 52 -222 158 -80 26 108 161 -213 168 -68 90 -59 104 145 -6 -7 3 21 -164 -219 215 -137 -228 -176 -215 95 167 93 -26 174 -226 -65 197 -230 -21 186 125 68 -208 214 -160 248 -140 179 67 193 -106 -28 56 152 -200 -134 -9 -172 141 82 239 61 116 139 -195 -245 -16 249 -42 -8 106 -133 60 110 24 22 -175 234 19 177 112 122 147 15 -58 -154 210 -205 -130 -163 114 86 30 130 -204 -10 138 207 -97 -203 -242 -44 -188 -123 -107 -103 -64 199 170 50 218 99 -13 153 -233 -47 111 -50 -139 217 -128 159 16 -61 -109 -63 198 98 -214 -84 6 -145 -81 127 223 -232 136 -79 -169 229 -155 81 160 182 -23 -87 70 -249 -20 204 -96 -93 -98 243 -156 -34 132 -247 -201 200 48 113 201 -167 23 232 124 -40 5 38 -89 -189 -57 -240 -99 84 -212 120 -248 -105 187 -152 -78 183 203 -110 -161 -178 12 -112 -237 -54 -19 107 140 226 -62 -18 71 128 -45 172 -2 142 -51 196 79 238 -194 -122 237 242 -94 162 202 184 -38 -72 -166 83 33 213 227 245 -184 -193 -221 -229 191 -83 -91 225 54 -12 -36 -153 -136 -147 -210 64 -177 148 -183 -48 -129 -119 -14 -125 -102 166 87 -238 94 178 34 28 -5 31 117 -32 208 -100 42 134 -143 65 189 -182 -211 -218 -185 -243 195 -121 -235 -127 -76 154 55 59 137 37 -144 194 -29 -151 -113 76 163 43 222 -171 -186 188 109 36 29 175 -173 88 -46 89 233 75 -70 -1 -53 150 -158 96 180 41 -146 -231 236 -85 9 91 63 -104 -135 66 -179 -11 73 -114 25 -220 18 247 -90 8 235 -250 -52 146 246 241 -95 -92 49 -187 -22 190 -115 133 -157 -141 -239 32 -124 -3 155 192 -199 -24 126 72 -227 -31 240 20 -82 92 -181 216 -170 205 221 228 -86 -41 164 -88 135 -37 -198 -180 -216 212 -108 -101 169 -225 27 118 -241 105 131 -196 45 173 47 40 121 -246 0 181 157 -223 -192 231 -111 -174 13 -126 57 -66 119 4 149 77 156 35 -132 -35 10 -150 -118 -74 220 -4 69 144 -209 -56 51 211 11 -206 -17 103 -202 -191 123 44 102 -77 -25 -131 244 -49 78 206 -15 129 46 143 7 53 17 219 -43 80 -217 14 1 2 -148 -207 -67 115 151 -116 224 176 -117 58 165 -69 -55 -234 -27 74 -149 -39 -236 -71 -73 -244 230 -197 85 97 -190 39 -138 209 62 100 -224 101 -33 -120 -30 -162 -165 -159 -75 -60 -168 
TEST 104 ARG:-88 170 228 196 116 183 -1 77 164 37 71 -151 -95 15 59 -239 -189 -138 87 0 -75 219 -186 -27 20 53 -245 -187 -224 -215 -210 125 -56 81 -178 158 -182 -160 243 -3 208 -233 31 159 -164 -217 88 -8 176 217 17 -76 -31 245 161 -168 -134 72 -6 173 61 216 203 45 -165 -123 -155 188 -55 -118 199 66 -67 238 204 -192 -79 46 -60 -117 -81 -234 -133 -42 80 76 -13 19 -208 -202 -85 4 241 -179 -206 52 -231 43 126 184 163 194 -172 156 113 1 47 -177 -69 218 105 -180 193 -135 62 132 -137 74 -35 -51 195 185 -14 -249 -170 22 48 117 -153 -11 -25 -176 -87 -29 95 -156 -190 -235 112 56 166 233 96 25 -7 -64 -209 -101 10 -225 -44 -219 -143 -77 226 -173 -184 -113 75 -96 -174 49 23 -140 -211 -115 207 -218 -124 -46 -242 141 -196 83 -139 119 -125 -122 -114 -71 -152 248 230 -32 90 36 -141 -116 -131 -127 -240 101 55 -129 197 134 -78 -48 18 133 110 148 -50 -61 155 -109 -241 100 -107 229 -199 147 215 54 -230 -191 -248 -111 211 92 174 178 206 182 222 -94 -194 -66 -2 -144 -158 172 209 -157 -57 -102 -220 181 -22 246 128 32 -99 -40 -53 -9 -167 -93 150 60 82 231 -205 -119 -198 -150 -45 29 225 -222 -126 122 -89 93 -193 86 -37 114 9 -103 -24 -70 120 -21 109 223 -227 -148 -204 135 -12 94 -98 202 -201 -10 214 -58 -68 -203 104 -197 -229 8 213 -212 42 50 26 102 -188 5 68 220 162 41 -162 -200 -207 39 38 -84 237 89 191 16 -223 -244 -86 -250 97 -16 212 13 99 -181 70 79 -183 186 157 30 151 6 24 247 131 21 -175 149 106 -246 179 63 -238 -63 -108 -41 118 127 11 139 -236 103 201 190 -17 85 -65 -19 33 210 175 123 240 -136 140 84 168 -90 -72 169 65 27 -52 146 58 -216 -59 187 64 -28 242 152 -120 -159 -142 -214 115 -112 -106 239 98 -166 -161 -147 224 3 171 -34 -4 154 -73 121 12 -185 -23 200 -15 -83 180 107 167 -226 -47 144 137 35 -132 -43 153 -91 2 -146 -228 -154 -33 44 -237 124 -128 -30 69 138 -39 40 232 -36 142 189 -97 227 244 -243 -145 -38 249 91 -74 235 129 -62 165 192 -20 -82 -121 73 221 111 143 236 145 -92 -221 -195 -171 -130 160 -247 14 78 -18 198 234 -213 -110 136 -232 57 -100 130 -149 -105 108 -163 177 34 7 51 -49 67 -80 28 -104 -169 205 -54 -5 -26 
TEST 105 ARG:14 111 132 -171 -209 -202 24 -45 244 146 37 -85 220 -199 -110 -149 -104 -157 130 167 65 -43 195 80 7 -30 173 -249 -124 89 -47 245 -201 12 59 -48 -56 -93 -228 -97 107 -34 183 -238 -96 -9 148 -131 25 209 -181 -12 17 -57 63 -187 174 -193 87 -33 -176 176 -219 -16 19 241 189 -158 -167 -235 20 26 -13 224 50 -98 113 -136 120 208 -237 69 91 71 97 -139 -190 29 117 225 -23 215 48 114 131 -4 -105 -112 -94 157 39 81 94 -64 -226 -218 -88 16 21 -163 -72 76 -40 -31 27 35 -126 135 -8 77 211 -111 -203 180 212 137 -115 -175 170 -91 96 161 238 197 152 207 84 214 164 155 -75 -148 -230 -174 6 -70 -100 -5 92 -153 -60 -178 219 243 58 144 -206 -194 -123 -147 -189 11 -95 -39 123 -156 -152 -44 -208 -191 -122 100 78 -248 28 231 -172 -164 168 -14 45 -185 70 190 129 145 32 -69 201 236 187 -239 22 53 -42 -21 -18 -130 -29 61 119 42 -120 -223 -215 104 177 171 46 196 -121 -234 -242 73 62 206 -132 125 154 232 242 -49 -10 138 15 -46 102 240 -188 -80 -73 185 47 -184 -244 -38 103 -71 36 23 -220 -86 -166 150 41 4 -155 -26 -246 -240 128 -102 134 181 213 202 -89 -183 217 67 13 -196 230 -19 79 -82 247 159 163 172 -2 -129 -79 -154 149 -200 -55 -117 -177 49 44 162 179 -135 -65 -221 127 -83 -145 -198 139 166 233 68 85 108 54 249 147 182 10 126 -161 -90 -118 -106 178 -101 -128 -137 246 136 223 -227 -144 -87 -59 -66 -35 -205 124 -22 -103 -32 -81 -3 -53 -119 192 -58 156 112 -146 -192 -168 227 118 86 -180 18 43 204 193 9 -222 175 -133 -54 169 133 -207 60 83 153 -179 -140 235 -15 229 30 0 200 -247 203 -241 222 -36 -169 57 38 -217 115 205 -107 64 -28 239 -211 5 56 -24 -233 142 55 -232 116 8 88 90 -63 151 -141 234 -76 -114 -51 -173 -229 -108 -113 -74 -67 -224 -84 191 -62 140 -78 -165 -25 -204 -92 -243 -17 -11 -68 194 -6 -210 75 158 199 -236 -7 98 198 -142 -1 105 -41 -20 -197 221 122 66 99 -99 -162 -150 -37 -231 51 33 -109 101 -186 -52 -138 110 -250 -245 -225 40 52 106 -143 93 -61 1 74 184 3 226 186 -170 218 143 -159 121 95 141 2 -212 -216 248 237 -116 -195 -27 -151 31 -160 210 -127 -77 216 160 -214 82 -213 -134 -50 165 34 72 228 109 -125 -182 188 
TEST 106 ARG:-234 53 178 -52 215 218 139 -135 -12 -198 219 -176 175 102 86 147 -232 -205 -210 118 -206 -7 8 -1 246 -23 -151 145 199 220 214 125 9 -8 -167 25 123 150 157 169 192 50 -244 -86 -66 104 63 -20 76 -49 232 230 -180 120 -123 54 -100 -79 -122 179 133 -131 158 -116 45 -60 81 -242 -88 -118 165 -36 -76 20 194 173 -125 -216 -94 -40 94 234 242 181 -48 -126 -33 -91 130 46 170 -128 -212 -186 -45 -70 93 132 -185 33 -80 59 205 14 42 -22 121 152 162 47 -250 -14 32 -218 -143 -119 159 136 -160 -89 -200 -157 -55 -62 -38 -50 216 247 -37 28 0 -153 65 -171 -248 -54 -156 60 -173 240 -195 228 -228 -30 233 -168 -196 70 55 -97 -197 62 98 106 39 112 -203 115 83 -10 22 -26 101 5 222 -28 103 -61 196 87 78 95 237 -81 -162 -240 37 241 30 -21 -121 -142 206 -83 -6 128 -224 163 7 180 -117 -98 122 -127 184 -93 227 -47 -204 -65 183 -177 -82 -226 -235 160 -101 -193 -75 44 -71 -179 -146 -152 -103 -107 137 -175 97 211 -90 -148 -166 -219 -106 186 -208 66 126 -5 -73 -108 -68 124 144 -109 -85 -209 -243 85 -104 -241 207 141 238 -187 69 -237 221 -238 -220 -41 -230 117 -247 -147 212 61 77 99 200 -18 -115 -236 146 -72 -137 -227 -194 10 -111 4 -105 31 -4 -163 -246 -222 48 -170 80 202 -231 -149 -57 176 58 52 113 -215 64 140 18 91 -229 204 217 -16 -102 153 57 -140 -110 100 236 74 -13 111 49 -172 189 27 -2 182 -207 -58 239 51 67 -164 -9 108 -19 41 -155 -182 172 73 166 171 209 -239 11 21 -191 -201 -159 223 149 -24 -161 226 19 -202 224 3 248 156 142 -178 208 72 135 6 -67 -87 -158 134 107 249 -139 -225 43 -3 -35 71 -15 -129 -120 -42 -223 198 229 -113 195 109 -44 -217 89 16 -174 -95 235 -78 -181 -165 225 -124 119 -31 174 151 168 -27 -190 -154 -192 190 1 129 68 164 127 -96 138 36 -141 187 -51 154 23 -144 191 155 -221 -189 92 -46 231 2 -17 34 35 -233 177 40 167 243 105 114 -138 185 88 -74 161 -130 116 -64 -84 56 38 -32 -29 -56 201 188 -169 -213 24 -25 79 110 17 143 -99 -59 -249 13 -145 -183 96 82 26 15 197 210 -92 -53 -114 -34 -63 -184 -199 75 244 131 -43 193 -39 -211 -132 213 -214 -112 12 245 29 84 203 -69 90 148 -188 -134 -245 -150 -77 -11 -136 -133 
TEST 107 ARG:-15 183 -145 224 148 102 101 -206 -11 166 -49 45 179 204 17 -245 243 70 235 173 105 16 -93 -118 138 13 -175 -60 93 -89 -222 146 -227 -105 -185 98 97 1 180 -236 -221 -40 -7 -65 -170 53 170 118 214 -152 113 233 -158 195 -50 -110 -213 -177 -161 -155 -78 203 -35 48 52 -44 -32 30 -59 85 -77 -111 -5 115 -249 88 46 -141 189 18 -187 12 24 -57 104 56 -154 157 -26 80 100 219 159 -100 106 248 -51 43 111 58 -180 -219 -20 -115 -66 94 -104 -198 -131 -232 194 99 -183 91 164 -231 -169 25 169 -195 151 232 -193 -199 -83 198 178 -80 -55 63 -76 174 14 42 -136 -119 49 67 212 -33 -61 29 191 -101 162 197 -98 217 -159 74 92 65 -19 -207 184 242 213 -132 129 71 -42 200 -62 20 -102 -2 38 -184 -156 95 245 66 22 11 -23 -214 -109 246 -218 226 -24 201 -43 36 -223 -162 5 81 -205 -246 57 -186 -216 75 -211 190 152 -1 237 4 -127 -22 -133 110 44 -96 121 89 132 231 -138 249 -204 144 142 23 103 -64 227 206 -179 165 172 -190 -8 -16 -182 -168 -235 -53 -212 163 -121 -13 -234 -112 -137 35 -174 147 6 -240 225 84 139 76 143 -143 -21 -36 41 79 40 32 -41 122 136 -27 192 177 -39 -226 -129 145 133 -38 -250 239 -34 -148 229 222 -139 -135 8 119 77 -69 -229 -29 107 211 -196 -58 -74 -142 -70 -18 -173 -228 -116 37 61 2 -71 -113 155 -128 -241 -17 -224 -178 7 -97 171 221 247 27 83 73 87 181 -30 134 31 223 160 238 -122 114 -103 -238 -202 -123 -73 202 -163 -203 135 28 -31 -125 69 234 141 -200 153 68 86 -210 -160 236 -157 -176 150 -144 120 -181 125 15 -215 -194 -151 -126 -37 -75 124 -92 -25 55 -10 109 -244 -124 244 -164 59 205 117 -48 50 -81 96 112 185 -153 -243 140 -239 176 47 3 210 -233 175 9 -91 -247 90 64 -86 -149 230 -230 108 -46 207 -209 167 161 158 -52 -225 -107 -67 -146 123 -87 228 188 -14 78 116 -217 -63 -237 186 82 -88 -189 -201 34 -166 -220 21 -28 -188 182 -56 -172 -191 -94 -84 -192 -130 39 -47 -150 -90 -79 -99 0 -167 241 -147 193 10 -208 196 137 72 -9 -134 -171 -114 -54 215 -85 -120 54 218 26 -6 -12 126 168 -248 -4 -82 -117 51 154 149 187 -72 -197 -95 127 220 208 128 131 209 19 60 -140 -45 199 -106 -68 -3 156 33 240 216 130 -108 -165 -242 62 
TEST 108 ARG:150 233 -57 -232 197 -14 -197 -75 -173 -68 -235 -16 166 -223 -164 195 213 -18 -161 3 122 127 226 -245 205 163 211 -202 -8 -207 191 193 -120 -19 -176 159 141 -247 -147 174 -39 -30 6 28 5 -98 -168 206 102 -78 65 238 -222 108 -183 21 243 130 121 120 157 -209 188 63 59 -188 -204 -143 -241 87 -46 -199 -198 -148 61 -80 -196 156 -97 -36 -17 62 138 35 -92 -24 -246 -219 218 -129 -53 -43 -62 52 -239 231 -213 18 89 64 -113 -156 -149 -104 -90 41 143 -21 -81 -63 -123 83 -1 -54 -111 -163 -142 -131 79 -106 176 -170 -101 234 181 -32 101 162 -44 133 -157 -214 -236 -108 -160 51 244 -114 228 74 -51 189 172 99 107 -174 -184 -23 14 40 -94 58 123 -200 33 36 -119 170 38 -151 -121 -87 144 212 -159 -169 70 -74 -201 113 12 95 -67 39 222 -107 92 93 -100 242 -155 -50 202 -65 -205 -13 220 -208 78 73 -158 -4 -96 -56 43 4 82 177 114 -9 68 -233 248 54 -180 -172 27 -128 236 183 80 145 -249 -85 -130 -86 -29 -154 -146 225 -42 22 216 132 -124 168 -2 86 -91 76 147 -76 -118 235 -171 153 -5 217 96 31 -77 29 26 30 208 98 -6 109 110 199 200 57 37 135 119 -181 -141 -25 8 88 7 10 81 -115 -125 182 -84 -221 -95 -244 -117 -229 44 204 -134 219 90 -250 115 91 126 42 106 -31 69 -66 184 9 224 -48 158 -22 -175 -82 66 -20 55 -226 -49 -11 -185 -28 179 1 245 215 -218 15 164 161 -83 -206 34 -195 247 232 -138 32 149 207 -79 -33 237 -135 192 249 85 -227 -152 77 151 16 -242 -238 -139 -89 -99 -26 -182 -177 60 -212 201 47 -105 -37 0 -41 -40 198 194 75 17 -162 146 223 -45 180 -10 203 221 -59 -47 -109 227 -34 214 -234 -60 178 13 25 50 -93 -231 -166 -71 46 -220 -190 175 -127 -150 -15 -52 56 137 196 -165 246 -133 -194 48 229 20 142 148 24 -72 2 94 -192 118 173 -215 -132 128 -248 -225 -243 23 -203 -186 230 72 131 84 -112 210 19 117 129 169 152 -178 -217 -240 -230 45 140 -211 103 125 -144 -191 167 53 -126 -216 111 160 -58 154 -137 -189 -116 241 -122 185 -224 190 -70 -88 186 155 -35 -136 112 -7 -64 -237 116 -102 209 100 -193 239 105 -103 -179 139 240 -167 104 49 -61 -210 -55 -69 -110 -3 67 124 -73 -145 134 -153 -187 171 136 -140 71 -27 -228 11 -38 -12 97 165 187 
TEST 109 ARG:-55 -232 87 197 42 -129 166 167 59 241 -108 90 209 -125 62 165 -175 -154 -208 -172 240 -160 -77 16 8 -240 233 -220 230 27 92 -110 -29 177 -144 210 -245 -216 -94 -46 -127 -219 63 -124 104 180 155 162 100 -85 160 -97 137 70 -15 159 83 52 206 -48 -115 51 26 24 -243 -177 -123 -103 -45 106 74 -14 -79 -130 -116 65 -146 -174 -105 -155 -246 34 -70 -81 80 -135 -150 3 -11 134 126 113 -92 -131 238 82 -186 73 -134 85 244 208 -16 -89 -242 -41 -137 -193 -162 7 -120 -60 -171 117 -159 18 193 -61 170 -194 86 -101 -6 -80 -1 185 -66 -147 6 -211 -163 219 78 190 -78 -93 114 249 211 -156 -32 15 -247 -180 -206 50 -22 68 143 -178 -218 187 -192 -149 -27 77 -230 -67 198 145 -38 -244 38 -215 21 81 14 -75 -226 -235 -68 58 -152 72 -9 -170 214 150 218 46 71 129 -234 172 5 -19 30 -214 -181 -228 224 179 -148 194 64 -161 29 -224 36 -183 2 13 -236 -197 -26 178 -64 -100 176 229 -217 95 -191 10 -30 -65 217 101 103 -106 183 121 57 124 -142 94 153 158 232 188 102 -88 -223 55 -91 61 93 171 215 157 47 -20 -139 -44 -72 119 115 -153 237 -74 -203 -164 225 246 164 -190 -140 -107 173 -37 245 -111 -109 -5 216 132 168 144 -201 146 140 -195 -225 -167 -136 207 161 -128 54 108 41 156 12 189 141 223 -157 138 56 -117 40 -87 199 125 139 -168 -185 -151 22 -113 163 -198 -42 96 122 -33 205 -196 -21 -76 -132 -17 45 69 -241 -158 -207 181 231 247 184 120 -237 -49 -58 154 -3 182 236 48 195 -138 -221 127 -10 31 213 -187 35 -249 -62 28 -56 -24 200 19 1 -36 226 -112 66 169 -90 220 -57 -118 33 97 243 235 148 -52 -31 147 -43 -34 76 174 37 -173 109 -69 186 -12 -47 -35 -213 203 202 -165 -145 23 -25 191 -18 -176 204 60 -86 118 44 130 53 -182 -95 116 -202 9 -179 -189 88 -99 -205 -199 -212 201 -71 175 228 135 84 111 -133 227 -200 196 -82 -204 -227 -248 39 -169 -239 239 67 -7 142 112 -40 -119 131 -23 -4 128 212 -8 149 -188 -51 -250 -121 221 123 -28 151 0 222 -231 -96 -59 75 -233 -50 -126 11 248 17 192 -63 -210 242 -141 99 136 107 -238 -166 -143 25 152 -209 -73 -114 4 -104 -84 -54 -98 105 32 -222 49 89 110 -13 98 43 -229 -2 -53 -102 79 -83 -122 -39 91 133 20 -184 234 
TEST 110 ARG:157 -232 -48 102 192 12 -209 122 -226 -72 -106 -54 221 -12 162 121 -224 -127 103 -63 -76 -210 -105 -118 183 35 28 97 27 -109 -47 176 182 50 -30 -84 77 -206 149 156 146 -240 -180 188 19 200 204 140 -94 -189 -123 139 84 154 -66 93 198 141 114 -142 -97 -185 -129 -172 234 -186 -238 5 233 -151 142 -74 -154 -6 -216 -81 -208 -245 73 -160 74 13 25 88 -231 -101 -102 -234 -41 -13 -122 -175 -145 249 -14 48 72 -98 -236 -46 -181 11 -150 235 -61 -200 -218 -207 -162 -116 175 15 20 52 190 91 -16 159 -140 -249 143 167 196 246 -119 62 67 -163 117 137 55 237 195 -155 80 -71 186 -215 -90 44 115 33 213 -148 119 -230 96 244 46 -75 168 184 -139 -88 10 231 -221 -176 -62 -85 151 14 247 -112 -183 135 106 -117 -35 -131 -165 133 -126 -108 -79 -34 57 16 226 -24 65 -217 100 199 2 241 124 -204 153 145 -82 26 -147 -177 -202 -25 -144 206 -199 -201 -225 -73 243 207 41 -174 116 -80 -166 -182 109 193 -1 -203 229 -153 45 -83 127 -121 118 -44 -51 -70 240 -196 232 6 64 -156 178 -7 86 -141 205 43 -190 -37 -20 9 7 -78 201 47 -11 -36 152 174 -38 -228 82 113 -32 -241 87 -192 155 -146 248 -99 219 -223 -135 76 54 227 125 -168 194 95 210 -67 30 -120 211 230 131 -137 -33 60 -49 29 -187 -22 -132 78 -250 1 -5 37 111 18 105 -59 -195 34 -43 165 147 -214 -237 -227 21 172 197 -89 -64 -56 214 -188 132 -28 32 39 94 191 -9 222 228 24 -3 71 -233 -235 -39 -239 220 -91 -213 -212 83 92 79 -248 68 181 -171 -130 -114 170 -53 -197 -42 -40 -134 31 -244 236 -243 -4 81 -242 208 58 -184 217 -124 -159 -69 -220 245 123 36 -111 -115 -133 -77 -65 161 130 -170 -107 -198 239 169 120 -191 -58 -45 223 189 89 8 112 185 49 -26 136 23 4 -219 209 -178 218 126 99 215 -125 -31 -110 -27 63 171 128 -23 -167 158 148 -104 -246 -86 134 38 164 22 225 -205 -152 69 107 98 144 187 108 177 59 -113 -149 -21 17 202 -29 104 216 110 138 -50 -157 -93 56 -100 -18 150 160 163 0 -10 -173 -161 -211 -222 -164 212 224 -138 238 61 -60 85 -136 203 242 179 -95 173 -92 -15 180 40 -229 -143 -169 -19 -247 -57 129 42 -103 70 -96 90 -2 -87 -128 75 53 -52 51 -158 3 -194 66 101 -68 -179 -8 -17 -55 -193 166 
TEST 111 ARG:-131 138 -210 -193 -48 224 -145 97 141 193 34 11 63 132 -15 -247 -58 -114 120 -104 -228 -7 -60 109 -158 -84 -65 8 200 -164 38 106 47 -192 -30 40 -214 159 126 4 -41 -47 -188 -236 247 128 -231 1 -107 18 -40 28 -20 75 245 80 -8 -33 50 145 61 225 -178 -83 -69 198 246 -156 235 -21 166 62 -44 103 -36 -91 -233 -70 -9 -82 167 133 -67 -18 179 232 218 -165 -242 13 83 111 69 -227 -141 -57 -179 144 16 188 -186 3 -101 -26 242 -116 -209 234 48 -183 -163 -32 215 182 165 -220 178 19 -93 -62 -94 -38 -175 -78 -13 180 20 81 -102 -115 -22 -105 170 49 -132 -42 -198 209 117 -45 100 94 -244 90 208 212 65 -6 147 223 -168 173 -92 156 171 -97 175 -224 203 -37 68 30 10 -16 -234 -194 51 -90 248 -202 -199 -248 -201 57 238 -237 -123 214 -184 121 -191 7 54 -72 124 -68 -180 -25 187 -73 -112 -166 152 -74 -240 176 -135 150 -77 5 191 -249 192 -238 -170 -119 210 -208 -50 -76 228 -140 134 -11 -181 99 -203 35 -124 104 -153 149 22 129 125 113 -216 226 -229 -147 95 43 222 -161 230 -122 229 -126 136 -241 -34 0 190 118 219 86 87 -108 122 93 89 -61 78 84 115 88 -200 -177 -89 39 237 -4 202 -189 231 -134 -197 148 -152 -110 -111 -160 76 131 31 -53 127 46 -118 184 -75 74 -226 162 -138 -250 164 55 154 -1 -225 -52 168 -128 -46 -195 -176 -49 189 -27 -117 9 -159 -5 213 -88 6 -142 -243 204 -206 -43 -71 58 112 -172 139 142 -221 -149 -218 52 239 36 -120 240 211 -87 73 -143 -66 -39 -23 101 -230 53 -245 183 -80 195 -17 -51 -196 -148 -130 221 -10 153 23 56 130 -171 201 -187 177 -212 -162 -14 194 -121 -173 199 79 26 -139 -109 -2 135 -55 -205 217 -207 158 -81 161 -211 -219 -99 172 233 -113 -106 236 32 -29 -19 45 -157 -31 17 241 77 196 -133 -232 -239 21 60 -86 155 110 108 -190 227 96 -246 -56 -174 107 160 102 72 -125 82 243 119 92 -127 -24 -64 143 116 -144 33 -213 12 24 -151 -204 -136 -217 186 70 64 249 -150 44 15 181 -96 123 59 185 137 220 71 37 151 -129 140 -79 -215 41 216 -137 85 -3 29 -222 114 -98 14 27 -182 -28 174 -54 105 -85 -185 169 -169 -103 -146 67 244 91 205 163 -12 -95 -223 146 207 25 -155 -35 98 206 -59 -154 2 157 197 -235 42 66 -63 -100 -167 
TEST 112 ARG:204 97 -237 -147 176 -94 -161 81 64 91 147 -103 -91 -45 -146 -234 -204 62 -205 85 33 -41 -25 115 -222 196 -150 63 -184 -53 -58 -13 130 -247 -232 -26 -65 -30 22 179 120 168 184 138 -133 214 14 -174 -42 -117 -209 -223 203 -167 240 -51 23 -153 -185 20 2 231 -214 118 156 169 -220 -144 -137 -142 192 89 -76 -162 210 152 -24 -64 -169 -50 -72 55 69 188 -225 38 193 146 -111 -39 -202 -75 7 153 -101 4 21 187 106 -187 -16 -95 -22 -189 -177 -3 -236 202 -109 -172 -188 -18 -163 155 -140 -143 -60 244 -136 114 -228 242 128 39 -83 105 103 79 90 93 122 -216 -6 5 -210 185 -47 71 8 243 -1 -73 104 -107 49 158 -195 -193 17 186 -134 -9 -118 -86 111 82 150 54 -166 -152 -139 -241 -208 162 83 30 143 -206 -87 -176 -171 -192 35 248 177 -114 1 109 -55 -15 18 -82 238 -181 -44 -23 213 68 173 -213 -61 132 -49 232 31 223 151 96 133 41 145 -158 -128 -48 -183 125 112 215 -164 -10 -74 163 175 123 9 116 -69 48 141 86 25 -219 -229 -244 127 -97 37 -33 217 245 45 166 3 -149 -227 205 139 -240 70 183 -138 -157 -186 -32 -66 107 13 -233 77 11 234 -126 211 56 -92 195 -63 -178 -80 164 137 -170 227 66 201 -249 88 157 -165 135 -12 -113 -246 -119 -239 -102 -243 -59 -130 222 198 -5 -81 -141 101 -131 -122 -56 27 -115 -54 131 194 124 -179 28 247 159 -145 191 72 -93 -201 19 -14 78 -129 -155 -245 -19 -27 61 167 59 -78 95 148 -35 -4 -125 -21 46 -90 -40 34 161 221 -57 212 236 -104 190 197 216 -159 -180 119 224 246 178 208 100 -71 -98 44 10 73 -79 -70 50 74 -84 16 134 -226 180 -224 6 -156 -38 57 -120 -191 108 170 -116 51 -217 12 -89 -68 -199 42 -135 -168 29 126 142 43 241 -231 -31 140 -96 94 -7 174 92 230 235 -43 58 -17 233 -235 149 121 24 -112 -20 98 -124 -173 -196 -198 47 -207 -34 32 199 -160 0 -154 136 -197 165 -238 237 -77 -215 -151 182 99 -242 87 -62 -211 26 -88 -230 -29 206 220 200 -106 113 -203 172 -110 -218 110 207 225 189 -28 -99 219 -8 15 80 -250 75 -108 -190 -212 229 -2 226 154 117 249 228 53 -121 -127 -67 65 36 129 -175 67 -36 -37 -105 -100 -11 -221 -182 -248 144 218 209 -46 84 -132 -52 102 171 -200 -194 60 40 52 76 181 -148 160 -85 -123 239 
TEST 113 ARG:222 -57 80 43 36 207 234 123 -201 68 -165 -125 132 213 150 -32 171 -92 236 139 -208 191 164 185 135 -207 -121 -178 -193 -4 128 170 -230 0 159 217 125 -111 -22 152 208 -114 225 -82 -27 130 231 -149 31 229 143 -118 -122 -229 168 -83 -30 20 -235 -95 -46 -142 111 241 -185 -152 70 -146 32 244 39 35 -66 192 113 -116 243 141 199 18 -25 -200 184 -147 -107 215 40 -177 -93 245 -99 -97 -15 166 -226 -153 -78 -240 216 155 165 78 146 183 -218 96 -61 -8 -72 -148 238 26 -154 -212 -157 -85 175 210 -236 62 41 -120 -222 33 224 25 16 115 200 -18 119 -168 99 180 -26 129 -90 -51 -65 -12 -170 201 -49 -70 101 -112 173 -166 74 -199 -232 45 61 -50 87 -188 59 -228 83 -234 38 -5 -139 154 -58 219 -124 29 -162 -79 14 -17 89 91 -223 10 -225 -123 138 94 8 49 226 -172 -215 -53 -44 -31 82 98 -155 247 -246 -131 93 -138 -242 -11 -213 -54 -20 -134 -248 131 37 -238 189 -220 -216 77 104 177 -80 220 -219 121 -247 -89 -135 47 -110 -173 149 -133 34 9 3 95 179 100 -151 -64 -9 -88 28 107 -115 19 50 206 85 -231 -52 54 1 -182 66 198 75 -75 223 153 126 69 -69 -103 156 134 -76 -21 202 -91 -59 17 -141 24 2 -250 174 -62 197 178 -43 -1 -35 -164 23 90 84 221 161 -183 42 -196 -181 -161 -10 230 63 169 -169 193 182 -128 64 -119 -77 12 -41 -39 -144 117 137 -45 116 -179 -19 44 209 142 246 -171 -224 158 239 160 196 -206 188 157 -175 228 136 -101 190 -113 122 124 58 194 -96 53 -156 -106 -108 -3 -100 -245 -126 -102 127 21 -205 151 -209 218 15 112 110 73 186 -137 109 -98 148 232 48 -227 -29 -167 -203 -37 242 -23 120 108 -186 -221 -244 22 -28 205 -56 79 235 46 -42 -160 4 212 133 -2 -105 249 -217 -189 -202 140 237 -191 -127 -192 -187 -117 -204 -6 -197 203 -174 7 -163 167 -63 -145 -13 -150 -36 -132 -211 -136 76 -176 211 -86 163 88 27 233 56 -87 86 81 -158 227 144 -210 -243 55 52 -130 -14 -180 -71 -74 -48 51 -40 -241 162 13 11 102 5 -140 -94 -237 -60 72 -33 -129 -38 248 187 6 172 -68 214 -214 -81 114 30 147 -67 97 240 -198 145 71 -194 -24 -249 195 -84 -190 -55 176 103 60 118 67 -184 -195 -7 -16 -73 -143 -34 -239 106 57 65 -159 204 -47 92 -233 181 -109 -104 105 
TEST 114 ARG:-238 -207 102 134 108 43 169 59 96 -176 224 189 -85 -160 -109 241 139 30 -46 62 -157 74 -88 75 171 -243 -201 12 198 118 -169 156 126 -113 236 1 -224 115 -206 34 91 -158 -193 133 -41 -99 -237 245 -178 -230 -170 127 -198 -48 -204 -80 205 -103 117 222 192 85 -140 -152 211 10 -146 82 219 94 218 191 71 -142 -31 216 -11 199 -214 22 177 209 -242 61 -89 -2 46 -60 120 -83 -179 -64 105 -191 -161 -110 24 152 244 -62 -137 -248 111 -150 -228 -166 66 -111 119 104 89 101 206 -173 -212 -116 -82 99 179 70 231 -190 -26 -208 48 -163 33 -51 144 110 36 35 26 47 -247 -14 -39 210 84 -165 174 5 194 240 229 -107 -119 -120 98 -172 -234 -66 -192 -102 -7 232 149 -34 -244 -114 223 160 166 54 -144 -143 73 -210 130 -10 -22 -27 164 122 -194 213 -132 137 -68 140 9 -16 185 121 187 40 -131 -235 -12 153 -250 -98 138 237 -86 72 150 -49 143 -5 -227 -129 151 -58 -117 136 -112 64 -211 -136 -127 -183 -133 -70 49 -57 -126 184 -141 114 235 -217 -213 -13 243 -199 128 -159 249 -32 186 -215 44 -164 -162 -188 58 -90 87 -187 -44 -135 -17 80 20 51 -100 81 0 159 157 -241 -180 230 176 225 -19 -15 131 -246 11 -181 -108 -71 123 -9 -175 32 -105 -20 -197 233 25 242 -216 -151 16 247 -221 45 165 -37 -236 -53 -50 168 -118 4 -245 63 125 -69 208 -171 97 -47 29 90 158 -24 -59 -153 88 -38 93 -81 239 103 129 -115 -45 -4 56 204 -3 -23 23 -233 221 2 -55 212 -84 -134 -149 220 -232 -121 -106 -219 -203 -177 21 132 -40 -225 107 -147 -6 201 -77 183 14 79 86 -92 -65 -97 -205 141 28 8 -54 -95 77 -155 -35 -138 196 -240 -145 226 -63 -101 39 113 -239 -139 238 37 188 163 50 234 246 76 92 207 -28 145 -25 18 -61 106 -148 146 -78 -229 167 -94 -18 -195 -128 248 78 173 -182 -93 -156 170 38 -8 -223 55 65 -79 67 57 31 -87 -123 60 -186 95 172 -218 -226 -122 -220 214 -33 203 52 147 135 -196 7 -154 -104 -74 -125 182 154 -130 228 190 -21 -189 13 100 112 68 -202 -29 41 -200 142 -184 217 -75 197 180 195 -1 42 3 162 -249 227 215 19 -91 109 155 69 -209 148 -76 202 -30 -67 6 181 -43 161 -56 -73 27 15 200 193 -72 17 -222 -167 -42 -185 -231 124 -36 -168 -174 116 53 -124 -96 -52 175 83 178 
TEST 115 ARG:-167 239 156 174 -156 180 -154 236 -134 12 139 79 -123 245 107 -36 -220 9 -67 -159 150 57 -155 -241 -128 207 89 -65 -15 228 29 -48 -14 -61 -239 -177 20 -77 122 195 -242 159 40 -183 60 -125 152 82 -74 95 165 108 65 -138 77 -189 210 15 -59 175 -79 -47 241 -4 126 88 -228 -160 -133 196 -18 138 208 -192 25 -174 -213 -92 -37 -96 -8 -151 -80 160 209 247 -214 -205 63 90 -98 10 -29 -203 -197 18 -227 -238 -153 21 -248 232 -127 -99 -6 211 178 35 163 183 115 -207 45 -72 167 227 -119 43 66 140 -107 187 32 -62 -44 56 213 98 -170 230 -42 27 -164 36 -250 -175 -23 68 78 -132 87 -204 54 71 151 -216 59 -236 181 46 -76 50 -41 53 -45 72 -140 85 2 -120 -20 -90 37 -78 -102 -16 -17 -32 149 190 -230 38 30 22 -111 -161 128 -222 -2 51 -43 -176 169 -70 -208 28 -173 14 -232 -157 -66 246 -60 109 -124 -202 -146 -84 141 7 153 -209 248 121 83 -26 -9 -145 -246 101 -247 -73 -147 204 237 113 217 -224 70 0 -152 155 81 96 -40 -186 198 -100 -83 39 -129 203 114 69 -166 -106 -210 11 172 189 49 -68 170 124 -150 -131 -109 -188 -55 188 41 176 182 -180 125 -117 -86 136 144 -139 -178 -39 -219 164 -233 16 -54 220 130 -1 234 185 142 -103 223 -182 -122 -104 -190 -38 -142 -52 -144 -13 -88 24 243 133 -3 92 19 -118 17 -137 -95 -97 158 44 162 -50 193 -7 -33 137 132 -245 -93 -69 -162 55 134 215 62 -75 221 58 34 216 218 3 -87 -115 118 177 31 -10 242 238 106 -149 135 -49 -179 225 -165 -89 -19 -91 -53 235 186 171 48 73 -217 231 26 -85 200 -194 102 47 -64 -101 -244 112 80 -163 -193 -196 229 -11 226 -22 64 -110 -235 212 -199 157 -31 -46 -206 23 1 224 146 184 -56 -218 -187 86 67 6 75 191 84 201 -82 -35 103 194 93 -141 -229 -116 166 148 110 -57 8 99 219 5 -212 147 -28 -172 -185 74 -225 -108 192 33 -143 111 -112 76 -168 -243 -158 -34 205 127 117 123 -30 161 -136 199 -21 -240 42 222 -237 94 -195 -63 -24 154 -51 -25 104 -126 214 -81 52 119 173 105 -135 -148 -12 -201 91 233 145 179 -221 -200 -234 143 129 -181 100 -121 -27 -226 4 -249 -71 120 -171 197 -211 -113 206 -223 -94 -184 244 -231 -114 97 -105 -191 240 -5 168 116 -215 -169 202 131 -58 -130 13 -198 249 61 
TEST 116 ARG:232 -44 -115 81 87 -242 150 226 -107 -15 167 -182 -97 -166 -81 249 114 94 -210 -208 -20 -75 -26 -250 107 -135 132 213 -49 60 -144 -13 -237 53 -222 -168 191 18 164 212 133 -231 -14 -228 -178 -24 75 62 93 10 -121 -241 -64 125 -106 25 19 192 -131 -206 176 111 149 -45 115 183 -69 178 68 4 -249 200 -2 147 47 198 -175 228 79 -247 -83 -190 -120 155 109 42 -53 71 70 -18 98 -179 -62 36 168 196 -193 -35 37 28 180 24 51 -36 175 -55 -160 74 -187 -12 -7 39 245 -152 -183 -211 43 -41 -47 -11 122 -84 76 -215 -94 -9 -42 -40 -189 13 -128 130 16 -232 208 -162 -73 201 -174 -95 131 154 -248 -10 148 -219 100 29 184 -38 -70 -33 61 -186 34 174 146 -3 -234 243 -236 -205 -227 -127 158 -114 12 138 -150 -27 236 59 -158 106 209 151 30 35 221 -159 187 -110 190 -59 -103 199 -191 -225 205 -119 156 65 -154 -143 112 211 -197 194 -93 -105 44 -169 -113 63 219 -72 142 231 -161 239 116 78 66 -19 -153 -98 171 127 -226 95 -126 -229 -164 -37 123 -89 225 -122 113 -125 -137 82 -230 177 -155 8 -52 -17 204 -171 -151 -58 227 -74 110 137 169 -34 233 234 -104 152 -167 -130 202 165 -221 -209 -239 173 1 73 140 207 -124 91 118 -90 23 -212 48 -199 104 229 223 214 -102 -140 -233 -223 -32 14 141 246 -136 46 57 85 77 -185 197 215 108 -203 -235 -213 58 189 90 -198 145 -50 9 105 38 -129 33 80 -71 170 186 102 -170 -147 -61 166 124 -244 135 247 -85 -146 45 -238 69 -48 -79 -240 -165 15 216 -220 96 128 206 182 -101 -29 224 101 -216 -86 -145 -96 -8 244 217 103 84 86 -194 55 -56 -22 210 -163 157 83 237 -68 126 -245 185 -200 -112 -57 -16 136 -177 32 22 230 21 -133 64 -54 -87 26 -181 235 27 -188 -196 17 153 193 161 -43 67 3 238 -5 -63 99 -77 -76 52 -65 -21 -176 -217 -88 -46 179 -192 -246 -173 159 20 -108 241 220 0 -4 163 119 -218 -100 -23 41 -118 -123 160 -99 31 97 162 92 5 49 54 -91 -31 -224 -28 -116 -138 56 88 -80 -109 218 -157 -149 121 -67 -78 -214 -111 -39 -134 -132 134 248 181 11 172 -184 -204 -51 129 -66 240 -243 -180 222 -201 -141 -142 -1 -139 -148 203 89 40 -207 -156 -117 -30 195 117 -92 7 72 139 242 50 -195 -172 -6 143 -82 144 -202 2 120 188 6 -25 -60 
TEST 117 ARG:198 44 -121 -114 -134 109 -65 215 -97 -58 156 -154 217 -180 86 38 -220 7 15 -60 -189 66 -144 165 148 -158 -166 121 -135 98 -81 180 -235 -242 122 -36 90 62 240 249 119 -67 -62 136 -187 -101 185 120 -132 -151 243 -226 194 -213 48 52 231 0 -42 220 -249 181 -243 -85 42 203 -12 -224 -149 241 -16 -100 -23 236 87 81 -161 -102 76 -105 -219 135 61 -84 -130 68 103 -184 242 35 -148 -73 -206 29 -80 207 -143 101 219 -43 58 -175 108 4 -162 67 247 -183 -54 -214 190 -176 -106 167 235 -228 -150 -186 -178 178 200 172 -168 246 237 116 -207 -137 151 -232 117 186 168 54 -118 -164 124 144 -68 225 47 -31 92 164 133 -87 -238 152 -71 -92 19 176 221 75 -244 -202 149 -247 -182 -240 -160 83 193 -2 -21 208 -88 17 56 -197 -33 -229 118 -14 22 234 154 -63 -10 79 -152 -75 -139 88 -95 37 204 -44 -169 12 -17 104 -4 -93 -50 191 -69 188 107 179 -140 -185 32 -70 -227 -138 230 -199 100 -210 -133 49 -77 45 -3 -230 53 192 -129 -179 248 -98 60 201 -52 -115 28 -64 -188 199 170 102 -29 70 -5 169 139 99 161 -108 -250 24 -51 27 -233 26 -245 134 -192 140 -90 -122 129 96 224 -119 -109 -153 212 -1 -181 163 159 211 -41 123 157 -117 213 -173 -141 -9 -155 -211 244 18 155 -46 -217 183 184 -74 223 95 -28 189 -116 125 113 73 142 -19 -55 -195 -204 202 -147 25 -39 85 -218 150 153 228 -136 -61 34 171 173 222 137 158 141 245 -203 64 31 -66 46 227 -222 2 -34 175 41 196 -111 -7 -40 -131 -177 232 -128 80 -216 -53 143 -72 -239 130 -171 -30 -37 -83 -25 91 69 182 -190 -209 206 -15 -201 -45 84 -208 160 -163 13 50 114 65 132 -78 -198 -56 210 -49 -145 -13 36 16 177 146 94 106 43 162 226 -196 147 72 195 21 -237 -107 -57 -104 -26 -123 -76 -200 115 -246 -99 89 205 -142 187 -165 216 -20 55 -59 -6 -167 -126 -38 197 -103 -125 -127 -156 20 -32 -205 5 -22 105 174 166 59 82 145 -96 78 131 -223 110 -212 -8 77 239 -89 -159 14 -112 6 233 -27 -193 97 138 -170 3 11 30 -248 8 -18 -91 -234 -194 74 -11 10 39 -191 -35 1 -174 -86 229 127 -82 51 -113 -79 33 -172 -215 -124 40 214 9 209 111 57 -241 23 238 112 -110 -24 126 -225 128 -48 -221 -94 -146 93 -236 -120 -157 63 -231 71 218 -47 
TEST 118 ARG:-76 69 -158 123 23 182 -100 190 -180 -4 116 170 233 97 -109 104 160 -244 107 218 -30 181 100 -91 110 -136 210 199 223 94 243 -164 -79 -32 59 16 209 -145 -233 220 5 -84 195 -19 226 222 115 135 48 79 166 -112 161 49 227 136 26 87 111 -189 -65 -26 -10 130 38 -9 -72 24 207 -82 -1 -101 29 -149 -115 -139 -5 -234 235 90 -39 -162 -27 156 -12 -18 187 -208 9 -45 30 -122 -237 197 -42 25 88 149 -151 158 172 -148 -223 -131 -104 155 27 201 -56 -107 89 -245 -44 198 -58 165 -99 -210 -187 -29 200 -150 -209 -229 -225 -192 10 -206 58 -242 -232 -87 43 -179 129 -47 -77 142 237 -119 44 -175 168 177 -98 143 -154 -114 194 -183 -176 -24 99 75 61 125 179 -181 -15 -199 57 -198 73 114 -202 241 228 -224 163 -66 81 -71 -170 153 196 -241 167 -142 -51 -213 -22 238 -226 17 -200 -216 0 215 -161 225 -155 176 77 19 -167 -218 -165 -239 -38 11 122 -59 72 183 -141 51 191 37 42 -94 -105 86 245 -123 -132 -230 236 40 -153 -68 68 -134 74 -173 62 175 -215 -143 -185 46 -137 184 -35 12 117 18 -7 173 -194 -46 -69 242 28 -236 -184 -140 -118 7 -186 -90 240 -20 -188 6 -172 -220 -8 138 -92 212 -125 221 -128 159 13 -147 -108 151 -97 -103 193 66 -219 -159 174 -156 -168 169 -88 -227 157 118 -211 15 127 145 83 -40 -28 202 -221 204 -73 -113 213 189 -249 234 93 33 -250 249 171 22 -54 34 247 119 231 54 -34 -135 -222 180 -85 -16 147 188 -197 -133 -67 -190 164 8 140 -214 -102 150 -96 -43 -3 132 146 -63 -62 -178 -21 85 248 -17 63 -152 -33 65 -174 -25 -217 35 131 -106 -196 -238 -23 -95 -207 113 -64 -110 -53 -157 -243 -11 32 -36 -212 76 -75 211 98 -70 -57 55 70 186 232 137 133 120 45 214 -231 -61 124 154 -2 -169 2 64 -49 67 4 78 60 -55 203 -228 -130 47 -111 39 106 246 -78 108 14 -81 -116 103 185 -121 -80 31 84 -246 52 229 -163 41 -193 -171 109 -50 96 121 -89 53 -203 -6 224 50 -138 -166 -41 -129 -60 82 -201 36 -31 92 144 20 205 178 -144 -14 -124 -83 128 105 -48 -235 -74 91 -13 217 -195 208 -120 -126 141 102 216 -160 -93 192 239 95 -86 -117 -52 -240 152 -205 230 162 -248 -127 244 3 -191 -177 139 1 126 -146 21 112 148 -182 206 -247 56 -204 219 134 -37 101 80 71 
TEST 119 ARG:197 -28 160 -32 -201 -184 -53 12 -37 -174 -86 88 130 -119 -84 121 1 125 -164 -95 -89 -172 22 -242 -23 33 -170 207 -18 -9 134 -166 6 -181 -92 -63 -117 136 52 122 167 -238 185 -6 152 157 116 245 199 -152 218 -20 -101 34 -1 54 71 158 -40 -126 -48 -26 -44 -214 -91 -82 27 -150 -38 123 19 163 -60 98 -46 -204 -192 100 94 78 8 202 -30 178 30 -234 16 162 180 -209 -88 74 243 -178 -45 -108 131 -176 191 -42 -236 -58 -232 124 132 195 -34 -190 67 -29 229 -75 51 -47 -182 28 189 -135 -31 151 -243 217 -224 231 -239 109 -230 -16 200 -72 161 26 146 224 47 -25 -70 -175 -133 -156 -216 165 -85 31 -235 -7 -103 -99 -81 206 -167 -93 -69 -128 -143 -76 -245 56 222 96 175 -90 9 -107 -109 -194 -74 97 -177 187 174 177 -77 -237 -231 145 89 -33 41 -54 188 58 -100 120 15 59 -163 83 208 148 170 -66 119 -112 144 -15 7 -241 173 -247 248 -173 242 249 2 -35 -188 -229 -4 -219 -118 113 -155 -145 61 192 77 182 -56 171 -208 133 -198 127 -73 25 223 29 108 143 64 91 234 -160 62 -212 -211 236 164 66 -250 82 -62 141 219 -153 -125 104 -51 10 -49 156 -148 -12 214 -130 -115 -102 -207 193 76 215 13 239 -189 93 87 169 149 -83 -196 21 216 235 -139 -22 -19 -24 -87 154 -171 227 209 106 244 92 -168 -222 128 -179 -210 129 -246 114 90 117 230 228 -161 186 -220 50 48 -215 85 183 -200 140 210 -111 -195 -213 -13 110 4 -78 213 196 -5 49 150 -68 -187 -205 -80 212 -249 -223 -129 179 -116 99 44 211 -186 181 45 -61 198 42 -3 220 55 -11 184 -159 -169 -14 70 -113 -154 137 68 -137 -157 24 -41 172 -36 32 -193 -218 -217 -65 -124 18 203 -141 205 155 63 -233 11 -121 -147 135 -71 81 0 -94 57 176 -138 190 232 69 126 -197 115 247 -10 5 107 17 20 -144 -149 204 -104 72 80 -225 -183 -142 46 138 65 -132 -240 -199 -50 -131 -57 153 3 246 221 -97 79 -221 -244 -162 39 -21 103 238 101 233 241 -123 38 118 -8 -180 95 -226 53 -114 -110 14 36 112 -203 105 -64 -105 111 75 -55 60 166 -98 -17 226 -106 -151 73 -79 -185 -59 102 43 237 -67 240 23 -202 -127 -43 -146 -165 -39 -134 -96 -206 159 -158 139 142 -136 168 40 86 -140 -248 -52 147 -228 84 -120 -122 -227 37 -191 -2 201 225 -27 35 194 
TEST 120 ARG:225 77 -23 42 224 -41 -164 -177 -19 -25 106 53 -135 -39 197 226 -32 231 -241 236 -220 -131 -236 -15 -29 19 -94 143 -12 181 210 -48 -28 144 6 -215 -128 7 -172 121 -62 55 108 -52 193 201 -112 -90 -109 -188 -195 9 -186 -58 -209 -171 -21 -169 240 -22 -208 218 232 -18 164 -205 -233 10 41 -120 -179 -117 -75 63 -144 190 -78 65 202 -106 180 -189 46 -142 -163 -45 -217 -60 -6 -223 -47 86 191 235 132 23 112 117 -229 -113 21 222 88 243 76 83 -59 -14 68 245 32 82 -160 34 -77 -244 153 -203 -137 155 2 -198 -70 90 -61 -136 101 172 -81 62 -102 127 -119 170 54 -168 -82 -148 8 -40 196 125 160 11 29 100 -118 -56 -69 84 110 -234 -185 -170 -228 242 -239 39 244 74 145 -174 158 57 -249 -242 206 -121 -222 168 131 87 -246 43 -150 -57 -226 -37 -4 -162 124 151 -140 -190 -192 -7 137 4 152 -74 -224 50 -130 184 223 -247 115 -204 -67 109 -197 -146 -183 -230 -199 166 179 228 159 -110 36 -8 -9 -96 66 20 -145 234 -95 173 241 -72 95 207 246 -63 1 91 -138 238 56 103 37 -101 -107 116 105 3 26 247 79 98 -84 -30 136 156 -79 -68 -235 118 -3 15 96 -250 138 -176 -108 47 171 -86 67 17 -167 194 141 -97 -34 -139 187 -237 14 -213 135 214 -116 -42 92 192 130 -126 -114 69 -212 -11 -99 147 189 183 -115 -54 -46 -240 104 248 -227 229 -71 233 -181 161 -16 102 -65 -31 -143 -133 -134 -76 176 169 -24 -44 27 -51 205 174 45 -73 123 154 -66 -88 -238 239 -206 -191 177 72 -13 139 -49 -218 -166 12 -210 -219 -43 128 146 129 111 -100 215 -2 18 220 71 157 -245 -173 -55 -243 209 -216 203 126 149 -38 -124 -159 -125 199 -196 5 -152 -17 142 -214 -98 -20 -200 211 -10 52 -85 120 -201 -187 33 -87 195 -127 97 -202 -89 -50 61 -184 24 165 178 -248 213 70 162 -178 -141 119 -53 -232 -158 -207 94 -103 -161 227 93 81 -123 40 -211 133 -27 -147 122 186 198 60 107 200 217 212 28 48 -91 -175 -156 -194 -83 182 58 150 -221 -35 -182 85 73 75 -154 49 -36 237 -122 114 99 -1 188 51 185 219 44 -132 -151 249 208 -26 22 163 134 204 80 59 221 148 113 -193 -111 216 25 175 -225 140 -129 -155 0 38 78 64 16 -92 -104 -33 35 -231 -105 -80 -153 -180 31 230 -157 -5 13 -165 -149 30 167 89 -64 -93 
TEST 121 ARG:-166 -241 -137 -64 -5 -93 75 30 -42 200 -84 28 -126 8 209 -114 56 -169 -191 -149 224 125 37 238 123 -121 97 -176 -55 2 39 -249 -63 -56 55 -13 24 -206 -106 -33 -209 -104 -154 -102 -224 -24 246 66 -45 -73 165 -39 -7 -250 -186 213 7 157 -207 -81 128 -118 148 129 81 90 -244 -163 -103 -16 229 -20 -161 -160 146 113 6 83 -177 -132 -17 -140 -18 -142 20 -36 -139 -4 67 231 216 5 87 178 -91 118 -70 -235 220 -222 138 -105 96 -80 201 -214 -12 -201 -72 68 243 236 12 -51 52 -159 -76 111 49 -239 -197 44 50 -223 -69 38 219 -23 -58 93 222 136 65 126 73 -231 -98 174 212 53 47 239 122 -165 -234 218 248 164 -66 41 241 143 -162 -227 -35 242 -145 -65 23 -245 181 -96 149 -153 -150 -116 130 -187 36 -138 223 -173 162 -46 48 -32 -21 3 9 183 -30 159 62 -210 -151 225 -89 192 151 78 -77 79 132 188 179 -216 76 34 -53 27 -101 -247 -229 -79 -86 206 197 -59 -43 46 -215 -218 -130 51 -47 202 -78 54 -167 196 -221 4 -129 -175 204 -134 -136 19 -196 226 -71 -85 -122 142 57 45 245 154 -156 131 158 13 172 194 -240 -243 144 -203 221 -8 22 29 88 21 -248 -230 190 -141 180 -60 -113 210 -28 -22 -15 -109 116 -152 -11 102 244 -40 -180 -2 60 139 235 234 -225 -185 -95 114 -111 -74 -119 70 103 95 155 -92 43 109 -246 -189 -52 -94 233 161 160 -68 85 205 -19 217 -135 -192 -155 -184 -14 -120 -50 168 25 147 -37 -34 -57 -194 -26 207 -190 -143 -62 134 -27 82 124 -115 -144 71 10 -232 163 -117 -146 16 230 94 99 152 32 127 133 208 112 156 42 -181 15 -87 -168 77 -200 -164 17 72 -228 -125 -41 -67 -124 140 -38 -236 237 -148 214 153 31 -1 84 198 -123 -233 -178 120 249 -220 189 -75 -110 91 -54 18 107 175 228 -107 -158 -213 211 -25 104 100 -193 184 26 -49 145 -242 -204 -48 89 98 40 -171 -211 -188 86 187 59 182 -128 61 -97 -157 -208 176 -10 -202 167 -44 -179 186 -170 -6 193 232 -9 -147 169 105 -100 1 35 195 110 -3 58 119 -212 150 -133 -174 -172 203 -195 185 135 -90 80 92 69 173 33 141 -108 -182 137 -219 121 191 -238 -205 177 215 -127 227 166 74 14 115 64 -199 106 -112 -237 -88 -217 199 -61 101 108 0 -29 170 -198 11 -31 247 -226 -99 -131 -83 63 -82 240 171 117 -183 
TEST 122 ARG:-85 -139 117 184 28 -127 -143 3 149 70 -226 -223 -86 132 -219 -23 -205 -162 35 -119 -192 -159 -214 -99 81 -147 123 -215 172 -29 -141 -84 29 -96 233 222 -103 -222 38 122 -25 73 37 52 136 150 125 -57 -109 229 -76 107 -243 -32 -3 -151 -142 228 -9 200 99 153 -15 124 139 248 71 -12 114 106 -195 192 -152 -101 -186 224 147 -123 -22 -116 146 9 118 -157 -168 163 178 18 -122 -227 43 13 196 -171 -45 -165 97 216 -14 -181 92 159 -87 68 -250 -108 -124 -191 -179 -107 84 239 -47 193 -135 165 -114 87 -5 -249 179 -170 161 45 -174 -176 27 -80 202 67 -194 154 8 66 -188 -17 230 -220 -187 34 -180 -178 195 -118 -134 44 -242 189 -146 -131 59 120 -77 -89 -207 94 56 88 22 211 76 197 127 129 77 -54 -34 -78 151 176 -60 -129 -200 148 214 62 188 -7 -95 -225 -26 -74 -211 -42 -41 72 213 -230 167 -133 182 -100 -236 -120 169 -10 -1 -210 -82 -237 141 -238 -197 -49 119 -43 48 134 -16 -2 -48 -232 183 23 221 -4 109 168 199 194 -55 -98 -163 244 205 177 131 -112 -234 -125 -50 -19 -145 -106 33 249 -73 220 47 -175 137 -248 208 86 -11 -155 -235 -198 -33 -44 170 -91 231 58 166 145 24 93 130 12 32 -46 30 -59 -201 -161 -148 -38 82 108 160 246 174 89 -189 101 203 42 -144 -231 -88 46 -172 6 85 -121 17 -27 50 -24 207 15 100 204 -104 238 -167 126 -63 190 -228 -132 201 -40 5 -156 -65 26 191 -72 20 -58 162 -53 54 2 -28 -203 -138 -154 80 -61 -206 234 -193 -117 -102 74 -166 -69 -97 -209 4 212 -83 -183 -31 -75 -30 219 140 173 61 164 185 245 -150 198 223 105 187 25 218 -81 102 -68 111 157 19 181 16 -173 -247 209 180 65 57 -94 226 -62 175 -213 -224 186 247 232 1 215 -6 -105 -246 -35 104 -169 142 115 -184 103 155 -177 95 -158 -199 -149 -21 171 -79 -160 -229 242 237 128 -66 -110 -190 -67 98 -182 -136 143 41 0 -113 -13 -37 -196 -36 113 14 133 55 225 10 241 -202 11 -217 60 -70 240 69 -245 -221 243 -111 51 -8 -20 36 63 -239 -153 116 -52 -240 39 110 -90 83 -128 -218 96 158 206 -241 -185 210 135 217 -212 21 -64 -164 138 -244 64 79 78 -208 -137 -18 -71 91 40 227 31 75 156 49 53 235 -126 236 121 112 -51 -115 7 -39 -204 -140 -93 144 90 -92 -233 -130 152 -56 -216 
TEST 123 ARG:103 120 157 121 20 -165 109 -244 -20 -81 -113 -18 -44 180 26 230 -37 2 124 219 -6 161 135 -182 100 119 138 -131 -176 247 -28 213 -135 -53 61 113 3 38 -125 -240 178 146 202 216 -233 -142 211 15 7 -237 -66 -97 -153 192 86 193 114 165 -180 -65 -225 -164 -89 -248 -160 225 241 56 196 -102 -1 -177 244 200 -116 -79 -106 -179 -72 76 237 -204 -59 74 -16 40 46 -61 128 143 49 -228 -139 -241 82 18 -242 -101 212 4 151 -27 -223 55 -234 57 145 47 -194 228 -22 231 179 -190 -217 -24 -42 -230 -121 70 45 -111 -196 -70 50 60 199 -94 53 236 -188 -127 204 -115 99 -174 232 -158 -206 -68 -32 -29 166 -75 -84 -199 -238 -130 1 -222 43 -95 203 175 8 77 104 -19 207 83 -54 -144 -193 181 -170 -202 -151 162 -133 139 130 -5 -232 21 5 -58 32 91 -145 -155 -90 -214 246 187 141 125 -119 62 9 -123 -235 58 -35 220 140 78 59 67 -55 98 -208 -56 -137 54 -33 -185 -169 -187 -8 -212 159 156 -40 -167 -21 14 -171 -105 -172 -11 224 -243 116 6 150 -224 68 -178 117 243 -175 -107 39 66 -49 167 174 -62 -186 -120 -80 -69 42 238 80 -7 148 195 101 173 23 223 160 188 -163 -76 133 -14 -51 -43 -112 126 -30 198 218 -67 233 -219 88 52 -189 -129 142 79 44 87 -104 -71 16 -150 227 84 122 30 217 111 -12 176 85 -3 183 -118 -47 -92 169 -200 -140 95 215 -9 64 -48 29 -173 105 -201 73 -117 -197 51 112 -132 28 -249 -213 -215 37 -25 -149 -26 24 190 -41 -246 -87 134 -159 -218 -63 -162 31 -191 71 93 168 -181 201 129 -82 -192 235 97 10 -73 209 197 115 147 171 153 170 -195 221 137 -100 -239 -168 185 123 154 34 -183 189 -216 -45 186 239 -134 -143 -108 -210 -154 108 110 63 -198 -31 -146 27 -38 -50 17 127 -103 -229 -91 118 -78 -184 229 -236 89 -157 81 -122 -86 -126 19 11 -110 -247 102 158 210 13 22 96 65 -52 -96 90 25 -4 136 -124 -17 191 12 -220 205 245 92 248 41 -138 -99 -147 -211 -141 -88 214 -98 226 144 -15 182 -207 -85 94 163 -156 206 36 -39 132 0 -46 194 -114 -205 -209 -13 149 240 177 48 -74 107 -227 155 -57 152 222 -109 -128 35 249 234 208 -23 -203 -245 -231 -250 69 75 -83 -64 172 -152 33 -226 242 -77 164 72 -93 -166 -161 -2 -34 131 -136 -60 -221 -148 -36 -10 184 106 
TEST 124 ARG:-62 197 0 -242 -214 217 73 100 -226 -232 -93 63 -148 164 -244 84 75 184 238 242 -5 198 234 133 -184 -80 -22 -60 -235 -222 -19 244 115 89 168 -90 -101 -110 105 -211 -164 210 -158 172 24 6 152 158 51 161 -89 204 -217 -98 207 -111 175 -176 -243 -166 225 108 92 -1 213 1 97 65 101 214 80 -58 86 -154 -161 -195 -54 -167 37 -136 -172 -24 -94 43 62 -170 -16 70 199 20 40 -7 -8 -149 -112 159 49 16 -73 -78 121 -37 -239 -36 -104 -85 81 -118 47 -130 74 219 -134 -46 14 18 -121 -153 -92 -206 -225 233 192 -246 113 -223 -113 34 39 104 178 90 125 191 78 -250 25 -48 46 -151 116 -139 -79 -2 110 -163 245 -204 249 54 107 -159 -144 52 196 -105 -17 -95 -138 -91 130 -103 -183 -76 -108 126 -20 -127 60 -202 118 -120 181 211 87 142 114 -117 187 77 19 119 -99 -249 -27 169 149 -77 -74 -219 148 155 223 64 239 79 134 38 -150 -165 -227 -224 -11 -247 -236 151 -220 -212 136 7 -81 195 -35 -173 -160 -203 61 163 13 -182 33 208 -141 -200 170 185 15 41 56 8 -218 -157 -241 -248 123 160 -178 193 53 -216 -3 -49 236 11 59 174 -187 -71 -233 -10 -45 -109 21 -175 112 147 -82 -84 -196 221 232 128 237 12 201 -210 -75 -96 231 228 -65 -185 -50 157 220 131 35 -234 -100 5 58 71 -23 96 140 167 -64 -97 -171 165 -213 66 -12 -177 248 200 82 132 -32 -72 -123 141 -26 -87 -215 -245 212 -67 98 72 137 -169 222 -129 -53 -51 31 -41 45 -145 -174 -198 -140 150 -44 139 206 88 135 95 203 -119 -55 -240 -102 2 -70 -68 -137 -47 -126 -221 182 44 -61 -201 -230 224 205 171 202 -135 216 153 166 99 -238 32 -86 93 -155 -21 124 162 -197 190 -43 -34 -14 138 3 146 186 -205 29 -194 111 179 -191 180 143 23 30 -30 103 -29 -63 -208 -228 -33 -188 -142 -143 -28 -180 -6 -115 9 -209 42 235 26 83 173 94 247 36 22 -131 -189 176 109 10 227 -128 -229 -42 177 226 -193 76 -179 -4 -114 -69 50 -162 17 -181 127 102 -57 -156 145 -31 -107 230 106 -106 183 67 -186 69 -56 -40 -15 229 117 215 -147 -9 -168 218 -59 -125 -116 194 243 28 -39 4 91 -132 120 -38 144 -237 -83 122 188 154 -124 129 55 -207 246 -231 241 -88 -133 156 -13 189 57 209 -66 27 48 -146 -199 -18 68 -122 85 -52 -152 -192 240 -25 -190 
TEST 125 ARG:208 -52 -1 -21 67 68 -56 -71 217 64 -80 -4 214 -23 -125 -209 -214 -172 -166 16 166 179 72 8 249 26 -147 -32 149 83 136 221 153 38 -40 -192 -129 218 -186 167 185 -17 232 -25 -203 -174 -68 -46 -121 245 99 146 -184 -224 145 -81 -7 -204 192 81 -61 183 131 197 -33 178 -171 106 28 -99 -197 -14 -138 -163 -168 -159 -236 20 -115 -67 -116 -149 186 -124 -239 159 43 -229 42 -217 -153 -231 -189 -243 -89 115 219 150 -16 -13 237 243 190 152 69 -101 1 -237 105 80 -211 -117 155 -11 19 -180 114 215 85 -150 148 98 56 46 -113 230 32 107 -84 44 96 -92 -249 198 -47 238 -137 111 84 -94 165 -160 -37 193 -139 -77 27 41 15 -91 122 228 -164 137 65 -145 -48 88 -70 -36 -8 -240 50 5 126 -193 -152 78 -86 -54 -179 175 -41 -175 205 18 33 87 -141 163 -90 171 143 216 -73 160 -24 135 222 -97 176 -195 40 -44 156 -2 187 -176 92 49 174 -96 24 -65 236 -114 180 7 -15 -18 -104 227 -45 225 -144 -34 -28 172 204 -57 231 -131 147 -27 162 25 -98 -233 202 79 -238 -146 -198 213 -30 -241 35 47 -38 169 22 3 -51 -136 -208 39 34 220 94 194 -182 200 144 -107 116 -250 -167 -218 -50 -76 212 142 139 -242 -100 119 184 113 -230 201 233 -225 -156 161 224 -88 -133 -213 -59 -199 -130 182 199 -112 128 209 -62 229 102 -221 -245 -102 -219 93 189 164 17 86 -220 242 117 30 -106 -63 -148 23 -244 71 -74 -87 -120 -78 244 246 -122 -5 -187 195 138 -49 74 -227 234 133 -53 -75 70 0 100 -201 -19 -95 -108 108 112 -128 -191 -170 -111 60 -85 -196 -143 -162 6 97 103 73 188 4 240 239 120 -200 168 -161 76 29 -83 91 118 151 -31 129 -22 211 -66 -42 77 66 37 -178 -126 123 12 -118 241 -165 -10 -69 -212 -205 101 -39 223 -207 226 -93 82 -222 -235 -109 173 -155 13 59 -206 -185 -35 10 104 -119 247 207 -6 2 140 53 248 57 48 -9 127 -228 -20 191 196 62 63 210 21 -132 -79 -234 -55 -181 157 90 -12 -246 -123 -247 -173 -194 -232 -135 134 181 -210 51 -216 -154 -248 158 -183 89 -140 -202 177 130 109 235 9 -190 206 -26 -188 154 132 52 -215 -142 -82 -64 -226 -134 -110 -60 -127 -169 31 95 -43 -223 125 141 54 203 -58 55 45 -177 121 75 61 -3 -158 110 170 -29 36 -103 124 11 -157 -72 -105 14 58 -151 
TEST 126 ARG:48 233 0 133 -199 -150 -155 -170 -192 7 -208 -173 -214 -9 -225 -213 159 -100 21 -158 -196 214 -231 168 -218 28 -43 -177 164 -50 161 83 -198 -19 -131 177 132 67 27 -151 198 -104 -211 -144 215 80 -38 -2 226 -77 71 -55 125 106 96 -240 43 154 105 127 -5 245 -115 237 -248 193 97 32 38 -136 142 122 149 187 -109 223 -128 212 -23 160 99 230 -138 128 25 -53 148 -22 135 94 205 -42 220 -181 -246 3 -7 241 89 123 208 -224 -92 244 -15 -197 -185 77 -66 248 -229 -140 40 52 -162 90 131 167 -69 -31 211 -118 -73 179 231 -215 -97 -86 -147 85 -80 -94 140 181 190 -4 57 -105 49 -124 -44 129 -17 -123 6 239 -186 -83 -209 -12 75 115 -235 126 4 203 79 -189 -203 162 -241 -142 249 -172 -46 163 78 -228 247 -85 165 -168 35 -227 -45 14 -89 -112 -121 -174 -129 -20 -111 -40 -84 147 5 -149 69 229 -79 153 -3 58 -87 -220 92 110 20 -135 26 -191 -76 91 175 56 50 -6 -58 -239 -202 -65 108 44 152 11 87 -175 120 -72 -141 143 -51 195 31 109 -117 70 -226 47 -16 16 93 224 176 -14 130 234 246 17 182 -13 30 243 -200 157 -64 -21 -250 -234 -49 -18 -178 -188 8 -8 192 23 37 -145 -25 -207 -204 -221 -152 113 72 -160 62 -217 -133 158 18 -62 141 -120 124 -119 119 -212 45 221 121 65 66 100 236 107 189 -37 68 9 -193 -232 -90 -36 -146 51 136 184 -125 -96 36 -132 -126 151 -32 -176 -26 33 13 200 -47 155 54 102 219 -102 -114 -48 194 -183 -56 -81 199 -93 -130 -238 -245 -153 -110 -223 22 202 -71 146 -159 -54 84 -35 -154 24 -164 145 172 29 180 -243 -91 95 -157 -60 -236 -137 60 -59 -242 -101 39 86 196 -216 -190 134 -169 144 -116 15 -30 -52 183 -184 -75 -74 118 -27 188 -33 186 213 -134 -34 103 -107 -39 -206 -24 156 -233 206 -113 -61 232 73 42 -247 209 64 -28 -222 -108 98 61 88 -165 116 222 150 -163 -210 -230 -106 235 -88 -78 138 171 -219 -187 204 217 -161 -122 -68 -11 82 -70 -166 -41 197 19 53 104 170 41 -179 -180 -95 -205 185 -156 137 -29 46 55 139 178 -143 -148 -127 218 201 63 -237 117 216 -201 81 210 -10 -99 166 34 -139 112 111 74 -244 -167 207 -195 240 238 -98 -194 228 174 -249 101 173 -67 242 225 -1 10 -182 -57 -82 191 -63 114 169 -171 2 1 76 227 12 -103 59 
TEST 127 ARG:-87 -161 -235 172 121 -5 -60 -137 -54 -211 158 230 -250 -128 79 147 -44 -53 -26 34 125 -64 -19 29 -193 16 189 -203 -122 236 237 -210 -117 181 72 179 -151 -73 52 -236 -94 157 42 -121 -80 -237 244 -3 -25 -224 -56 -164 -215 249 -140 36 -126 -170 15 182 168 137 63 73 48 -216 202 -47 -49 -225 80 58 98 -187 155 45 210 -244 -43 -119 -229 113 -166 228 10 75 -7 148 233 -198 -52 178 138 -239 22 0 -175 116 -245 -228 -214 -131 -138 67 59 -84 154 -77 -146 -212 104 31 -30 219 -136 30 69 -92 212 95 102 -83 153 220 -20 208 192 142 120 167 191 234 -155 37 -32 -149 214 57 -116 200 92 -197 170 12 -33 -141 122 -158 -99 -168 -160 -222 83 -9 -85 -39 128 207 195 -16 -1 119 238 82 77 197 194 -89 9 -118 231 -150 89 129 -38 176 44 193 -111 -202 -153 -191 -240 205 241 3 156 -249 203 -28 -88 40 132 66 -110 -22 213 -11 196 -63 11 112 245 -31 6 26 -127 54 180 -48 -154 -66 204 4 -40 -133 87 -72 71 93 123 107 186 -139 247 -189 201 -248 126 108 -65 68 115 -163 -132 164 173 86 166 -21 -217 118 -97 146 -69 -190 5 149 175 -207 -13 43 -220 -246 -10 -90 -135 -71 133 -113 53 183 -108 224 88 139 160 -70 7 -95 -142 111 -105 -12 56 -234 -176 -134 -51 -96 -143 -188 -186 -50 -238 -62 -103 169 -209 217 127 -221 64 35 -112 -218 -102 -67 130 106 -2 -120 99 -109 62 216 162 33 -35 47 -204 -78 -172 -194 85 242 185 -157 221 190 -167 239 20 206 240 -17 151 -14 222 60 -57 -29 218 136 78 -101 -129 -76 159 -231 13 135 -18 145 188 -8 74 -27 -181 174 25 -182 -82 -46 -171 -195 18 103 184 -74 65 110 -162 161 76 -230 227 2 248 171 28 46 51 -205 -124 152 -86 165 163 -34 27 -147 -125 -61 -159 140 24 198 84 -201 -178 -144 -58 39 94 -68 -152 -79 -196 -42 232 -243 -213 225 -123 215 -156 -241 143 -24 -93 114 61 -130 -185 -145 8 19 117 -200 -223 49 -180 -81 -232 96 124 -91 -15 -104 -199 -179 -184 23 -219 105 141 223 235 90 32 91 100 -169 38 211 -106 -174 101 81 -192 1 -173 -242 177 -148 134 246 209 -206 -115 97 -75 70 -59 -114 -98 -233 -227 -107 109 150 199 -6 14 243 17 229 -23 226 -177 -37 -55 50 -4 55 -208 -183 -45 -36 41 131 -226 144 -41 -247 21 -100 187 -165 
TEST 128 ARG:207 -109 -66 213 -15 188 -188 -199 181 -150 55 196 -55 -77 164 -169 -18 -39 51 -139 169 167 84 -214 235 -175 236 175 94 -71 -54 -94 -75 81 -182 98 -237 203 97 -59 4 -163 86 -247 154 -126 -30 234 224 202 238 208 93 -240 12 -83 64 102 162 -201 -246 16 133 -242 66 -147 -102 -87 20 0 229 -236 -222 57 127 215 -46 132 -149 178 -61 9 -198 25 -51 128 -127 121 140 69 67 22 137 -205 -106 166 -191 44 105 111 147 123 -44 -206 29 -239 -98 -145 68 -235 63 -120 209 163 191 -10 244 -1 15 -78 -185 -176 -167 -231 -208 212 82 48 -48 -186 75 28 -218 -50 -190 -238 -37 41 -113 76 -116 -187 187 -250 61 -232 -171 -135 70 18 148 248 104 139 -220 -134 197 228 77 89 241 -80 -74 -157 131 -181 -31 151 -101 -85 -32 194 -111 156 53 -73 141 124 114 210 -6 152 -129 56 -26 58 134 -159 -99 85 -216 -226 -22 17 -243 -90 -25 193 -91 -173 7 150 192 37 142 184 52 -36 177 119 40 8 -86 246 -56 -177 -140 219 -125 230 247 200 71 -19 -170 -58 206 240 173 118 -20 -21 -207 73 -92 185 96 -123 -166 -108 -118 -70 -154 -148 -168 5 79 -89 -112 -3 10 -228 24 180 -11 222 198 -38 -14 99 -9 179 -132 45 -156 101 -155 115 189 -161 245 65 23 122 -107 103 -65 -233 -151 153 113 183 -24 135 -124 172 33 100 -183 116 -224 -103 155 -79 -62 -143 62 -229 -152 -43 88 -7 -172 -200 -128 72 47 -197 -81 -96 83 43 -67 -97 -194 -114 59 -213 211 186 205 120 216 -244 -35 11 242 -221 239 -33 -88 143 -28 14 -64 -34 158 -8 -63 204 170 19 -40 231 221 -142 -12 243 80 108 125 -193 -138 -60 31 106 -41 -17 39 -121 -82 -104 -209 -158 110 -202 91 160 -195 38 -234 -189 -153 -225 30 -178 249 144 -27 -180 226 -192 168 112 -196 -137 190 149 -68 -179 -184 136 -219 117 34 6 129 165 27 -93 -76 -144 -141 -13 -84 -57 -164 50 -2 107 -160 -119 223 199 78 3 218 232 32 -23 60 92 87 46 176 145 233 -203 -95 130 225 -105 -227 -223 54 74 13 -165 126 182 -162 -42 90 -249 195 237 -72 157 -100 217 214 -174 -110 36 35 -133 174 -45 -245 -211 -248 -212 -130 95 -4 -115 -117 2 21 -5 -210 -16 49 -131 109 159 201 -122 -241 -217 -53 227 -47 1 -230 42 -69 26 -52 -136 -49 161 138 146 -204 -215 220 -29 -146 171 
TEST 129 ARG:-6 166 50 -63 17 -205 -234 202 65 -210 -241 217 142 112 -146 234 -239 -249 -243 138 -119 -132 85 47 -47 -229 37 209 237 -213 124 76 88 -170 145 -227 42 189 49 -53 41 -58 61 2 -191 169 -106 143 -10 117 -109 -120 87 -28 -151 23 84 153 158 52 172 -248 213 152 -246 -173 116 -167 -113 0 130 72 163 236 231 -244 -81 -223 -98 224 -180 -135 -122 -140 -165 -212 133 90 218 -199 -203 -247 -208 106 126 183 5 26 -42 66 -231 10 -186 -52 -152 -149 -207 195 1 113 -200 118 214 -102 197 58 248 233 238 -3 -104 -38 -127 123 175 229 60 -105 107 174 -51 -115 -90 -220 134 114 -176 220 -34 -138 43 13 -187 -116 -226 28 -233 119 -136 167 27 71 -237 155 32 -100 194 -20 215 -214 122 -218 -190 221 95 241 -56 -130 -16 -87 98 -196 150 144 -73 96 -128 -43 -230 -94 -182 -35 40 -75 55 -195 128 176 -172 -57 136 34 -85 -143 22 -197 -70 15 -211 -91 -139 -39 190 79 -217 -126 -141 -11 154 -168 77 160 56 179 109 -171 67 -50 -178 -224 -147 -194 -222 -159 -108 -157 -133 21 -29 -158 -17 -148 102 -64 86 -23 -83 -228 12 54 33 45 -79 -129 157 -44 -204 207 225 59 -185 -77 -86 147 -161 249 -240 203 -49 162 137 -216 78 -96 44 228 -7 180 -162 200 -8 -40 177 -219 -60 230 -189 -5 -142 -69 -18 -71 -179 -24 -95 146 20 -97 94 38 243 -175 -92 68 223 -184 -88 93 196 198 35 245 188 83 -2 -59 -238 29 80 132 -124 -155 -101 115 -145 -160 139 -68 135 211 -89 199 201 -48 -30 89 149 -15 -134 -111 235 24 -22 178 242 120 -250 -1 19 -156 -46 -242 -41 -14 64 16 97 36 8 -215 100 121 -67 99 101 48 -13 -169 25 -76 57 141 81 92 -144 -84 129 73 -66 18 -117 9 63 69 -209 -206 -93 -32 -112 193 -235 11 185 204 -4 161 91 -72 168 82 108 156 151 -36 -54 170 -74 104 53 226 247 -31 46 14 -164 -80 -174 131 -131 -198 -21 187 227 -27 219 186 165 6 -62 210 173 191 239 216 -26 -99 -225 -107 212 -163 -202 208 -103 -118 -236 70 110 -221 30 75 171 164 -232 222 -45 -181 -245 -19 -78 -65 -82 3 -137 -177 246 -55 125 -201 -9 -153 127 4 182 105 -150 62 -188 51 244 -166 -37 103 184 192 -61 -110 -12 -114 206 -192 -183 -25 205 31 159 -125 -121 -193 181 111 148 74 -154 -33 39 7 232 240 -123 140 
TEST 130 ARG:87 -237 -161 177 -153 73 126 -208 12 130 -81 -169 -189 -244 90 247 165 193 107 -43 -207 -235 183 -98 218 -198 -150 -231 -26 -228 37 -229 -196 -3 -176 -35 226 188 -23 231 -190 -126 190 85 21 -180 -216 -245 92 224 82 -151 47 23 28 137 225 120 -125 -242 -38 155 60 205 245 -199 186 213 -101 -232 -48 -92 182 -80 -18 -53 -9 153 48 -6 202 -57 -154 141 49 36 -143 -138 5 -193 144 100 -32 -182 -165 -94 -42 2 102 -203 -56 -102 -16 -147 -22 140 65 29 -177 221 217 178 -238 -188 98 53 31 -170 7 39 32 -69 192 -156 136 14 208 168 -159 17 -201 112 -8 -124 -209 -155 -226 -73 117 -77 -25 46 -97 -140 -15 -205 -113 212 172 -91 -106 -227 -34 99 -118 -167 -31 -60 -171 -152 62 -213 -172 -195 84 10 -19 206 101 41 -130 -215 38 -192 162 63 179 170 -59 71 222 109 174 216 160 -87 157 -104 -221 93 201 249 -239 42 237 234 -166 161 -39 -65 -95 94 145 30 -85 -7 243 -114 -178 -250 70 180 72 -66 204 -141 195 -2 194 88 80 129 -219 -158 -162 -29 35 207 146 -225 -37 55 -146 -243 0 -70 -164 -186 -5 110 -112 122 -63 240 66 -181 244 -50 -84 -4 75 3 26 15 -55 -136 -11 151 139 133 -13 150 89 6 -47 164 105 113 220 -67 -139 -79 -202 -14 -211 132 -249 -46 176 148 147 196 -49 -44 58 -148 -119 11 197 8 -96 -246 -108 238 -41 91 -122 123 175 131 -20 61 -86 -58 33 -74 1 108 152 56 -82 97 163 -212 81 64 -75 -133 -76 -248 -131 43 -200 -83 -135 -142 135 -127 233 19 45 203 -174 219 -240 -194 -117 -184 200 -134 181 -160 138 -107 83 57 -222 236 -105 -185 184 54 -30 -78 -10 -247 -223 171 25 209 69 -224 79 -115 -217 -51 -236 173 167 159 -175 18 -157 67 -149 -89 232 22 77 -123 156 246 -24 189 124 210 187 52 -110 229 -204 96 -168 -99 211 -88 27 -128 235 24 -71 -191 68 -28 44 242 51 86 -62 -129 34 -100 142 -109 -40 111 -145 118 125 -12 103 -72 199 169 -121 185 227 127 114 -54 40 239 13 -183 134 -45 149 -33 74 -218 215 -206 154 -103 116 -64 230 -132 228 59 -210 104 248 -21 16 106 4 20 -137 121 -52 115 143 -230 -234 -144 78 223 -90 -187 -68 -111 -163 -197 -93 50 -27 -116 241 -61 166 -241 198 -220 -120 -1 -173 -214 128 -17 -233 9 76 158 -179 191 119 -36 95 214 
TEST 131 ARG:197 -55 -205 -111 83 -250 85 -244 -13 -232 -208 -159 -168 207 -170 -200 171 249 206 214 -140 102 161 -17 92 -18 158 -169 72 -242 9 108 5 53 -197 52 236 -150 15 -122 231 -11 -135 -70 103 -196 -138 215 -44 -153 123 45 -202 186 147 -105 105 60 96 -215 -164 66 -184 -22 -77 -229 219 -237 -246 111 209 110 139 104 -239 247 -136 -106 -86 -155 -173 -154 12 89 -29 164 47 146 -114 -6 -182 -139 -163 144 233 -127 204 -45 33 165 192 -12 -226 -193 -171 -41 -189 -162 156 -240 -37 -23 -3 -149 202 241 173 -47 -160 75 55 81 -16 222 191 71 232 23 67 38 -107 -121 35 224 113 -54 138 163 129 221 64 93 -225 243 -210 -64 198 88 51 -145 50 -231 -238 -181 2 -118 169 43 -151 130 -97 226 13 -176 235 26 -148 152 -35 1 -126 -243 22 -124 -179 115 237 -24 -95 -249 153 -203 56 127 91 227 95 218 -133 -1 -98 140 -248 90 61 137 148 84 133 -53 -247 109 195 -84 240 145 210 112 -5 -8 17 86 162 216 -161 -172 -46 4 -241 -236 -87 11 199 -187 220 69 239 -80 -56 -63 167 -143 -175 -38 150 181 -102 -91 -59 -214 37 77 168 -209 54 246 -82 -76 189 -165 -219 -61 244 212 -67 -117 166 58 82 135 205 -167 -48 -49 98 -146 -201 121 -21 194 -134 211 48 154 -7 -93 -15 42 160 3 203 -137 -34 -62 -125 -245 -220 143 78 -158 -51 177 -217 0 79 229 -88 -85 -119 238 94 -228 -68 41 62 -96 -40 68 132 -33 228 -147 65 -211 -71 -216 136 128 -195 -9 106 -52 114 -25 8 116 10 74 32 -10 80 -199 16 57 20 190 -129 183 -32 124 174 134 175 -90 -79 -66 213 131 -120 -81 -83 49 -43 141 -188 -50 -30 21 -142 179 187 -166 -19 248 -113 14 125 -192 -144 19 196 -132 -60 200 25 180 -224 182 70 -31 -152 -57 -2 97 -108 -116 100 185 -212 -223 126 -198 73 -233 159 -190 -92 -206 -185 76 44 -123 -73 223 225 -26 -100 -178 -194 -94 122 245 107 170 -156 184 -191 -72 -234 63 99 87 -235 157 208 230 -104 -131 -157 172 -36 31 -20 24 -101 -99 -130 7 59 34 118 -69 -174 -75 101 188 -183 6 178 18 117 39 -110 -58 -128 28 242 -27 30 27 29 -221 149 -89 -230 151 -28 -207 -74 -218 -227 -78 -42 176 -177 -115 46 -109 -65 -141 -103 -213 40 193 -4 201 234 -14 -222 120 -180 36 -186 -112 155 -39 142 -204 217 119 
TEST 132 ARG:193 -111 200 56 57 -215 121 163 -68 148 -134 126 -20 -146 231 212 -26 -150 -184 -169 -249 35 -247 -73 174 177 -10 -14 179 -1 -87 -71 -224 -152 1 139 -104 -145 -101 -51 169 41 84 143 18 204 -64 -163 249 36 -116 -245 -125 199 -139 -148 208 234 -31 102 -207 -2 -40 -93 -59 162 103 243 145 -197 9 -248 210 -156 13 74 -79 191 -95 -209 -109 5 -128 53 150 -138 -189 214 109 7 -219 -159 112 -75 -44 244 -175 67 -6 64 -48 -62 -196 -135 105 -24 -179 48 110 75 116 232 27 98 -220 -32 -122 240 -76 -187 39 -4 115 182 -223 -205 -231 226 100 236 12 233 -11 -200 194 -165 91 72 -82 -43 192 49 -188 -238 71 21 -221 -30 201 -130 90 225 152 119 -34 166 -226 -210 140 31 -181 -185 202 -45 129 -86 -80 -70 241 -227 -206 -131 198 -142 -36 54 40 28 216 247 245 -216 -49 -21 95 -39 246 0 -137 138 147 122 219 209 -191 -28 -108 -239 -136 -177 238 -183 -170 222 -15 -17 55 46 -57 76 -178 89 -155 137 196 82 -126 50 170 -90 -250 11 228 -218 -123 135 106 155 -147 -162 -61 -41 4 -212 47 -9 -88 -201 -46 218 -107 -140 158 114 -225 -176 -60 -5 141 -172 -167 215 -8 -244 30 104 -158 239 -164 -77 120 -81 154 -99 -50 153 -166 -141 -85 -103 185 -234 237 156 83 -65 207 -113 131 -13 -124 125 -97 -213 -118 -66 25 -194 60 29 -92 211 -106 -27 87 69 190 63 184 10 227 180 19 61 -208 -55 157 178 -160 -168 -222 -18 107 159 -83 -149 -240 -22 51 -112 59 -173 -217 -192 -19 -237 88 -37 34 -161 189 79 167 220 101 186 -47 -211 -241 205 66 113 86 68 -143 -102 -242 73 -115 -84 70 171 77 161 188 -144 38 92 65 -63 -153 223 -98 124 130 -54 -56 206 23 221 -204 -110 3 -193 -105 37 134 -190 144 -214 -114 108 -100 132 -180 -186 -195 164 -127 -121 20 -202 14 173 117 78 197 -203 -58 -117 183 -7 -120 -69 229 -78 195 94 168 248 33 242 -94 96 -171 176 -229 -91 26 -236 -96 44 181 160 224 52 151 2 149 24 16 -16 -53 175 6 127 -133 -243 80 235 -228 -12 111 43 -3 -25 62 -157 -198 230 203 93 -72 45 42 -154 -119 -182 8 213 22 133 17 -199 -230 128 97 32 -38 136 -129 -132 -52 217 99 -174 -23 123 -42 -74 -233 142 -232 -89 81 -29 146 85 -151 118 -33 58 -246 -35 172 -67 187 -235 15 165 
TEST 133 ARG:-54 8 193 -208 -207 119 -171 214 -112 216 -97 103 -3 -231 141 191 194 30 -144 -146 245 40 -243 33 88 -113 221 -28 -16 -73 226 75 241 179 37 -48 -30 -111 109 -43 47 -47 0 -50 120 -67 -132 224 173 163 -51 -190 230 162 -139 -69 -62 -166 97 108 140 53 -154 170 1 107 184 102 67 198 100 84 -9 -209 121 46 204 113 186 -168 -215 -188 189 -95 105 -114 92 -74 -182 -107 227 3 220 147 -117 -174 229 51 50 85 -148 134 133 13 -156 48 19 -163 5 -79 -120 137 -206 99 -133 118 35 144 207 -25 -105 -194 208 -115 -85 -20 164 -246 -101 -250 172 -37 148 80 138 -151 12 42 10 83 -82 -41 123 177 -235 -119 -175 -232 41 -195 238 -21 211 167 190 -19 236 -142 -121 205 -11 169 -130 66 -125 185 232 62 -124 98 -157 -6 -172 -185 155 -110 -167 132 -17 20 129 -31 -222 -155 39 -211 -10 34 -247 -103 171 159 -8 29 -186 -59 81 6 -39 -238 27 -214 -80 -199 -63 -165 -201 -176 -152 151 101 -58 -72 237 -233 -106 160 219 28 143 56 -45 -225 -49 -93 149 -34 -226 156 174 -236 210 157 233 188 -161 -35 -32 -77 -218 -158 -12 -96 242 -131 139 -52 -179 201 -160 61 -189 -118 -64 86 -150 -249 -22 -60 -164 64 -126 152 125 -191 55 -61 -71 -84 93 228 -14 -88 -170 130 165 -173 7 115 -75 -40 -36 -57 -38 215 -46 -228 153 -229 18 44 106 -177 -183 -143 -213 57 -205 -1 -33 175 136 213 -140 -248 131 11 223 9 -137 43 -204 196 -187 -109 -244 -141 146 200 135 182 25 128 183 222 -65 21 -87 116 -153 181 235 82 122 -240 -200 -241 87 -149 -98 -127 -192 -70 154 -29 104 243 -239 -13 192 111 -147 168 -86 -198 -202 -197 94 24 16 161 248 -138 -234 59 217 38 36 14 32 126 -180 -24 -7 -68 15 -23 -212 -135 145 -100 49 -223 -81 91 209 -99 74 -230 70 71 -220 -196 -15 187 166 234 -221 112 31 76 202 -56 -242 110 -122 244 239 -219 -136 -181 -210 225 178 -102 65 180 -4 249 158 124 197 246 17 95 26 -44 -128 4 96 -217 -184 127 78 203 199 54 -216 22 -224 114 -169 -5 72 195 -134 -178 -89 -18 68 -91 -104 89 -27 -42 -76 -2 231 212 90 206 247 60 -90 79 69 142 -159 -92 176 -66 -83 -53 117 -94 -129 -237 150 63 23 -245 -55 52 -145 -203 58 240 -227 -123 -26 73 77 -108 45 -78 -162 -193 -116 218 2 
TEST 134 ARG:212 -219 -197 53 231 -138 -4 -115 22 186 91 39 79 94 158 -248 -212 27 33 209 -43 -46 154 177 -147 -157 -177 167 -153 -24 64 -70 -74 -228 -54 87 -182 -105 176 -122 2 183 -231 -195 145 26 -152 -184 43 -120 157 -111 -206 -160 211 -89 -121 98 232 -159 57 -49 -194 141 -217 -227 5 -191 115 238 58 216 -41 164 173 0 -155 162 130 240 184 4 181 -220 -80 -102 147 -56 -44 -223 99 -166 84 -208 114 32 68 242 -181 -107 -215 -73 47 92 -9 168 97 -150 106 74 -117 17 11 -14 -167 55 85 -59 -37 37 -40 -226 172 -53 44 -141 -130 -230 -144 222 -175 -245 -145 -125 -116 -246 -83 -137 151 129 -204 -244 -168 -174 28 -101 63 49 -55 1 -218 -238 -214 155 -118 41 230 -139 192 -78 -66 -30 -16 -171 -189 -199 -156 -210 46 -50 104 -203 142 -23 25 220 247 125 -62 208 -170 131 -131 116 -6 21 -149 -198 -98 -169 113 -81 -32 -64 159 169 -186 187 -233 -185 -135 73 30 -87 -86 -154 -213 -42 235 36 228 193 210 -33 -200 -106 -2 -22 42 140 -31 -187 -176 -148 66 107 -34 -124 -242 -60 112 -188 -128 241 -99 20 121 234 86 123 -48 -45 67 178 71 -232 120 148 -123 -173 153 196 93 -211 103 77 -93 -164 -85 156 -61 -21 -109 -221 138 -243 -58 -67 118 224 6 7 245 -95 199 198 -28 -209 -158 72 109 195 152 -114 -192 -202 160 40 143 161 31 -15 -250 124 -94 -63 134 -229 -29 -10 9 182 -103 -207 215 136 119 -18 -92 -68 227 197 -134 -180 -179 80 -19 110 132 243 -113 -190 -90 -127 101 -136 96 213 61 194 -39 -52 -235 62 8 -240 -79 248 171 29 -247 244 -72 223 105 111 -140 90 -75 -8 18 -162 102 -5 166 237 146 -193 -222 -20 -1 127 -97 16 -88 56 233 117 -82 65 45 10 89 185 204 217 174 13 -51 24 -27 122 88 -132 34 -237 207 78 -69 35 -47 100 95 -236 -172 -119 -161 -96 179 175 -234 -25 -126 -178 239 54 23 81 218 -71 82 75 -26 -196 -129 219 -77 137 236 201 52 249 -65 15 226 -216 -165 144 76 -17 -84 -3 -224 -151 -57 -108 -241 -91 38 60 133 59 229 -143 203 -104 190 108 191 189 -225 -11 -146 165 135 14 221 -36 -110 -13 50 246 206 170 200 69 -76 -7 -239 48 180 -112 83 70 139 163 19 12 202 -201 -133 149 -100 -35 51 -205 -183 128 -163 188 -249 150 225 3 -12 -142 126 214 -38 205 
TEST 135 ARG:232 100 85 82 22 68 -110 99 -105 12 -47 -235 -84 246 -26 87 -16 -1 -244 -210 -195 239 -73 33 -168 -138 -118 -55 60 -59 -94 78 155 89 15 -64 154 -232 137 -56 210 77 37 49 159 120 -104 -161 -213 -212 -34 240 53 116 -163 55 97 -22 -86 -196 243 140 79 -142 -222 185 8 165 248 -143 113 -234 -206 208 105 59 -175 -108 163 117 95 54 -133 211 52 181 -156 -147 -197 11 -144 -24 119 -246 61 -154 101 -150 92 -193 153 19 -159 171 145 94 -165 183 207 132 83 -178 204 -121 187 -134 -95 -17 -50 102 127 -219 -119 -198 141 136 25 -211 -231 73 -98 -102 150 -107 5 -237 -74 238 169 -162 234 69 214 241 -49 62 -44 175 -115 193 152 -243 47 31 -240 -182 -99 -96 114 180 -19 249 220 -32 200 178 -103 -42 30 -171 -87 106 -5 151 -236 -60 64 158 -126 -43 212 109 -11 -75 -200 -218 -38 122 35 -35 -78 131 -52 177 -10 90 196 149 -124 -140 121 233 -111 -69 -158 -127 -58 134 -205 63 -106 -18 23 -214 125 -220 86 -66 -170 65 112 124 4 51 -130 209 166 -30 50 -166 198 148 225 -215 -146 -139 -227 174 206 -91 -45 72 -148 34 -152 236 229 9 28 -223 -153 -183 -72 -180 186 -7 242 173 231 219 218 213 -6 227 -81 -61 14 161 197 230 144 195 -181 247 -155 164 -82 126 1 170 44 -77 -229 -247 -151 -14 -109 -28 147 162 -70 -4 216 107 111 -238 80 -8 108 -120 -216 -199 24 -137 -48 192 -21 -29 -46 43 184 -208 -249 -172 -167 39 10 -57 -71 -217 -136 222 -224 -207 -37 133 160 36 -100 -33 -79 191 -204 -93 -177 -187 -9 93 -15 110 -184 135 -233 -27 188 -125 228 157 -225 81 -157 172 176 182 2 -76 244 -129 48 -239 46 -85 -54 199 -226 40 -67 -173 -114 -80 -191 -53 115 -62 -179 -192 29 -41 -113 -250 3 205 -241 17 -36 142 41 138 32 -190 70 45 -131 96 84 245 71 217 190 -2 -12 -40 -68 26 -141 98 179 -164 -112 201 56 139 -242 -160 13 -186 -185 -90 189 -189 -176 -203 -122 146 7 20 0 -25 -31 -245 21 -97 -3 74 215 -101 -39 -128 -65 67 223 75 16 -117 57 221 123 -88 -23 91 6 128 -149 202 -63 118 -135 27 -169 -188 143 76 194 -132 -83 -123 103 235 -194 58 129 38 -92 -20 -230 -209 -51 -201 167 42 18 203 66 -116 156 104 -13 -221 -89 88 130 -248 -202 237 -174 224 226 168 -228 -145 
TEST 136 ARG:-1 -180 202 109 -82 72 -49 -181 198 -42 86 -103 -192 240 -132 232 -11 -237 -118 120 -10 -61 -226 239 -241 -22 82 38 -203 16 -220 127 228 -59 -190 20 83 -216 -90 -97 39 96 157 63 -147 23 77 -131 207 -176 113 -40 -244 67 -32 -87 140 -153 -140 -20 195 165 -47 -54 237 40 177 -163 1 -139 176 -109 243 -171 158 173 145 193 -235 53 231 69 178 10 94 -74 -133 65 -172 -183 -26 -29 -126 110 183 141 -243 -146 148 133 149 -227 -119 -99 194 45 -246 172 76 181 -225 -16 -108 -64 78 68 89 -221 -149 -208 164 136 -222 -80 179 131 -12 -205 111 -30 7 43 215 31 -247 227 211 -100 108 242 174 -73 182 -106 -150 222 -142 167 187 100 60 -46 -27 191 142 -157 -136 -189 -56 85 -135 -120 -77 -236 -6 126 -122 9 -7 52 42 -111 246 137 -204 200 -198 138 -3 115 248 247 -184 -102 103 27 175 -101 -162 130 122 73 -141 57 -70 98 -159 -144 117 12 -21 -72 102 -83 225 233 92 201 -121 -250 159 29 114 219 -152 -98 -138 -218 160 55 209 -170 -215 -75 30 156 -217 188 -129 -115 -4 224 -76 -63 -211 105 -84 -213 -13 124 116 -234 -209 25 -173 -224 -38 118 18 -112 -232 6 -89 153 -36 -48 -57 104 184 -28 -195 168 -160 170 -19 14 -117 197 -116 -33 -219 155 135 41 71 -242 171 139 74 -41 -128 238 -39 -143 -238 -52 -207 -71 -107 51 -24 -148 91 -167 -187 22 -94 -230 -178 8 56 226 -130 -17 -185 125 190 32 249 146 152 150 93 218 59 -214 50 -92 99 97 -175 169 196 -196 24 -113 -223 -88 -161 -169 -179 -23 88 -66 199 -166 -177 15 3 -79 -249 87 119 -158 143 -164 -197 -202 84 -8 223 48 216 144 5 -104 47 79 221 66 -86 -168 236 -134 205 210 -31 35 4 -53 26 -34 112 -182 -127 -239 28 -188 107 64 75 -154 -186 -206 132 -201 -124 17 123 185 21 217 -25 -51 166 229 2 -18 -62 208 -191 -43 -200 33 -55 -44 -9 186 -60 214 -45 95 -35 -194 49 -165 81 62 180 -58 -50 189 -105 128 244 -96 -67 58 234 61 203 -233 -5 -93 -68 -37 -228 121 192 -123 -114 -193 -95 0 -69 -137 80 -156 -85 161 213 54 13 -212 -110 129 90 -78 230 162 241 204 -248 36 -174 -231 -15 -210 220 101 11 37 134 -145 -240 -125 34 -245 106 -151 46 19 -14 163 -2 -229 154 44 147 -91 245 -199 235 -81 -155 151 70 212 -65 206 
TEST 137 ARG:8 -216 -107 125 77 -150 165 -115 -129 94 -134 -133 238 -52 -246 -99 -201 -113 -195 -190 144 134 -65 -142 106 -186 23 206 102 -171 126 136 -49 204 -29 -222 -176 -180 183 137 -237 -187 -156 73 52 -149 164 220 236 -34 -112 10 -182 101 -148 40 -84 -114 -220 -145 -22 -214 147 -91 -169 119 28 192 -181 221 63 -173 65 231 -104 -193 49 68 113 197 -33 163 55 -51 -105 -86 -184 -67 -158 -61 -76 104 -111 39 -231 -206 -227 -166 78 -178 -74 -218 -199 212 -58 -88 -244 -36 31 198 9 -85 -172 -238 142 -141 -223 -43 112 -9 -17 1 57 178 -170 -138 148 -93 -71 -140 -203 -122 213 -205 99 190 -179 -54 181 200 214 248 43 44 -97 -198 90 -189 36 -59 -197 -20 -242 -13 187 93 -154 169 -233 -213 233 -26 80 -8 89 85 -147 -196 -55 -155 16 210 37 -210 -21 -236 216 145 38 195 -165 -77 -19 -47 217 30 186 135 -143 127 188 83 97 27 140 -177 -117 -4 -228 -3 -72 130 64 -160 -157 -30 -48 -168 207 -161 124 -209 -42 153 29 22 139 -6 -137 227 199 -123 2 -127 59 146 -24 215 -131 150 70 19 -40 -35 208 50 76 -175 -50 -103 -81 46 91 -73 -96 -70 -78 174 -250 53 167 141 247 6 132 75 -125 224 -16 -183 71 222 96 161 -90 -68 4 -224 149 -18 -245 -153 -94 -31 157 -116 177 114 84 42 218 33 -101 -144 -83 143 176 179 173 -45 -27 -12 -37 -241 -204 162 -2 -38 45 51 17 223 -28 160 120 82 117 -185 -69 129 237 211 185 -23 -15 -135 -106 -230 -221 242 41 -57 205 228 -7 246 -202 81 111 -151 -162 -53 115 24 -64 245 184 194 5 58 159 -200 -249 123 87 61 175 98 72 244 152 0 -46 209 230 -126 -239 25 -247 7 -25 -118 54 -194 -102 -92 -75 -211 34 158 -109 -217 3 -87 168 -108 -229 -226 226 189 66 -119 12 172 -225 -121 219 20 229 -188 74 95 -164 105 203 -14 -82 109 156 -215 56 171 -98 26 13 62 11 193 110 -89 155 -174 -130 240 -212 60 -146 -1 18 182 -132 122 86 243 88 35 67 -192 -248 133 -95 196 -60 48 191 14 -235 128 -136 92 -44 -208 15 47 -163 225 -124 -32 21 170 -120 -240 -191 -159 -56 235 234 -11 -39 201 108 107 -5 239 154 -10 232 79 -139 -41 241 32 -100 166 121 -62 -232 202 118 -128 -243 -234 116 138 -167 151 69 -80 131 -79 180 103 -66 100 -207 -63 249 -110 -219 -152 
TEST 138 ARG:-25 148 13 -221 -2 -136 -37 34 -213 -165 -67 -17 -53 18 -198 173 91 114 42 100 40 135 4 -126 -192 -34 35 178 185 -18 183 -227 -236 -105 -231 -130 68 164 -214 214 -46 -119 -229 -94 -203 87 14 -163 -47 145 176 -79 119 112 -142 -239 -224 76 -11 3 -145 -186 217 -157 113 105 -202 211 56 41 203 184 93 -140 107 -52 -56 155 11 -106 19 -7 -70 233 102 222 -45 -10 179 -97 55 -146 216 -99 -183 208 -177 47 174 -83 186 150 -87 243 -28 8 -16 234 157 -235 229 242 80 82 138 140 9 162 210 -21 131 168 25 -178 104 -248 163 180 15 -185 -86 -228 -240 128 190 88 143 -160 -187 -170 235 240 -89 154 -218 182 -12 -91 -222 46 194 -33 50 136 200 -92 17 -169 149 -128 -123 238 75 -158 -211 195 122 -29 -20 33 -43 67 170 -49 220 -184 -42 -210 151 62 116 32 226 230 -58 137 1 -199 36 103 -1 -152 94 111 -131 -238 161 -209 -60 245 37 -133 -168 -61 187 44 -135 152 -27 -249 171 -14 -118 22 54 -181 -103 -232 213 53 58 246 -233 -161 -247 -175 156 -66 172 125 49 160 207 -215 -84 2 -206 -22 -219 -244 63 -173 45 27 24 -180 -40 84 -117 231 -120 10 117 -149 209 -194 181 -5 -104 -148 -179 92 -41 78 -143 -242 96 -241 39 64 -191 -51 69 81 206 228 -154 38 -95 -93 223 -24 -212 -63 -54 -176 -57 -77 -164 21 98 61 -225 -109 -73 0 83 132 51 -98 193 28 -8 101 -204 121 -205 -65 227 -193 175 -216 -124 -237 52 204 192 -64 133 7 -74 -230 244 202 59 12 6 236 237 -243 -82 134 -100 -115 -167 -250 -226 225 -201 99 189 -44 -112 -81 86 -23 65 -234 146 201 95 -132 -32 248 -35 232 -174 169 -72 77 -207 -116 177 -141 141 139 -19 108 -31 -190 60 -147 66 -150 110 -62 5 199 -125 241 -245 26 -39 249 188 -137 -75 57 31 167 -114 -162 -138 205 74 -151 -38 -144 89 147 120 196 -139 -111 48 -4 127 -156 -121 -208 16 79 -88 159 224 -69 215 -36 123 -172 -113 -195 -101 144 126 221 30 -122 109 -15 -108 118 124 130 -30 -9 20 -107 -153 153 -220 -189 129 71 218 -76 -85 -217 -127 -13 -96 -6 239 -197 70 73 29 219 -200 198 85 -196 -102 158 97 -80 -78 -182 -55 -90 212 -155 -68 43 115 -166 -26 -50 -71 23 -171 -246 191 -110 72 166 165 -159 -59 142 -3 90 -188 197 -48 247 -129 106 -134 -223 
TEST 139 ARG:78 188 140 -175 -205 -226 -163 7 -196 -92 -244 113 -182 123 -117 -109 -97 -120 48 95 -151 -90 67 -9 -245 -194 91 121 179 -96 -240 92 210 43 161 -153 11 37 -35 239 -195 -165 199 170 147 2 -213 20 36 -122 -166 -145 157 172 -186 100 231 -169 -144 75 23 -34 215 146 65 -212 180 160 181 134 117 -77 12 30 -232 230 109 -24 187 15 105 104 194 149 -167 229 234 236 -98 -69 -27 -111 74 -124 -52 -36 21 -81 -106 -25 -137 52 -51 221 28 248 -88 -68 -5 -203 195 178 -78 81 244 177 232 -210 -125 -140 -143 35 41 42 -202 -211 148 162 -64 156 -44 242 169 19 -246 223 -38 218 152 -65 211 144 -94 192 -14 3 -18 153 -127 -247 99 -83 -150 47 -215 94 -100 39 -171 193 126 -95 135 -104 4 124 73 -218 -179 165 -60 -164 -201 -187 -48 219 -40 33 -118 119 -62 -110 -135 -132 247 -217 -170 -114 -235 68 -142 -30 -241 -148 125 103 -131 -177 -105 96 -55 -230 145 53 133 -191 108 -199 -8 -141 139 -87 168 -80 -58 154 10 -29 246 205 51 -173 -228 0 208 -238 -56 -184 158 183 200 -59 -31 79 -180 106 176 93 38 -112 -22 -222 -67 55 77 222 44 -138 -45 -158 185 24 -181 -50 -89 58 112 -227 -188 -190 114 62 -116 -207 -10 80 56 71 -176 163 164 -66 225 32 -108 235 -12 82 -221 59 137 46 245 -61 -174 -198 -147 110 241 142 184 -208 -236 204 -2 -79 -57 -54 -231 141 159 -134 -183 216 -28 -47 122 233 88 -73 -136 8 -75 -178 97 238 151 86 -4 -107 -39 25 6 197 155 -155 -133 -86 -6 13 -162 174 26 -85 107 -204 189 64 -53 -250 49 120 61 -13 -113 -249 40 45 115 -15 -72 -200 130 -160 90 29 5 220 -41 -76 224 228 167 -157 -152 66 72 -20 101 83 196 31 -11 -239 1 -154 102 -74 76 -103 17 22 132 89 186 171 54 -216 -43 249 -193 -23 34 -129 -168 182 -192 -37 -63 237 -172 226 -156 -229 212 -99 85 50 136 -42 198 -185 -234 209 -248 98 -102 16 206 -233 129 -123 -71 207 63 -146 -21 -219 -209 201 175 9 27 118 14 -220 69 -130 128 -119 -128 227 -7 87 -237 -1 -19 70 131 111 166 -32 -93 -126 -91 -17 -84 190 -3 -115 150 60 173 -26 84 -223 -70 -82 -197 -243 191 138 243 -242 116 -189 -139 -33 214 240 -46 -224 203 -206 -225 -214 18 -49 202 -159 -149 143 -121 -101 217 -161 -16 127 213 57 
TEST 140 ARG:140 -118 65 131 61 122 -91 -204 215 -46 -196 240 -68 -208 10 -70 214 25 -136 -104 137 -156 -250 60 -159 151 64 220 72 -13 -217 242 176 111 -235 -139 -176 95 42 13 74 -116 43 172 -241 -211 -107 175 124 -205 -248 -19 177 -69 79 90 120 -99 -26 4 236 -11 -183 -4 -214 -210 -72 35 234 93 -131 -145 -79 -190 -218 -73 228 119 -81 136 -10 -160 -85 -228 -221 123 99 221 223 235 142 -1 63 33 78 -224 232 209 -58 216 92 121 -239 -20 -181 -229 -106 91 101 135 180 -89 181 45 148 149 205 -197 141 -157 76 -9 -191 -5 204 -152 186 -109 150 -124 115 -192 144 248 208 -201 44 87 -215 -115 -173 -142 -86 116 227 -110 -53 -66 -187 153 29 -207 82 -61 -149 171 -94 -177 -57 -52 -155 166 8 -148 -51 -129 247 158 196 -96 -48 11 -175 -180 46 -41 231 6 188 30 -137 -130 -98 197 -146 -2 194 -77 -113 133 -43 117 210 187 80 -42 -34 -62 -32 -103 -35 49 37 55 -30 -15 178 28 -158 -216 213 -222 68 58 189 -95 -76 -64 -161 62 66 -188 -144 39 5 -36 1 0 190 -233 129 -133 -238 -28 96 113 57 239 -154 138 -31 -121 225 -12 -65 201 -213 125 -232 198 -234 193 218 109 -236 -143 -87 -150 -22 -162 224 -75 -203 73 -102 183 161 127 21 202 212 67 97 244 -123 22 -237 -16 -141 84 -56 -174 179 -168 -14 -92 -21 -171 -127 -47 -125 168 192 206 -63 143 130 145 -39 -189 -126 -67 50 88 -23 -6 -112 -128 34 157 156 -111 -178 -24 20 15 54 -153 -244 173 207 70 184 159 100 -88 71 162 51 185 -206 38 -186 -119 -59 106 -38 147 165 -18 69 12 104 24 -243 52 128 -246 -45 229 -74 241 249 -27 -193 -90 199 81 -71 18 -132 219 -165 -83 155 -105 152 -219 237 77 47 27 -202 -245 246 -84 134 -240 -37 -97 167 238 -135 40 75 7 32 -78 -185 85 -80 -200 203 -227 -120 126 -134 114 16 169 -179 -226 -100 -49 -122 154 107 -172 41 -40 3 139 -138 83 -169 226 217 -223 -247 -3 191 163 -231 110 19 233 -25 59 17 -195 -17 -225 -60 -8 89 -108 26 222 -182 -114 -93 -55 98 -33 103 -50 174 -151 -242 -163 36 2 -44 -140 160 245 53 170 -147 -29 164 182 -7 108 230 31 -117 -170 -230 -54 -194 48 118 -166 211 243 132 -198 -101 102 23 94 -164 195 -82 -167 -184 9 200 -212 -209 86 56 146 -199 14 112 -249 -220 105 
TEST 141 ARG:223 51 221 72 -124 -91 -185 16 37 156 -20 209 197 133 110 211 -34 -234 69 -99 214 182 229 70 -105 31 -10 157 104 -216 77 10 -193 52 28 76 -53 176 60 -28 -247 113 -80 -15 -43 179 144 206 103 159 13 -175 122 -45 -179 -187 224 199 -189 -141 3 -85 -201 -17 160 -73 112 -167 -88 -212 132 236 55 191 -79 -68 -115 155 192 248 62 40 -36 149 68 -30 -90 -146 99 201 -72 -205 171 -186 222 -58 180 -145 127 230 186 -44 58 12 162 -95 198 73 -23 83 -16 75 -2 165 -223 53 -246 -149 36 210 -180 89 -197 -138 -239 181 -139 4 -27 -56 178 -98 111 195 114 1 -21 -203 -33 -8 -9 -120 -162 41 90 239 17 67 220 109 49 -226 -176 -12 -133 240 8 46 142 -25 193 -128 -204 -83 116 -170 0 18 20 249 106 -87 6 -178 -134 -202 -177 44 93 -151 241 161 -55 -154 80 -103 -59 -171 -75 -135 123 -181 -74 -13 -62 -233 -111 -127 -106 22 -209 -182 145 -100 -192 26 -249 -198 -76 137 91 -19 -196 23 235 153 -69 -131 -118 -96 184 -46 -147 177 207 141 174 -219 -230 -208 170 -237 227 172 88 30 228 56 -165 -213 -38 -148 125 212 21 71 -166 -40 50 -200 -242 -207 -37 -173 78 200 105 9 -29 225 -18 -172 -218 -47 -1 -41 35 101 85 66 -231 64 237 -164 -97 118 95 -54 -210 120 48 -217 169 135 -228 131 -24 -77 128 117 -94 86 151 -61 -155 119 219 -250 81 -243 -235 216 -6 108 -110 -227 -156 59 -232 143 -222 147 29 -240 94 168 139 -82 -109 231 -22 233 -5 107 -132 205 242 79 14 82 164 11 -7 -136 -163 -112 27 63 -35 -248 -195 130 167 -140 -104 42 -183 -114 -214 43 -14 134 246 47 187 -143 -150 -161 -152 115 -157 54 84 202 129 -86 189 232 98 146 243 -48 -188 204 -144 158 -50 -123 -117 -241 -64 -160 97 -84 150 -191 -3 -224 -190 92 15 -49 173 -11 -52 -215 -71 138 -108 -238 -51 -119 -244 -65 -236 -121 -125 -220 7 -211 -169 61 -101 175 218 -107 32 65 24 -130 194 102 -126 -221 57 163 215 -116 19 203 -92 213 39 -93 152 126 45 -102 -81 -63 217 -113 -42 166 148 -32 196 38 -70 -142 34 87 190 -39 183 -57 -122 136 5 234 185 -168 -184 154 -158 124 -78 96 -66 -229 -129 -137 -60 -174 2 247 -194 245 -153 -26 208 -225 244 -199 -31 -89 -4 121 -206 -159 -67 238 -245 25 33 226 188 100 74 140 
TEST 142 ARG:162 204 -120 -165 161 -112 -94 145 -18 -232 247 -42 -72 87 190 68 215 238 55 -66 -200 6 4 -108 97 -157 123 -159 179 189 227 -175 195 -247 7 -196 -60 -182 -168 160 48 -96 -172 241 -180 221 165 144 99 -249 100 70 20 -171 -246 114 146 -215 -16 -176 -13 46 47 -125 44 -87 86 -40 18 -138 -10 -147 -235 -58 239 246 11 111 117 -140 -209 -142 220 -220 -205 234 125 71 196 -225 -162 -250 -90 -190 127 -123 210 -59 -20 150 57 -107 38 -23 -193 209 -12 -186 232 -76 -233 128 90 -69 -74 -144 24 -33 35 -21 177 14 193 -194 -114 -34 188 78 -227 -102 75 -105 -224 -203 223 -177 -101 -30 176 191 158 -248 138 -35 237 -131 43 -5 -160 -85 169 -216 105 102 167 -39 163 121 148 -1 -229 -15 -65 96 -32 120 233 -103 -148 -243 29 72 133 -48 -195 -115 -149 243 -245 52 -212 -241 -179 151 -139 192 -38 152 181 -181 64 -136 -44 -202 -14 74 8 -56 -156 149 244 -82 40 -221 30 -3 -113 -11 187 -187 -116 230 -27 201 222 147 185 124 208 3 -236 -93 -238 113 -198 58 27 226 -25 -153 -132 37 -240 216 -185 67 -226 56 -137 54 -49 -127 77 182 31 10 49 -29 -2 -41 51 -110 -239 -79 -62 -130 116 -126 26 -119 -86 -17 166 -95 -184 184 -146 224 -166 173 231 217 130 -106 -4 132 -199 83 139 22 218 213 -84 -52 -46 50 -111 -9 -75 -173 -128 136 80 214 101 -211 -88 -170 -219 141 -152 143 79 -164 -45 -118 -143 5 -67 156 119 -174 198 -191 -64 -208 89 -201 180 28 -47 -19 -217 39 -124 62 -37 249 -71 13 -78 225 112 59 200 25 140 -50 -228 82 -163 115 0 33 -57 93 69 -141 108 142 -104 -24 -99 205 194 -197 94 -169 212 -70 168 -178 -80 -51 2 107 211 178 -83 240 -161 135 248 -223 131 -81 66 45 1 36 170 -54 -36 -244 -129 61 -26 -6 171 42 219 199 -31 -151 -154 155 186 159 -73 172 -109 137 34 -192 235 -68 106 95 -150 -206 88 154 -210 98 19 85 15 92 21 53 126 103 -231 -91 60 207 236 -8 -22 -28 -155 153 -204 -189 -117 32 16 -133 -92 129 -121 -214 91 -218 118 245 -63 157 -237 -213 -122 -89 63 206 23 -77 76 110 109 84 164 175 242 -167 174 -207 -97 -43 -98 -7 12 9 17 41 -145 228 -100 -61 -55 197 -135 122 -134 203 104 -222 -230 73 202 -242 229 183 81 134 -234 -158 -188 -53 65 -183 
TEST 143 ARG:226 201 143 -186 209 27 -65 244 89 -66 163 -222 -202 -110 239 121 167 233 -247 160 8 -77 -190 -240 -197 175 -185 123 -58 -237 -214 -102 -37 -137 -49 -160 204 153 -63 -17 149 -103 144 -150 -212 49 168 -184 -209 -145 -50 147 -26 158 -8 86 202 41 -213 6 -234 234 248 52 82 -176 -135 77 -198 -101 -205 -177 -154 -95 -126 180 155 11 206 54 -218 71 179 118 115 -228 -108 -224 -196 51 165 122 -52 -60 -80 189 148 -109 -226 134 161 -139 72 84 114 246 -248 -55 78 207 -200 44 1 66 -81 -96 -116 -148 172 97 205 -171 106 -92 -88 -182 -41 117 95 -245 -115 146 152 238 -54 23 182 -28 126 -84 -27 32 -153 242 -223 -217 224 10 -236 -94 80 61 -1 247 164 -238 31 36 20 211 -229 -179 159 197 40 7 222 4 102 59 -117 88 221 38 83 34 -121 -134 215 136 14 2 -127 -147 193 -233 -164 -180 -195 241 111 -216 -173 60 -91 183 -45 28 -152 212 -22 228 196 237 -158 -98 128 26 188 -157 -69 -90 184 174 -241 227 185 -31 -11 -113 -68 -227 -56 -163 208 214 43 -3 22 96 73 109 -130 -140 -6 225 220 0 139 12 142 -70 75 -29 3 63 -169 -206 -128 154 110 -20 -207 -73 235 116 223 178 156 186 -2 -167 5 129 -178 217 192 -43 19 13 -106 157 177 176 113 -85 -119 243 -133 64 93 -30 140 -142 245 -57 -40 15 79 -156 -125 198 -78 187 -250 50 -162 21 -124 9 -166 190 141 -64 56 131 98 -25 170 92 -168 -61 -188 37 236 85 -172 -86 203 -141 69 -15 105 -12 -7 29 -230 74 -35 249 53 -89 24 133 -189 216 -244 58 -155 -114 218 -243 35 -220 169 -99 -136 -118 -72 -181 70 -74 -138 229 91 -104 -79 -107 99 -111 107 -100 112 -165 150 -204 191 -151 -123 55 166 213 -159 -242 -215 232 90 39 171 -144 -161 -46 -24 -87 -44 138 181 219 -187 -199 -18 -16 30 -249 -131 47 -194 -170 -47 130 -231 137 108 -112 -193 -208 -67 199 -211 119 -36 -143 -225 -48 -183 -13 68 -19 -192 195 -122 162 -105 -14 76 -129 132 46 -219 230 -32 57 -83 -5 48 103 -42 127 194 -132 100 62 101 104 81 -10 -93 210 -221 18 -82 -39 173 -59 -23 120 -210 67 25 -75 -76 -149 -53 -51 -235 65 -33 -232 16 200 231 -239 87 -97 -191 135 -71 -34 124 -201 -174 -175 -21 -9 -146 -246 240 -203 45 -120 125 17 42 145 -62 151 -38 33 -4 94 
TEST 144 ARG:-202 -130 -106 10 49 138 130 224 97 46 -57 -239 -98 105 135 117 -157 47 -137 27 -115 -59 -125 -220 -113 -216 85 4 -179 -148 -227 126 -211 -181 -13 -26 -233 -79 241 146 132 32 -33 -205 -45 232 -24 145 73 207 -215 36 213 174 148 -75 50 28 235 110 95 -25 99 -123 33 189 -95 6 -151 -29 -56 -80 -19 155 74 78 193 -149 -9 -37 -208 -114 93 -121 41 94 -229 159 -128 -228 115 -183 125 -117 186 106 -186 221 -10 -237 151 -126 45 -90 -146 -71 -174 153 202 -111 84 -164 -154 220 -102 -3 -15 -213 -47 -155 -194 23 -34 -127 197 167 246 -232 86 -207 161 -129 -104 -70 222 -110 173 31 139 112 234 -44 3 -84 -242 -32 -66 -203 98 123 -159 225 -119 -150 -94 9 -172 249 168 -42 -219 182 13 81 -196 -78 -224 -198 133 -91 -250 37 -96 188 233 183 71 57 134 163 39 -105 228 176 19 204 157 -184 140 17 -31 59 -195 -145 191 101 114 -143 1 128 150 65 90 14 -166 162 72 109 7 -43 -234 215 124 38 -100 149 -46 108 -249 103 -99 -170 12 152 63 -190 -182 201 -20 -8 -167 194 104 -177 16 236 -176 80 92 -241 -144 -218 129 53 142 218 116 -62 200 -235 244 -161 -171 -141 64 118 55 -81 -112 -139 -92 144 -160 237 217 -48 -134 -192 230 179 -243 165 187 -247 -58 -21 208 -163 -162 -39 -72 -76 102 -168 -4 60 48 205 -217 42 -131 69 245 29 -61 89 171 -108 195 209 226 141 40 190 -212 120 -1 -240 177 68 113 18 198 91 -23 -158 -118 -7 -86 -55 -85 -199 -223 -6 58 210 216 -49 -153 -50 -142 -40 -201 156 -135 -230 229 -51 67 75 -74 131 -197 -156 82 240 -124 -17 -138 -140 -28 -244 11 127 -225 43 34 147 25 -188 26 -36 -83 136 247 137 -178 227 -221 -180 172 212 214 -11 -109 76 -185 54 122 83 -248 -103 62 223 15 -52 -193 243 166 -122 -53 238 -60 160 -210 -22 77 -54 -87 192 119 -200 20 199 -226 21 -222 8 0 164 -73 -89 61 -27 2 5 -16 169 -133 111 -120 -206 -214 88 -82 -189 -18 -116 185 51 239 -175 107 24 -245 -246 121 -209 242 -191 -165 -14 -38 -97 22 -2 44 -67 158 203 52 181 178 70 87 -5 -77 -132 180 206 211 56 -41 -236 175 170 79 -231 -238 -12 143 196 -107 -63 154 -187 -68 -204 -136 -147 231 -101 -65 -169 248 -30 66 -93 30 -88 -64 96 219 -173 -152 -35 184 100 -69 35 
TEST 145 ARG:55 104 -236 -129 176 -112 -9 16 178 130 67 166 -191 246 -206 99 38 52 -148 73 -70 -155 -8 95 136 181 119 199 133 -228 -165 -182 -65 -199 68 -117 -27 128 14 53 -184 -37 108 127 91 117 118 -105 243 80 -29 -113 -108 -140 -135 196 -120 50 94 -137 -221 -170 221 -68 -175 -14 -80 210 1 78 -46 206 138 -179 -118 -33 32 -114 -21 170 114 -150 212 22 -141 -146 182 49 -82 -20 -227 -48 -50 -15 3 -187 -219 8 -95 89 65 -57 -151 -147 -75 -49 122 -174 121 -193 -176 9 81 -73 184 -246 169 -28 -237 72 -142 34 56 156 79 -232 -196 146 101 41 129 45 -86 36 -64 191 -217 231 -163 -76 -126 -177 83 193 5 152 -12 -173 164 77 66 192 135 106 -7 -4 -11 27 -250 7 -157 13 -207 -214 -24 109 26 -224 2 140 -30 150 -32 -194 131 233 229 190 -25 -172 33 -102 112 31 -26 -45 -107 -185 -74 -63 -164 113 -167 -69 208 -124 224 42 69 54 214 200 -97 201 -2 -238 6 -115 -99 -61 213 -128 -85 88 37 -143 4 -34 179 -197 222 -178 134 207 -189 43 100 216 48 -1 167 -81 23 -121 -10 171 -242 -35 -40 110 160 -94 85 -22 -241 59 -31 168 20 24 177 -79 209 -149 12 -192 225 -55 57 98 -119 -103 142 163 25 -92 -91 -223 -6 -127 -183 -54 -152 84 115 -205 -245 -53 249 -233 -123 -109 60 -38 -72 -220 194 -132 -5 244 -145 64 -47 217 -156 111 195 148 -66 -154 97 -138 -198 211 -215 226 125 154 -222 -89 204 -18 -133 -229 -16 120 237 -43 202 -195 -169 21 241 -159 105 185 29 58 44 230 -122 -104 -161 46 -158 -44 236 -235 -110 165 155 96 75 -62 93 -83 132 -168 -247 -162 -153 70 -211 -243 103 175 -239 228 -180 63 -201 186 -225 -42 -213 188 -200 205 -226 238 -78 141 11 -234 218 145 151 -166 -248 -218 -209 -23 -39 124 -93 248 -208 240 -59 -106 -96 220 86 189 -188 -67 -3 153 173 198 -51 157 -186 -116 -190 159 -144 -88 -101 -87 71 -19 215 234 61 15 -136 247 87 161 18 51 -139 -216 223 -131 232 -181 62 174 -125 143 47 19 -130 0 10 137 116 242 227 239 123 90 -13 -71 -134 126 -77 74 197 28 -160 144 180 -41 219 -212 -203 139 -98 -244 -171 -100 -36 162 187 -210 245 158 -240 35 102 203 -56 107 -90 -202 76 -84 -249 -60 235 147 -52 17 39 -17 -231 40 -230 30 82 183 -58 172 -111 149 -204 92 
TEST 146 ARG:192 173 149 248 8 206 -153 42 163 14 -3 2 -103 63 119 104 -18 -121 238 -183 -181 98 -26 175 -17 54 15 -96 -249 -242 -122 -83 -123 -50 156 207 -37 144 -147 96 -52 176 -53 91 153 199 -9 215 12 -110 23 -113 202 0 -20 78 148 247 -116 -55 -211 -30 -62 -25 67 -210 -98 -206 11 125 -38 101 -214 -87 -136 -15 221 6 -146 -115 -90 -178 -225 -76 35 -150 145 169 -219 -59 243 -177 179 165 -233 -134 73 9 53 34 -88 -241 71 -196 129 -14 -149 231 56 -232 214 174 103 208 58 152 -108 27 116 43 209 81 -144 249 217 -244 89 79 69 88 -58 108 36 -71 -12 185 -174 142 -45 -5 105 61 -60 183 -129 -27 -4 205 -31 -224 166 -16 -13 -161 -192 -221 33 38 -217 133 -171 121 -148 229 128 -101 -111 -229 151 92 84 49 62 -79 40 -46 140 -135 30 158 -69 232 -139 68 -205 154 159 226 64 -163 -220 244 219 -247 -77 -102 114 -186 130 134 196 -234 60 135 -51 246 -158 -22 -145 194 -184 -91 -47 -201 218 -42 106 110 -199 -127 77 -35 170 227 -43 -218 113 172 -152 107 -190 164 -160 -143 112 -168 126 -24 -156 16 -194 213 127 197 -246 233 -28 211 -170 -237 76 -159 122 97 242 1 -179 -23 -11 -86 -243 55 -36 -176 -185 5 223 138 -117 -19 -215 161 74 -64 188 155 241 -44 -8 147 -68 -56 -32 -173 10 167 -223 -228 -104 99 32 -21 -39 -245 -78 47 -151 -250 -130 -188 186 -132 -126 240 117 132 -94 -187 -73 37 66 -166 -191 -109 137 -6 235 245 -226 -142 59 177 -197 -175 -29 -33 157 -63 239 -238 70 39 25 -164 236 -81 -239 139 102 -169 52 162 -133 -235 -99 189 136 -85 -138 72 -1 -66 -195 -230 94 -105 -118 120 -198 -114 -72 82 201 93 -212 -97 -172 87 -92 184 -67 -7 -82 48 29 -193 -49 -227 216 -54 -70 224 41 143 -236 -93 100 222 -106 4 191 -155 212 57 -128 187 -89 220 181 -222 -157 -10 123 193 204 -165 -57 -189 -40 -140 195 85 19 -216 -65 -209 -75 -203 65 46 -125 146 -107 44 234 -208 -131 31 90 171 178 109 18 26 -213 -137 -119 124 -112 -141 180 -120 141 3 24 13 -180 -80 131 182 -204 -74 22 150 95 -84 -124 210 225 -100 -95 -48 115 17 50 203 -41 -167 -34 230 45 86 -2 237 111 -200 28 80 -240 51 168 -202 160 228 -61 -154 -162 190 200 21 -248 75 198 83 7 -231 118 -182 -207 20 
TEST 147 ARG:-207 -72 -70 -210 -31 -87 158 137 139 -178 -35 -188 94 223 56 -81 186 -226 -208 207 -203 -58 -45 -54 146 163 128 -213 68 -165 -163 -179 -97 -53 67 45 203 227 -33 -6 83 15 -198 -184 -233 12 -18 -195 -205 236 24 89 87 232 -237 64 187 -40 13 -230 197 -19 192 247 -215 -25 -239 -206 -57 209 -116 -209 101 -62 31 21 -156 235 234 3 71 -154 -219 -23 -47 118 -67 -148 -93 43 135 206 -180 39 -125 -24 35 25 -214 -146 144 249 -10 147 123 -111 213 -153 -200 115 -132 195 -225 173 -224 -236 -115 75 -229 -75 84 149 110 -68 82 -113 -147 -191 22 -14 -26 -12 -99 76 99 202 -166 51 18 141 -246 150 -171 -176 142 230 133 5 164 117 200 -228 121 107 -199 214 205 -187 132 -100 -193 -242 28 217 246 -138 170 196 -85 -235 -121 111 156 183 -95 162 -201 6 190 237 126 -86 243 112 109 174 -108 -9 175 -244 -144 -13 66 -69 52 176 -39 228 148 -217 1 -186 219 -80 8 199 218 -46 -133 -103 -91 116 -1 -16 79 4 -168 153 -44 131 -107 -238 -137 100 0 -247 -20 65 9 204 -71 -43 -98 -221 60 238 160 -42 42 -64 -231 -59 -155 -175 93 98 -152 233 -32 -145 -124 177 -48 122 182 -105 -131 20 55 69 161 81 -15 -150 -139 -74 240 -241 -82 -73 -55 33 -161 211 154 -60 210 -65 159 -141 57 -84 -245 -37 -192 198 120 224 106 152 229 63 -194 -5 225 -94 193 -27 -250 -110 201 -234 167 14 -2 127 -162 47 -211 178 102 29 -4 -169 -79 -104 61 -190 -50 226 -189 91 -216 180 231 49 7 -66 134 208 -127 2 -128 -185 -182 -83 -11 119 169 41 -34 145 191 245 221 216 78 23 125 189 185 -227 184 -88 103 -202 -51 -7 104 -204 140 -120 -52 -149 -109 32 10 46 86 -101 -77 88 136 -164 244 90 -160 17 53 37 62 -89 171 -36 -56 108 179 74 151 130 -157 -63 -222 -41 36 -223 -96 124 72 -174 -159 129 -170 54 114 59 38 27 96 95 -112 50 -167 73 -30 58 -183 70 -181 19 -22 157 -129 -123 48 -61 -49 -8 155 -17 -118 248 -119 -212 -196 -173 222 30 40 -92 44 -143 -135 138 242 -249 220 239 212 -102 34 26 97 16 241 11 -21 -177 -218 -78 85 -136 -151 -130 -126 77 166 -240 -248 113 -90 -243 215 80 -232 -114 -134 -142 -76 -28 188 -117 -106 -3 -172 165 -140 168 92 172 143 105 -220 -158 -122 -29 -38 194 181 -197 
TEST 148 ARG:-141 -73 -30 193 -179 -43 -142 129 121 103 -229 236 112 -170 -117 -225 201 203 227 -54 47 -241 -32 -37 102 -249 -209 18 14 -13 161 151 -116 -42 -163 68 -49 -122 -147 -199 -195 -157 -224 -133 -146 -245 -23 -139 -2 242 62 172 84 212 -99 -34 -236 165 -218 162 -165 -149 85 21 232 -106 82 -16 1 -169 41 -40 -227 -88 90 -187 194 2 202 -215 51 -77 0 -44 -143 -11 -150 -91 -144 188 -9 123 -193 -162 149 205 89 95 98 -58 -46 117 210 -134 -25 -220 -173 -191 88 86 -104 -101 -226 -237 66 111 113 245 -107 -59 -235 28 138 -24 -26 -174 -27 -127 -238 -14 -82 -112 204 -63 -201 231 157 -29 -123 -228 -83 -219 -78 33 -33 158 -103 247 8 -38 -145 72 -217 -121 -3 -1 -152 65 -204 83 139 32 230 -190 35 -242 216 29 -243 108 -221 -98 115 105 -12 -74 -160 -120 -102 144 77 5 58 -132 -138 -212 39 48 27 224 67 120 61 148 -168 134 -92 -182 -57 226 219 -231 -156 74 246 -203 -76 -247 119 156 -214 207 -207 -250 -158 175 -87 -69 43 159 -188 229 54 -4 130 -90 87 13 154 -197 147 -8 -36 -56 11 -39 10 181 -198 -210 -110 249 81 183 -200 132 -211 -119 63 73 116 135 17 222 213 -240 -213 -164 -205 -96 190 -244 -66 -181 -125 -53 -65 -62 -118 -60 -194 177 -5 -192 -161 -94 180 71 44 221 -230 -89 -239 34 195 -48 -233 100 239 93 -208 -7 240 22 -202 215 173 -183 42 12 176 209 189 -50 125 238 141 -136 69 185 -86 191 143 38 -151 -6 -97 -140 131 163 160 30 15 233 -80 -35 -171 142 -172 -31 -178 -75 25 220 24 45 -124 196 -52 -222 124 166 -128 -10 -216 146 7 169 -180 234 174 -131 -159 78 40 178 -246 52 -28 6 -232 94 -55 9 97 49 208 -196 23 -186 136 118 -111 -20 19 -234 -248 228 -41 184 79 244 -72 155 -223 114 -45 -17 241 53 -126 198 -18 26 -129 -85 -177 80 92 60 91 218 187 -95 -155 -105 128 46 -113 -61 -135 96 -22 -184 -67 -51 -130 153 -206 70 164 -108 -93 199 237 64 217 4 243 171 223 211 99 31 168 -114 16 3 75 -19 -70 -64 -84 59 127 -68 186 -154 248 50 122 -81 -137 150 140 107 167 56 206 110 -176 235 20 225 109 36 106 -175 37 -166 197 76 -167 -153 133 -185 192 -100 -109 55 -15 137 -47 179 214 126 -71 182 -79 57 -21 104 -189 -115 152 145 170 -148 200 101 
TEST 149 ARG:-57 114 37 210 95 135 236 128 181 -113 230 35 113 -111 -211 -30 164 -198 111 132 150 -147 -5 102 244 -116 70 -12 -97 -199 137 83 240 200 -161 -21 -142 -187 -165 30 61 74 26 -224 178 -175 93 -160 99 -220 -210 -16 -42 86 -51 -65 149 -106 11 -8 -193 121 136 -235 189 161 -96 -206 167 -4 -99 202 177 138 179 -134 -92 133 118 -95 81 -168 -138 -248 -156 194 -195 -207 45 -131 -158 0 63 238 -112 207 -27 -26 -200 -69 222 9 245 155 -64 -126 1 36 159 168 119 104 187 -225 79 -230 -101 160 -73 22 -128 -236 -60 229 185 123 195 192 131 10 -215 -120 -17 134 -179 146 -105 32 -201 60 28 -192 -242 -208 -228 -36 -44 -88 -63 -171 197 234 16 116 -121 29 48 97 -72 151 -6 -109 -94 -89 -155 -38 140 78 -150 219 -221 215 -25 101 21 -157 -244 13 -182 218 130 -163 211 217 -191 124 -107 216 -204 -54 -1 -37 15 -233 76 -84 66 -49 203 -203 184 -216 143 44 -164 107 -22 2 -229 108 -143 -214 14 226 90 -13 -243 -197 58 206 -184 84 -232 148 -223 -87 55 -234 -28 158 122 33 106 -90 -186 65 249 162 -46 247 191 -149 -71 77 -59 -148 -212 -77 233 -213 -7 23 -15 -62 72 -118 -43 -3 -41 112 -29 -136 91 3 -250 75 51 -178 237 -127 103 117 188 169 71 115 -10 73 -123 -117 -245 -103 -133 19 163 -75 243 235 -100 242 224 -32 -40 43 228 80 232 -231 67 -110 -226 -115 -177 -129 -172 120 -31 49 -122 6 165 -183 -209 -34 87 -67 -141 57 -202 39 82 -227 201 -48 -33 -222 68 174 -74 204 92 208 199 94 50 190 -173 198 52 -218 -153 -166 -125 -79 -137 212 -52 -102 54 56 -185 96 172 -58 231 -81 -135 -140 220 -93 89 59 196 69 -23 -247 241 -11 -174 152 31 -20 147 7 154 -82 248 25 -114 -205 -154 -2 -80 -108 -246 -85 -91 -239 246 -139 110 64 156 -61 170 -47 141 18 -219 193 109 157 -53 -241 40 139 142 -55 8 88 209 -78 223 -188 175 -151 -194 -70 -35 105 153 -66 -176 -9 173 24 -249 -159 38 85 -24 -169 -144 -45 -119 -19 144 129 34 225 -238 166 -86 5 126 -240 -181 -170 -83 145 186 -50 -39 100 53 46 182 -196 221 205 125 -190 -237 47 -76 12 -217 -18 -162 -145 -98 17 227 -68 213 98 183 -104 62 20 41 214 -132 -130 27 -180 4 239 -14 -189 127 171 -152 -167 -146 -124 180 42 -56 176 
TEST 150 ARG:-136 -147 100 114 -81 59 6 166 -202 146 -180 30 -78 128 -2 77 213 -143 -88 118 116 21 -108 -34 172 -19 -26 -66 205 63 -184 -41 -189 -99 -160 -138 48 -191 126 46 -73 -232 -15 -187 -239 70 237 -148 -172 154 -37 218 44 19 -100 -39 71 86 -211 247 -194 -4 -125 234 -115 -244 -80 -150 176 -16 99 -126 72 -250 -105 202 174 82 -76 229 13 76 -132 -43 -89 107 200 12 -226 -106 -235 -93 -65 246 -238 -84 -179 187 74 -12 -135 125 -228 85 210 88 -13 -236 226 230 -205 236 -208 54 185 132 -5 145 110 10 138 141 -124 -31 94 -156 -204 -14 81 79 195 32 -173 -50 220 120 196 -44 5 -130 223 8 -68 62 181 -98 25 0 -113 214 4 239 241 248 211 26 212 -104 38 -72 -225 23 37 122 -70 157 -111 -28 -214 232 -209 209 -163 -207 35 -1 -127 -221 -6 -193 -203 20 -38 14 -7 -91 208 -188 233 -154 -171 -17 -103 -155 52 216 83 152 161 217 170 165 -61 -183 -122 173 139 -79 -165 158 -212 67 240 58 24 204 3 53 -196 95 191 -167 -218 -67 -20 167 -186 180 192 56 235 -169 64 27 -36 -102 -217 -24 -64 -231 40 -110 -118 164 -109 151 219 -45 -3 -141 28 111 -223 -53 -182 183 175 103 129 -241 60 -8 -142 -157 -133 -151 156 242 177 -92 149 -123 199 -243 105 17 -74 -200 -85 7 168 -107 -134 -137 225 73 221 -197 22 51 188 -164 -60 104 -192 -215 197 87 106 121 68 189 -21 -48 -240 -161 228 18 -166 55 -90 -152 -177 -145 198 -198 -46 -146 206 91 -224 190 -176 -213 -246 -129 169 224 -62 -40 -49 -22 155 -58 127 113 31 -206 47 143 160 -101 -249 -121 92 80 15 69 231 117 -153 -245 163 -233 179 -114 -174 178 222 97 215 -82 171 90 -162 -63 -120 -159 123 41 109 -210 193 137 -190 -199 144 115 -170 -248 -9 244 -128 249 -201 135 -175 119 -112 49 -59 131 130 -234 16 -195 -131 238 -86 -33 84 136 -227 -47 11 1 182 -117 42 9 112 93 207 -168 -219 -229 89 150 -158 39 -95 -55 -32 -181 153 96 -178 -96 -97 -11 148 -119 124 65 142 101 162 98 -30 108 147 227 245 -116 -185 -230 -54 -247 184 66 134 29 -75 -216 2 78 140 -237 -87 -83 243 43 34 -94 -56 57 -220 36 102 33 159 194 -23 133 -57 -69 -77 -140 -139 -71 -222 -10 -25 -18 186 61 75 45 -27 -35 -29 -144 -52 -51 50 -42 201 -149 -242 203 
TEST 151 ARG:-171 -219 -223 134 80 -231 151 -128 76 28 -204 39 -151 -10 -250 -242 14 -19 -105 -111 207 -6 -153 26 229 144 -212 159 -173 41 -32 65 -152 175 205 34 238 -47 63 59 98 110 -1 -195 128 -177 -104 -224 -123 90 18 -136 -88 -55 198 -140 -201 -53 -130 -215 0 -221 -17 -20 -167 163 109 190 217 -184 206 -116 -5 216 -91 83 105 -232 53 -108 156 27 -60 -208 -176 -38 121 113 139 79 -48 -106 213 -248 71 -200 96 -244 245 202 -178 -8 -164 40 -196 145 154 15 52 7 67 141 -73 -51 179 204 -193 -180 10 225 234 -56 165 166 -42 -99 -126 -92 223 -211 86 -119 162 8 -206 -100 -194 -65 12 241 -142 -125 -247 161 -77 -141 -121 2 -46 1 -228 -29 -161 -78 64 -183 201 -187 -85 57 -102 149 157 137 126 -101 -50 -137 130 99 -146 -3 -21 183 -124 246 -68 -163 19 -182 -188 54 178 226 -197 112 -246 116 43 61 89 200 -226 -157 -93 103 227 -135 -170 -145 -31 195 -15 155 -158 -131 167 188 -16 -90 -120 31 -59 -61 -175 -154 107 221 -87 -234 -18 -79 47 -72 6 -133 17 68 148 -239 -236 -54 9 56 -233 208 -113 193 -216 -225 180 -156 108 111 237 94 -159 131 158 222 169 210 -207 243 93 49 -214 -34 50 -35 -185 -112 -122 -70 70 -191 220 106 75 172 -58 33 -149 -138 77 -199 -103 -89 -190 -63 58 153 -69 -13 -40 -217 -74 -41 -57 55 -203 -37 -143 224 -22 -52 146 36 -229 -118 -11 81 115 135 -23 -67 122 138 129 247 181 37 102 -81 184 -86 176 -36 114 236 170 203 20 147 38 248 84 -117 173 191 164 45 -249 -44 72 -109 -80 -166 -2 160 -82 -243 69 -12 -43 171 -230 62 -39 -210 30 -96 -129 -75 60 -218 46 -198 42 -237 -227 -4 35 -189 -7 29 13 -222 -139 -179 -76 -84 -28 136 21 242 230 87 215 92 -168 -144 124 240 -33 123 -186 5 125 -245 182 -27 101 -241 194 143 -192 -98 -213 -148 -132 -14 -94 -9 78 -110 -220 232 66 -115 -26 197 218 219 209 4 233 -107 16 119 85 -172 -181 -162 -62 104 -71 -155 74 -165 189 88 11 117 142 -24 -64 -134 249 -127 244 82 118 100 120 -95 -169 -66 152 -83 -30 211 239 133 73 24 44 140 228 -160 186 -25 -202 168 235 91 150 -97 25 192 3 127 212 132 231 -238 187 32 95 97 22 -114 214 48 -150 -240 -49 51 23 196 174 -235 199 -174 -209 -45 -205 185 -147 177 
TEST 152 ARG:-5 -49 142 137 179 89 172 -42 202 70 -35 -125 167 29 -63 48 57 130 120 -171 -194 -187 -90 -164 -102 114 165 39 -24 -61 107 209 38 -133 -185 -217 45 -146 117 245 149 -190 232 77 -99 -112 220 -68 -206 -26 160 27 -152 21 -229 79 59 -178 -10 -14 -101 86 -249 158 5 -85 -248 189 69 -188 132 -148 238 -23 -239 -34 82 -78 18 13 -105 -43 204 -21 -197 28 197 -241 -236 -242 -199 -69 136 -226 139 -65 -111 49 -62 222 -142 153 94 229 -235 -117 213 133 80 20 -210 -212 -9 -196 -110 -11 135 216 -126 -98 -29 141 138 2 -57 -6 -166 -48 191 218 96 9 196 187 58 -163 -151 108 46 78 174 -27 -155 74 -4 -13 -162 10 210 -81 -92 230 212 194 -16 -159 -30 151 184 102 -234 19 -72 -153 152 101 31 -39 156 164 -12 93 -144 -225 181 -208 -135 -114 47 -50 -119 -169 -131 26 200 154 170 -167 -103 177 -230 183 15 64 4 205 -227 -19 155 42 -205 -182 -145 -216 214 127 -245 201 148 -76 178 140 173 129 219 -232 211 88 180 53 43 -128 -137 -156 -150 -67 -46 8 116 -96 99 195 -109 -89 124 244 161 -127 -221 1 -143 185 -228 98 68 97 242 -20 -184 81 -224 239 221 -107 243 236 248 208 126 -2 -113 7 -173 -129 -86 -97 -168 -31 -193 150 118 -75 -247 -28 -134 -121 -56 106 223 -108 51 -38 217 -88 109 75 76 225 -118 -214 -115 207 144 33 233 193 62 226 -87 231 -138 -157 -45 -158 235 -223 55 199 -180 -15 -93 40 -195 0 66 12 237 -186 -209 143 -83 -246 95 25 -60 -201 -192 -149 113 -181 61 54 63 34 162 -170 -161 52 100 -139 159 90 -183 -237 35 -165 91 -104 -136 -160 119 -130 -122 110 60 -238 -202 -22 -179 128 111 168 105 -154 131 -218 240 145 -94 -54 -58 56 3 249 125 37 192 -147 123 85 84 73 234 203 -52 -106 71 36 206 176 30 72 16 41 -80 104 190 186 -132 -213 -243 169 -141 -41 -177 23 121 14 227 -66 44 -189 -140 -70 -175 65 -215 -231 -203 103 163 -36 -250 32 -123 17 -17 188 -40 -95 -79 146 -47 -55 -74 92 -200 247 -7 115 11 147 -71 -82 -116 -53 -176 67 241 -211 175 122 -191 6 -198 228 157 -59 -233 166 171 -1 -207 -124 83 -222 -73 -18 24 -204 -174 -91 -84 215 -219 -220 -44 112 -240 198 246 224 50 182 22 -77 -25 -64 134 -172 -8 -120 -37 -3 -100 -33 -32 87 -51 -244 
TEST 153 ARG:-212 -100 -163 84 201 -30 -119 -83 -158 217 171 236 228 139 247 -86 -199 168 -54 -181 6 -80 -8 64 97 -249 -38 -208 -94 147 -127 180 83 -215 -203 115 71 80 246 -117 -196 -205 -189 -195 61 -135 -65 -64 207 -201 148 -78 -193 -150 -84 18 146 -1 133 37 99 -59 -170 149 -44 -87 67 172 -104 -13 -22 -62 -85 -63 124 175 -159 219 -81 66 69 215 108 225 -238 -28 -231 -229 25 -246 90 -101 88 195 5 78 229 -147 39 206 142 -47 12 -118 -235 223 17 26 181 -227 111 -93 -33 56 214 -112 103 -41 -130 8 -184 -114 -139 86 -207 -226 140 -245 -110 -219 -24 192 190 200 28 -250 170 63 -106 231 45 42 -9 160 -162 102 4 -96 -178 -241 -73 -217 -198 -71 -51 -48 -91 191 -187 -167 132 -105 179 226 41 -108 -49 -183 -97 121 -113 -67 -66 193 176 -177 35 157 -209 -206 -82 -50 20 -31 174 204 -171 96 -136 29 -32 186 105 -3 -57 -142 -160 212 2 -140 34 -109 104 -221 -11 188 49 -36 -232 13 -95 -236 54 -186 43 151 -72 21 -173 -131 107 -240 244 -121 220 -99 -123 -234 -115 -143 -68 -89 -155 -111 114 31 249 242 187 -124 -248 -211 120 213 106 -122 89 47 -137 68 -98 238 22 141 155 248 -23 15 -174 -70 -202 59 -126 82 -107 -213 -26 -88 7 -125 -60 -34 -12 112 -216 -120 137 -182 241 122 -157 -76 127 -225 -228 -214 -7 230 92 -14 130 -154 -128 -116 -18 -237 -176 -146 -175 153 46 -218 -188 -230 -244 -222 -103 51 163 129 -152 145 -15 -156 185 -25 72 202 60 81 -102 239 10 -190 -200 164 -144 159 110 -134 9 -224 243 27 57 125 189 -37 117 85 245 -169 75 23 -42 -197 150 -46 196 62 93 -164 154 -233 16 205 177 167 48 144 -242 0 65 -2 -77 14 -239 -45 -148 197 -132 -185 -4 -194 36 109 79 222 -27 91 44 74 1 116 11 -151 -20 -74 -223 221 183 -153 232 52 76 198 3 113 -210 -16 -138 234 184 55 53 161 33 -166 208 209 100 240 -17 -79 143 -69 173 -92 101 -58 -19 -29 156 203 -172 40 -39 126 128 30 235 233 -247 178 -35 218 19 95 94 -56 -179 134 158 135 152 -52 224 123 -53 -5 -165 24 -129 -220 182 58 216 211 -21 194 199 50 -191 -6 237 -90 -180 -145 -204 227 -168 87 -75 32 138 136 -149 -55 70 210 165 -43 -141 -40 166 -10 -192 -243 -133 73 119 -161 118 162 -61 38 131 77 98 169 
TEST 154 ARG:-247 26 187 242 -125 -35 -39 -148 38 -113 211 -204 189 165 -59 -74 -79 -234 -13 135 -49 60 87 -195 -176 -246 145 -71 160 -141 237 45 -154 -51 197 104 155 19 97 63 -118 -119 -111 -82 125 137 154 28 -190 -150 -151 -243 -132 -143 -124 96 159 36 -8 -135 49 150 -34 -56 52 -157 -205 140 110 -244 -170 55 -219 234 171 -91 -242 29 -156 -80 233 -47 -166 -160 166 206 -147 -48 222 241 47 -201 -239 81 195 -199 -75 -89 -222 -67 -44 -1 32 -218 65 5 18 78 -250 -153 9 44 -208 6 -223 66 -28 -53 -73 -196 175 -191 231 108 12 239 -78 -109 194 73 23 86 207 176 -46 124 -177 -165 240 208 -180 -86 -98 -142 236 -18 -100 7 -186 142 106 99 -107 103 -168 -194 48 -171 146 130 91 -152 196 101 -96 221 -133 -105 -145 -11 118 -216 -115 -26 133 -184 -95 -209 1 -162 114 -112 -104 -83 -37 123 -129 198 -122 -84 -202 -227 148 4 -178 74 -45 205 22 -25 -101 116 -169 100 174 -2 -52 -6 216 51 -144 -57 224 136 -17 -14 -174 228 -55 188 -36 127 -228 122 -245 185 89 213 151 -249 46 -203 -63 149 34 134 164 -187 -173 -248 243 180 172 -233 -76 -189 177 105 156 54 77 -231 -94 -167 -221 -172 -50 -206 -128 -12 209 191 39 -238 -70 -134 35 40 -77 21 169 -214 33 -29 14 184 -212 71 -114 8 -140 163 212 -68 170 62 80 121 182 -103 -136 -15 20 -232 -108 -3 -123 43 16 162 0 -121 -72 -16 179 -30 190 94 37 -127 -179 141 84 83 178 27 -181 79 72 24 -22 -130 -158 129 248 201 -41 -236 215 -163 57 186 -93 -20 246 70 -33 -27 210 226 59 -92 -126 69 238 245 93 -66 -54 235 167 144 50 214 -226 -62 113 -161 -64 -183 203 111 -9 204 56 -60 143 -40 200 53 -58 68 -32 -229 -207 -43 -146 88 181 -198 -182 -110 229 -19 -139 -193 244 -200 107 152 -5 -192 131 75 -106 247 102 -211 109 199 -90 119 219 -175 42 232 -149 67 220 -224 -241 11 -137 85 138 -69 92 227 64 158 2 -210 -197 25 -217 98 -138 126 217 30 249 -88 -120 132 183 82 -131 230 -213 157 -235 -99 192 76 202 139 -240 13 -7 147 -4 -230 225 17 218 -81 -237 -38 112 -10 117 61 -159 3 -116 -215 -31 31 -117 -225 41 -220 173 -21 128 193 120 -188 95 -164 153 -102 -61 90 -97 168 115 -24 -185 15 -42 -65 58 -155 -87 223 -85 -23 10 161 
TEST 155 ARG:-202 116 211 -45 -179 210 -169 -172 -150 243 79 185 -140 -109 171 88 -105 94 -113 -163 159 10 -11 213 -95 124 -88 -53 -243 207 190 37 -218 -155 110 95 114 197 139 29 245 194 -180 22 -22 -65 183 120 -204 -178 -143 18 -3 -87 249 228 -214 -128 147 -97 2 191 98 -110 100 -103 217 -48 176 -162 -166 -152 -99 -117 123 -209 -144 -19 -2 -13 226 -79 -228 76 13 78 -221 101 179 -6 125 -132 62 140 67 230 -101 208 -200 212 -30 16 -194 -56 -50 -73 143 -245 -43 -28 39 108 177 -220 142 70 233 -187 136 19 -241 -151 -159 -4 134 -149 73 -100 38 -57 -249 -191 -222 172 -83 -142 160 129 -223 86 17 81 54 -8 -46 -242 28 -129 -125 234 -199 -55 144 182 -165 -208 60 -51 -67 149 -236 15 5 -31 -195 113 -92 119 200 -17 21 -226 -18 -173 244 -147 128 92 24 -238 206 184 198 -239 180 -90 246 165 -82 -58 239 -233 186 132 -190 -229 -80 -27 164 -40 -164 90 -16 -104 -181 -20 201 209 169 -111 -5 -240 -148 -29 -39 -10 -1 56 -89 -120 -77 63 6 -201 93 -230 131 -248 80 -54 153 -141 -107 -114 -193 107 126 121 7 -72 -126 -250 -136 -168 34 1 178 82 141 130 135 -78 204 220 103 -224 53 -207 -134 -49 115 96 65 -66 133 64 51 202 -63 -138 151 137 -154 174 -205 -160 -122 47 -145 25 127 -71 -170 -24 112 -210 -9 216 -196 20 -36 -211 -81 -186 33 -61 -25 118 -130 -21 -74 173 -96 187 162 -38 -156 189 -59 -35 227 232 46 -118 -235 87 42 -203 26 -219 32 -234 223 158 109 105 3 44 167 192 -137 146 221 66 222 97 -60 -85 -192 68 175 -23 -116 166 195 27 225 170 102 -146 -121 -70 188 -115 155 -131 -183 -94 -102 4 238 237 -69 -197 -161 -244 240 -119 -108 -246 49 -213 -112 31 -68 84 -153 157 205 35 196 -52 214 231 -32 242 61 161 43 -33 -216 -158 -76 9 77 219 -26 106 40 138 -247 58 -124 -189 -171 48 -188 -37 -98 89 -7 -185 -106 -12 -86 -231 145 -64 248 -184 14 236 -176 -215 -14 229 55 -198 247 -217 163 -75 -206 154 12 168 -227 0 30 -84 -41 50 -15 -135 199 83 193 74 -44 -237 -139 75 52 -42 152 181 -157 69 150 91 -34 57 -167 218 224 99 -232 241 122 111 -127 203 85 -93 117 23 -133 36 -123 -174 45 104 72 148 -91 71 -212 8 156 215 -182 -62 -225 -177 -47 235 11 59 -175 41 
TEST 156 ARG:-61 -118 -27 -148 197 -100 -201 -135 51 -28 -72 -5 224 205 -62 -205 -240 -230 93 -133 218 -2 -186 146 94 -166 211 -187 -250 16 -115 195 -197 85 101 248 246 -233 -47 77 -15 145 47 -55 121 -180 240 158 28 -57 244 -121 -82 44 154 190 116 175 -109 -74 -102 147 -150 75 50 212 60 -160 -53 -244 150 54 -220 -114 -168 -123 164 -34 -211 149 156 137 -38 96 153 48 -246 -99 -225 -42 -44 178 -185 32 -13 -132 140 -217 -17 -195 -58 206 173 -88 249 81 31 -128 -46 -119 194 196 165 23 -89 38 -104 -8 120 215 -243 -6 49 -98 122 -41 182 208 91 214 -188 87 -136 -107 -137 -222 -224 242 -207 29 -71 -173 15 72 126 -129 176 -77 162 24 144 70 148 14 204 -50 -125 43 123 193 -103 -106 -113 103 68 221 -203 64 7 -60 245 -25 160 -124 -234 102 138 -199 -67 -22 83 184 108 167 -111 143 84 174 -86 78 61 110 -40 -228 4 -18 -73 213 -16 -110 -1 226 20 134 58 -35 66 3 -237 -212 76 -149 -235 -162 -152 -52 -140 80 13 209 109 114 186 -182 -157 -85 -171 -81 -91 -176 41 -165 -20 -231 131 -70 200 18 -139 42 185 33 -236 -24 171 30 198 222 228 -181 217 210 233 -200 124 234 -75 -238 -116 107 -204 -130 -14 201 -144 117 -36 40 -241 -141 -249 -9 177 203 -122 86 -65 -154 -96 188 -69 69 -101 -239 -248 220 192 -151 -56 136 127 181 -143 53 159 10 82 98 -226 239 -192 132 231 -11 -126 -32 -169 207 22 -43 235 -3 232 238 36 35 62 71 -84 230 -155 -39 128 -134 -194 223 -167 74 73 -189 163 130 -184 113 139 -174 -112 104 -164 34 -218 -214 161 -153 -177 125 -223 129 -161 56 225 157 155 -64 -90 57 187 26 106 169 -145 -215 172 151 202 -178 179 -93 92 -95 236 39 -170 191 -117 25 112 6 -216 -209 -196 199 -92 11 -45 -213 216 55 141 -83 -97 45 168 -66 -146 135 -159 2 -7 -229 88 12 -29 -19 -51 -227 -247 67 -156 243 37 -68 -158 9 89 -198 0 -206 8 -10 189 -59 119 237 -79 -120 -4 -80 -202 100 5 -190 241 -78 -245 -31 -108 99 152 219 105 142 170 27 -23 -142 -219 -242 180 19 21 -12 183 1 -63 -210 227 -163 -131 90 166 -147 -76 111 97 52 -179 -175 -232 -183 247 -221 115 -191 -48 -54 -105 -37 -21 -30 -138 65 -49 17 133 118 229 -33 -208 79 -94 -172 63 95 59 -26 -127 46 -193 -87 
TEST 157 ARG:-210 165 201 -208 164 27 5 -157 -40 56 -72 24 15 156 -87 18 209 -127 86 100 73 -73 34 -229 -102 -136 72 74 89 221 -79 -48 52 249 64 -139 -150 -215 -15 140 -90 -151 -194 115 178 173 -19 -39 -200 135 103 82 -120 196 4 -198 -227 144 -240 -106 -196 -131 -89 183 149 -25 -114 68 206 -92 226 60 -75 41 13 90 -38 -44 182 166 -230 215 6 -36 212 29 153 -199 55 54 14 -98 -204 191 189 -97 134 -144 -187 -224 -59 -237 50 2 123 40 138 232 -3 -146 117 -13 69 245 -192 167 -37 -236 -248 -34 -189 -152 148 -105 -179 -239 -66 -221 -78 120 -35 239 145 -108 199 151 77 -170 -165 -57 -161 -168 204 109 -8 217 -220 -56 -164 192 31 -96 -69 23 -197 -53 47 -178 -88 -33 -203 79 -81 130 26 -169 106 163 -159 -50 -49 242 -10 87 35 57 -132 -218 -113 -211 16 139 -235 42 114 17 -74 -183 70 -5 101 -250 -217 -26 168 -201 -18 155 235 185 -22 -231 -138 -95 176 84 -116 -156 -185 193 175 158 169 -64 -143 -16 65 108 211 75 246 -130 76 157 -123 -103 -110 186 -154 219 110 -207 25 105 9 22 177 39 -202 -119 -219 184 154 171 -62 172 32 122 -47 234 0 -222 -43 -145 1 67 224 -7 -242 33 161 -11 46 -1 -101 -247 -52 43 -111 222 -233 66 -100 -188 124 238 143 -122 214 131 -209 -93 -148 243 244 -14 -20 118 174 247 -149 170 81 -42 -17 -126 218 97 -117 -147 181 53 227 -68 59 3 126 -46 202 147 51 -65 -109 -167 159 91 -84 -195 92 95 200 113 179 48 -241 -107 -115 -205 -21 19 119 228 -71 96 -24 198 -176 36 216 -41 -29 -27 -163 -228 180 45 -175 -191 -216 -232 -238 150 7 98 -91 -137 -166 -186 125 -85 78 112 -140 -86 21 -60 93 231 208 220 127 -180 -63 -104 111 -173 223 230 -134 -9 44 -162 -70 -83 107 -153 88 -243 94 -51 61 -223 -171 71 -12 137 241 -193 -31 233 -174 -158 236 38 146 -112 -182 -121 30 -28 197 132 -30 -244 -32 240 -77 8 -99 141 -190 -55 104 -125 63 213 203 -246 -128 -160 121 -214 162 11 12 210 188 128 58 -118 -155 49 80 -184 -124 142 -23 -135 -181 -249 -177 160 116 136 62 -67 152 -141 83 -212 -213 190 10 133 102 -225 -58 207 -4 -61 -142 -133 237 187 85 205 -82 194 -2 -6 -54 -226 -245 99 -172 129 -94 225 -206 -234 -129 248 229 37 -45 -76 -80 20 28 195 
TEST 158 ARG:47 120 -25 -143 119 -64 193 23 -53 105 145 -65 -246 -124 184 -151 167 -41 -216 158 57 214 14 96 -150 -212 156 -220 85 -204 172 -190 -70 71 140 218 165 112 -132 212 -59 224 41 -105 179 122 31 -178 8 148 67 82 -211 174 -17 -45 4 -66 157 -163 118 225 22 -9 180 -77 -4 87 169 -15 238 -235 133 61 -140 65 -141 -78 -196 139 29 -213 -61 230 208 -90 -158 37 -244 -106 -27 -221 -249 -208 72 191 -75 159 75 -58 90 204 6 99 -115 200 -166 -62 -51 70 -118 -18 205 126 -117 244 221 11 128 -30 -87 -42 -125 -22 -20 44 114 141 131 171 219 -76 -104 243 77 -33 -95 -24 199 -47 -227 -73 -13 137 -12 26 -23 -11 43 -32 -154 -63 -184 -181 226 240 -146 239 -142 247 -193 -173 -2 -179 160 -210 132 62 -35 -187 210 80 88 -7 -219 241 -56 53 3 27 66 -38 64 -168 194 42 115 -31 153 17 -159 178 -195 2 -152 -175 39 -123 -79 151 -130 5 -111 108 69 52 175 154 21 -89 -21 235 111 246 9 -29 -177 -206 -92 28 -133 -230 -248 -109 227 127 94 32 -245 -250 19 -207 -91 -234 -139 195 161 -172 76 -232 18 -88 -48 -8 78 -203 -60 104 73 86 136 -199 -120 -126 -183 249 -74 -214 -241 -242 102 231 -182 -57 -108 -39 20 -110 -185 -10 -215 190 -224 206 -116 -46 -34 242 182 -218 177 -97 -101 -222 58 135 -229 -197 168 -174 -188 51 -26 63 173 222 34 -121 164 59 25 -113 -144 -128 92 -165 -52 116 50 -6 142 163 -153 207 203 -102 74 185 -201 -189 -198 101 110 -161 -100 117 -162 -192 -202 245 -148 123 35 166 24 129 -243 138 -84 89 -16 -68 202 -80 121 93 45 -119 -86 144 -96 124 -28 162 48 -44 -131 -85 149 -228 -236 -171 146 -50 -226 -200 232 -40 91 196 -5 -138 83 -134 10 -103 237 197 -55 -169 -37 -67 -157 134 -209 40 -237 -223 0 55 -71 217 -186 -107 106 181 223 125 188 -36 233 229 216 -225 33 100 187 -240 -82 12 -149 109 201 186 -137 38 -160 -54 -69 -238 107 81 213 -164 -176 143 -145 36 -14 -49 -98 -1 209 68 176 -170 -136 -194 -3 -93 147 -155 -99 84 46 79 -167 95 234 248 60 189 7 -127 103 236 215 -19 -147 228 98 -114 97 16 -205 -233 -112 -217 49 -135 -43 -83 170 -191 155 220 -180 211 192 152 113 -122 1 -156 -72 54 15 -239 150 56 -247 30 -129 198 -81 183 130 13 -94 -231 
TEST 159 ARG:111 -69 -195 193 -102 -38 -162 130 132 99 -191 69 -47 245 -117 -222 165 64 90 15 105 70 225 -101 29 -42 -93 30 -216 142 -112 -225 233 67 106 -154 -229 91 -231 83 75 -211 34 -200 -149 147 24 119 161 -179 238 41 -43 174 214 219 13 -246 -217 80 -94 2 -199 177 -169 -61 -52 -97 -84 20 240 -121 226 -39 -23 -152 -171 135 126 237 50 195 82 -110 -114 -10 9 -158 -78 -210 -44 37 -186 0 -240 102 25 -130 -209 -22 -204 190 -249 164 201 92 -14 157 -41 -135 185 88 -45 -82 -132 -247 230 -62 167 211 -207 93 136 -11 198 -46 -129 146 206 -58 19 -205 -142 -55 -136 103 -194 208 -188 -75 192 120 109 156 202 235 -9 244 28 -127 -198 -235 184 -113 175 -21 122 -125 241 129 216 -165 169 -91 223 221 -77 -24 -90 31 -4 -161 -178 76 -187 -32 210 45 -238 118 -227 220 -170 128 173 -51 36 38 -140 -147 84 -30 197 -57 72 -59 65 182 108 -192 -126 217 -107 33 85 176 -123 56 -146 -131 154 -3 -181 7 -68 162 -219 -134 205 71 -185 -236 -85 -228 -66 212 187 -244 -224 -242 57 -223 95 -144 -29 -104 124 -163 189 -60 96 155 239 113 137 172 101 179 141 -122 -7 116 -119 -177 -201 -5 168 145 -241 81 188 -141 234 -118 -175 -15 -25 16 204 152 203 89 -153 4 97 -243 127 63 1 -157 -65 -148 12 222 14 -183 66 -202 227 -76 5 -1 -49 231 138 131 -164 -139 35 -248 -150 -250 143 -72 62 -115 27 77 215 48 -95 178 -128 -80 86 -86 -196 -189 -48 -166 -36 -172 170 -230 -31 22 -96 -18 -74 -173 46 181 -53 58 -73 -151 11 242 159 -6 -160 -203 -100 -105 -50 -89 39 148 -124 196 213 55 -19 -34 246 191 -213 228 -215 78 87 243 -63 -176 -71 -56 -103 183 79 -13 100 -12 150 117 104 -167 -92 -27 -182 158 -212 68 -138 52 224 53 149 -108 -109 -190 17 42 -67 112 166 -26 247 -168 54 194 -233 -208 -197 -159 3 26 44 -239 -184 -133 133 -120 121 18 -70 144 47 232 -2 -245 -83 49 110 -37 160 -88 140 -16 139 180 -17 218 229 -64 -79 -20 -156 -99 -98 186 73 40 153 43 23 207 -180 -193 -8 200 248 -155 -87 151 -143 6 114 -40 -54 -145 -174 125 -116 -218 115 98 94 134 -226 74 -28 61 -206 21 236 -33 -106 199 60 -111 163 -214 10 -237 -81 -137 -232 -220 249 8 -35 107 209 171 32 51 -234 59 123 -221 
TEST 160 ARG:208 168 241 -51 20 232 -39 -32 -7 38 78 187 -197 -160 248 -203 -104 -135 -8 -188 -218 -152 47 182 -130 27 -173 24 126 -247 240 212 -230 30 -3 36 219 37 -114 116 76 -208 97 -13 -164 178 -26 110 243 -190 -177 191 40 -175 -125 -249 176 57 -122 140 159 0 -69 -21 93 171 -60 -18 223 112 233 124 -187 -183 130 3 58 29 149 -105 -61 -194 -90 136 179 143 139 -36 96 -237 35 73 -207 180 -75 203 209 210 -82 102 -11 -193 -243 4 -141 -204 -195 198 117 -93 -43 91 137 -132 -205 -202 84 -6 -222 -210 -113 49 75 -215 246 177 -239 -184 41 148 -49 87 249 154 21 175 224 64 -220 -235 -62 237 153 -161 56 204 128 -178 184 -50 228 131 134 197 -67 -10 -54 155 -86 -17 -142 -64 165 -65 -199 -206 138 -186 82 144 242 25 135 39 239 -38 -5 18 -111 -120 201 -146 -157 -246 -196 192 103 45 -108 33 213 -98 -185 206 235 -117 190 100 -96 194 202 -191 234 -123 -242 161 -170 121 59 48 65 -118 -153 -124 -72 111 145 119 10 183 200 69 50 -221 -92 186 -116 -53 132 74 28 -42 14 -163 -119 109 -232 -102 -140 8 -166 -101 80 66 -83 -31 163 199 83 151 162 16 22 -12 -97 -133 -89 -80 -68 -106 15 236 127 -77 54 216 31 68 6 122 -112 63 133 -34 -227 -30 195 -162 5 217 1 -76 23 167 -214 -78 114 26 -23 -156 94 -45 -2 -27 -155 173 89 -74 123 60 85 -225 7 55 -144 -198 -44 -1 -134 193 -58 -59 157 79 -48 -154 152 -143 -22 70 -128 169 -179 -250 142 -103 -57 -110 -181 125 -200 -4 -52 238 -20 -15 -100 -149 218 -87 160 -131 -115 52 -248 247 -147 67 61 118 13 -16 -151 -139 -169 -148 -192 -95 17 231 -19 -159 -217 -189 -56 90 -84 -228 43 -9 -81 42 -66 -168 214 226 120 222 -231 -216 113 170 46 221 51 -47 -35 207 229 -213 -212 -145 156 245 -129 -91 105 -73 88 172 -176 -46 -182 166 -121 147 146 106 92 -79 -224 181 -150 -37 -71 104 -238 -172 230 81 -174 99 -85 211 -55 -223 220 -244 -33 12 86 -40 -219 53 185 174 129 44 -99 71 -209 -29 -165 115 227 107 -226 225 -241 -171 72 215 -201 189 -88 150 164 -234 -24 95 244 -236 -167 11 -25 -107 188 -109 158 -28 -63 -94 -245 -70 -126 -14 -158 -41 -127 -211 101 205 -137 98 196 77 34 -233 2 9 19 -138 62 -229 108 -180 -240 32 141 -136 
TEST 161 ARG:58 203 -91 118 -134 -158 30 249 -77 241 -230 -187 -249 65 55 222 9 -53 49 -32 -245 112 208 -60 -188 -1 22 152 -85 28 -12 -88 -166 2 238 114 202 148 -149 122 71 -112 196 -177 206 25 193 -160 151 115 -155 188 -175 -52 -176 -227 231 -17 190 -162 145 -36 54 165 100 -29 -30 37 -204 -75 236 229 103 81 -165 7 -205 -10 -74 125 -28 -200 -201 113 -238 105 -173 -153 -72 126 218 -113 -225 -50 -143 -193 -203 234 -76 64 -164 -220 -167 78 -198 -235 146 -15 29 -68 -81 -241 82 -126 -70 -212 52 121 -182 -37 -99 -107 -67 -87 -209 210 34 108 -86 184 -117 19 110 -154 67 57 139 185 18 89 179 59 -120 38 -11 -168 12 211 191 -222 45 133 -44 -27 192 -16 -102 -58 -73 230 -83 -240 138 -24 11 111 10 20 -51 149 -221 -208 15 80 158 -226 -234 199 -78 -189 -56 245 -140 -55 -90 -141 127 97 -14 -82 87 228 -61 -105 164 40 -100 -194 102 -228 41 -62 68 63 1 -128 -109 99 224 -161 -206 76 -57 135 -33 -127 225 219 -31 -13 -184 -45 117 -213 215 26 -163 178 -42 159 144 66 3 237 85 75 -125 226 86 129 120 5 -236 172 -92 119 -224 -22 -148 -66 -207 220 -179 60 -19 161 171 -218 -186 -142 247 -21 162 194 198 -145 -199 -239 116 -39 -8 -48 150 -135 -174 174 201 -9 -3 168 50 143 186 92 70 -197 91 157 -139 73 61 -111 -96 -214 155 -219 204 47 0 177 244 42 -169 -144 8 -195 -136 233 98 -104 -191 94 -216 -250 109 -211 -123 -151 106 77 -231 -246 -79 101 -157 -131 132 173 -34 95 36 -63 -170 -237 221 44 48 -46 84 183 137 -20 -124 -180 -97 207 -248 -49 27 96 -119 -171 -138 167 -247 53 62 -229 140 33 93 32 -93 -192 51 -18 -114 -5 -133 248 212 163 246 -64 -150 -190 17 104 -38 -185 -129 -95 187 -7 -23 79 -159 16 180 4 -210 200 240 239 217 74 -40 189 -71 -118 43 156 -84 141 -6 13 69 23 243 35 -94 166 181 182 -101 170 128 227 205 -103 -243 216 -108 -196 195 223 235 -41 -47 -65 134 -25 -4 83 -59 24 131 136 176 -43 160 -130 -122 -242 -232 -172 -54 147 -244 -147 90 88 153 -80 21 124 -217 -2 -89 -69 -178 14 209 -183 197 6 169 -146 142 107 -35 -137 -106 -110 123 -152 214 -233 232 39 -115 -156 -223 -98 213 -202 154 72 -132 175 46 56 -26 31 -121 130 -181 242 -116 -215 
TEST 162 ARG:-167 -243 45 58 -52 102 26 -208 -28 234 86 -165 184 240 -144 113 -228 -65 -185 120 -17 38 77 11 -154 52 78 193 -125 239 -227 -158 -71 -224 13 125 16 -203 -233 -49 68 10 48 53 -206 -6 -152 165 -16 21 200 194 237 -123 -198 -221 89 153 -19 -159 -145 -29 -101 88 31 117 8 215 -202 -113 -22 -116 95 4 198 -120 -189 126 -121 188 123 -103 -183 -247 -74 36 183 -104 177 -119 -30 -239 -132 -124 226 157 -126 114 98 -217 221 -114 160 -79 59 -210 122 -129 -51 -173 202 49 116 176 84 -106 232 -10 -134 115 -54 64 -150 170 211 246 140 -1 149 61 -201 -32 19 -136 82 -141 41 220 -59 248 43 94 207 -94 -135 -53 76 172 18 244 -219 -63 -82 101 119 -179 -156 151 144 -58 209 163 -161 127 29 208 129 -21 -164 159 12 132 213 80 -130 -242 139 -174 134 96 -142 -4 -99 -215 -13 180 -222 -140 2 -246 -226 -172 -205 162 -230 107 -170 100 46 -37 -2 225 -218 73 210 -117 118 -20 -86 -177 40 22 -190 -55 192 -212 103 -88 83 -155 238 197 -36 143 145 -192 -7 191 -14 -11 130 -178 -91 201 -171 168 -195 147 -100 -234 174 -25 -75 227 -213 219 -97 216 32 72 -200 30 -214 50 167 203 -188 -128 -26 -80 -187 -33 -207 -72 -60 85 67 -162 -235 152 -194 93 231 -46 -176 111 109 -89 -118 24 87 81 -138 218 -85 169 -236 -78 185 -169 33 66 20 158 35 -92 79 236 75 -223 189 -23 229 105 -168 141 -105 173 51 39 97 -3 222 -225 9 3 -148 -131 -42 -196 175 91 224 106 205 7 -43 212 -249 -163 -5 -41 -96 -107 -90 166 -137 74 -69 131 -127 70 104 -238 -44 146 124 241 -39 -166 155 -50 -143 37 -56 -68 -153 -18 -220 187 60 -232 15 186 -151 -175 -244 -122 -61 136 -149 25 -84 247 -87 -237 179 99 228 -102 112 42 -209 171 -93 -108 -197 -109 6 28 -45 -241 138 -67 -180 -34 14 110 -35 -64 121 -12 -81 -70 -199 217 108 -73 -181 243 -112 -216 133 57 242 -157 -240 -47 63 -15 156 62 -211 71 245 190 -8 235 -40 150 -193 -231 181 -27 154 -95 233 137 -160 -248 -24 249 -182 54 230 -66 -76 164 92 -83 178 -184 195 34 -9 -110 90 47 -191 148 -31 161 -38 -48 -147 65 -77 17 44 -57 -62 5 -115 -204 69 -111 204 -98 223 182 27 1 0 -146 128 196 214 -245 -133 56 206 135 142 23 -139 55 -229 -250 199 -186 
TEST 163 ARG:62 -101 69 107 17 144 43 225 -84 -104 -144 -138 -115 66 -114 -39 77 -161 -158 129 57 67 50 -130 -4 -43 22 247 -224 -30 36 -18 206 -81 161 10 -180 120 6 56 -89 -64 -6 -53 100 221 -35 166 152 -141 68 -32 32 -98 64 93 175 176 192 -177 29 204 174 -62 -119 31 157 165 -186 151 -68 170 232 -80 -231 -173 139 -41 -156 -191 44 -200 -174 73 -59 117 40 -223 -27 205 -245 -52 -122 171 -105 199 -58 16 -169 -109 97 -42 -108 131 154 119 136 -2 203 58 3 -50 99 60 -37 -78 -151 -218 -148 169 -250 164 189 106 191 24 168 -229 223 70 55 -113 235 -72 -152 7 -1 54 13 207 208 -178 -147 -222 -12 -184 -83 163 -183 -248 88 233 -28 -15 -110 222 -214 -93 53 167 150 -48 -212 -73 -124 113 -71 110 -51 215 -128 245 103 -103 74 -75 -230 5 227 -240 104 230 184 236 52 71 -76 -96 51 20 -188 15 -220 -209 228 -168 143 75 217 -207 198 195 239 28 -204 86 142 -154 -234 92 -47 -94 101 37 -196 148 216 -247 181 -97 8 162 -60 -213 35 -157 200 -107 -26 -11 -225 94 -137 118 -17 -125 135 146 -182 130 141 132 -181 185 -165 -149 -20 124 109 -79 33 149 172 123 178 -133 201 -203 79 21 -139 -88 -9 -102 11 -244 -176 65 89 87 -3 158 12 27 -228 160 -14 -40 -44 140 102 -217 -211 -216 -135 240 -56 -239 -153 -100 -116 -16 125 -179 126 246 105 127 -91 -237 -131 188 38 137 193 244 -150 218 23 -134 -45 -246 4 -205 -160 -226 -201 90 47 96 209 116 -193 -54 84 -172 91 39 61 -19 81 -123 147 -33 98 238 -238 19 -159 72 -92 49 -13 -8 -65 -95 0 76 59 63 249 -36 212 -233 -57 226 -242 26 -99 -243 -190 -167 2 -194 182 -49 -206 -86 95 180 159 210 -87 -5 -192 -67 -38 156 48 197 -111 190 -7 -61 134 -162 213 -140 -112 -170 111 114 196 -70 242 -208 -136 18 -55 -187 -74 80 -23 214 121 128 -25 -163 1 145 -142 -219 42 82 -221 -10 133 -185 45 -127 83 -69 -215 179 -195 -132 -143 -21 9 -227 211 -121 -199 241 -210 -146 -120 78 177 -166 -175 237 14 248 -129 41 115 155 112 -189 -171 -106 85 153 -235 -249 187 -22 -198 138 -34 -145 -24 243 -46 -155 194 34 183 -202 -85 234 -126 122 -63 229 -66 186 202 231 -197 -241 -236 -29 -118 -77 224 -82 -90 220 -117 30 173 25 219 -164 108 46 -232 -31 
TEST 164 ARG:-2 -155 -81 163 155 -191 -205 -11 177 5 -184 18 -224 230 -9 -147 -149 -180 120 -196 234 144 -99 48 80 184 -74 -80 129 -129 2 81 136 -102 10 -34 -90 164 -233 -65 -76 202 -240 11 201 17 -222 132 -162 -22 -71 213 9 -29 148 -239 100 182 154 -26 -103 193 -195 -59 108 47 101 66 231 79 226 -202 122 95 -83 198 -177 152 -68 248 -21 -154 7 61 140 -78 56 -220 210 -10 -221 82 -174 111 125 -160 -234 237 214 -31 -27 139 207 0 -25 91 -204 186 -152 215 -215 -136 -60 -208 203 245 178 -13 -14 -187 -15 150 236 -150 50 69 209 -181 156 199 -151 194 244 159 208 26 -63 -33 104 -199 71 19 -17 8 -118 -164 -145 -216 221 -237 168 -131 -193 59 -167 72 -135 42 55 90 149 86 -248 176 -52 -57 -19 -230 1 103 -82 -16 169 157 -109 -130 -18 -39 -246 -62 68 -206 -108 -143 212 32 -128 170 -64 -236 243 -170 -95 -203 241 -61 -5 -219 -77 -106 217 137 222 -142 158 88 -217 232 206 36 147 21 172 4 -153 161 218 -158 98 -37 -144 74 -8 102 -124 119 -117 -185 -214 -165 -163 179 -186 223 -249 -100 133 -35 167 -3 -140 -171 -104 78 -92 -101 38 -201 12 37 160 -137 -207 -36 -119 191 -23 227 127 22 113 -176 235 106 233 229 211 62 239 41 -56 -24 183 216 -134 -182 196 -44 -97 -55 31 51 142 -79 114 192 -107 35 -210 85 -46 -50 -198 -250 181 -30 -223 -70 -127 141 99 -84 -179 -192 118 87 -120 126 -105 131 -228 -40 67 -53 -48 220 40 -110 -93 64 105 43 -247 190 166 189 -4 -212 -32 116 45 -12 -41 -197 -43 -1 247 3 33 151 -166 34 -58 -114 -157 123 73 -226 28 -213 25 -209 224 94 -235 -6 97 57 -190 -211 171 138 238 75 197 -54 145 -178 -49 112 -45 76 44 -243 -225 -111 54 121 240 -169 -138 52 115 130 -86 -121 110 153 -69 15 -241 -159 -28 -98 -244 219 96 -91 16 -238 124 -112 84 70 -161 46 -227 162 -38 -132 -73 -51 -75 -218 24 -123 -7 -47 -72 77 -20 29 -172 -139 246 -85 -148 60 -245 109 39 -89 185 204 -87 89 134 -242 14 -175 117 242 200 6 65 175 -168 -194 -183 -125 180 -66 143 135 -96 -173 -232 -88 13 -113 -94 63 23 -229 -189 53 -133 146 -42 228 -141 49 128 249 165 107 -67 188 83 205 195 -188 -116 -156 -126 27 -115 225 30 173 174 93 92 -231 -146 20 58 -200 187 -122 
TEST 165 ARG:-176 -219 -86 -101 -22 24 -77 -36 159 78 233 226 -40 35 -141 -189 113 188 -82 -142 -61 7 -125 164 14 -121 21 117 102 -24 -229 -200 134 6 -80 -145 47 -144 -205 114 93 137 12 -216 -147 130 174 82 144 2 246 -68 -90 50 -136 -214 -172 -103 9 91 59 -74 109 -128 28 -29 235 58 -100 53 -11 220 -92 -182 219 -238 241 234 124 180 -65 129 217 66 120 143 38 -48 -69 -132 -245 139 213 87 -212 -7 200 90 -242 -211 176 -98 40 -135 17 52 -95 177 167 -180 -114 -187 247 231 222 210 218 0 -208 -5 65 170 -23 121 136 79 -37 -42 -71 161 183 -110 192 -199 140 -107 -228 216 123 -19 -66 -249 61 -20 55 74 -139 77 -233 186 229 -1 -116 -44 -13 -18 -102 -143 -10 -75 -118 145 198 -32 39 -87 237 -83 207 202 -122 -105 -159 48 -117 54 -15 166 -217 126 56 225 -34 171 -247 -196 -174 175 133 -244 127 -30 -28 -226 -185 138 11 69 1 228 42 172 -47 -146 -158 73 240 142 -113 -115 62 43 106 -221 71 -188 -148 -154 22 232 -8 97 108 223 189 168 -207 -203 224 179 148 156 -50 13 5 110 -131 -163 132 -51 80 -204 194 -170 107 197 -134 -38 -223 -164 10 -209 185 115 147 -175 -234 -202 146 -55 -177 -160 36 -130 -169 -149 -109 -93 -99 -240 135 125 238 88 20 -45 -192 -232 -167 -67 230 -161 -112 29 -120 116 -84 -27 239 -173 67 -152 169 215 -250 155 221 81 57 -168 33 46 84 -52 72 -60 243 -123 -57 165 -237 -73 105 -91 -153 227 -39 -76 118 -186 128 112 -151 -124 -184 25 152 44 184 -54 -53 -104 -26 -231 -230 -127 -85 -171 154 209 153 119 -213 196 -178 -220 193 100 -239 -70 26 -138 -246 236 -106 245 -97 141 151 -227 -190 201 -224 150 195 -25 4 -94 242 -119 27 -2 211 181 96 30 3 -49 -3 -194 -96 173 76 -6 -33 149 199 -63 -218 -179 244 99 -155 64 -126 -191 -59 -12 158 41 -111 -46 182 -79 60 94 -43 122 51 -225 -16 -35 -248 -140 162 191 -137 103 -64 8 -193 -206 49 104 -89 -78 34 -156 190 68 163 45 -81 206 -72 -222 37 -41 -197 101 89 111 -133 18 92 -198 -215 -17 -166 75 85 -9 -165 -88 70 -157 249 187 -14 157 98 86 -243 -236 -162 -181 23 -31 63 214 15 31 -21 208 203 204 32 248 -150 95 -201 -58 19 212 83 205 -235 16 -108 -241 -56 -210 -62 160 178 131 -183 -4 -129 -195 
TEST 166 ARG:-87 166 52 -240 109 -80 136 -239 147 -250 -139 -69 -132 -226 19 221 -178 203 -73 176 -83 146 -123 -138 236 -49 66 -196 35 -84 163 -146 200 126 242 119 131 193 -195 240 -235 -159 -85 189 6 -66 -62 -17 245 -174 85 -36 213 177 -105 225 -53 -28 -40 198 30 13 -215 -82 -58 -249 -181 -130 212 229 233 -78 118 -155 -45 -165 51 161 123 -135 -33 91 -25 -187 -42 206 116 -152 27 -209 187 78 -108 195 -16 -205 -23 23 164 207 237 48 7 80 -8 12 100 130 129 -116 65 249 204 -136 -59 -102 170 -20 9 0 -208 231 -61 223 -206 -10 20 241 -68 -221 190 -231 216 -170 -218 29 108 112 -230 -43 46 16 115 -6 22 -144 -44 37 -141 67 -175 -92 1 218 162 -7 106 -118 227 125 42 219 228 -210 182 -153 60 -131 49 -88 -134 -56 -220 11 -121 99 -154 -63 247 -188 184 201 -183 -51 -168 -148 -54 154 -104 199 188 18 244 -160 -217 -47 183 -21 4 -227 -15 -184 -244 172 -163 -179 57 -201 53 -2 -106 97 -113 -99 -94 74 -167 -110 41 56 220 -109 -169 -75 -180 -204 -211 217 -198 84 -97 -126 -125 160 132 -13 -89 3 -22 196 31 224 105 243 175 157 121 -9 211 39 -41 94 -238 -86 -150 -46 101 -176 143 -147 124 127 89 -156 -91 238 171 120 45 197 75 -247 110 -129 26 210 -145 150 -128 68 -216 72 -140 -60 -111 186 -115 98 -5 40 -98 149 155 133 90 28 24 -190 8 152 87 -19 -77 -164 -149 92 -90 -202 -101 -186 165 95 -242 169 63 -39 -233 58 -237 144 113 14 139 -194 -191 61 -67 -32 -119 -11 71 -173 -95 93 81 -107 -213 174 -93 -4 -31 -30 -143 -248 82 64 156 230 104 142 70 -151 -70 134 -124 -120 168 -177 191 151 77 -12 -114 205 178 -27 -157 -171 128 -55 -234 -122 10 21 -100 59 -158 -74 79 140 202 -48 173 -200 -182 215 137 -117 -228 36 181 180 102 158 214 76 248 117 -71 -193 -214 114 -245 62 5 -3 -197 -64 135 -35 -142 -81 111 -161 -50 -224 226 167 32 -76 55 159 -57 -246 -172 192 -14 44 -18 246 -229 -137 17 -243 148 -241 234 -199 -166 145 -29 -65 -96 -225 208 -232 -24 -34 -222 34 -37 179 -79 -189 232 -207 235 -219 -1 -223 88 38 -185 15 -192 138 194 -103 122 -133 -203 -127 -52 -162 2 -112 69 185 33 -236 222 73 -72 96 54 -38 103 43 83 107 209 50 153 86 239 25 141 -26 -212 47 
TEST 167 ARG:-2 -207 -70 37 -231 -51 112 -214 -189 -58 -208 -177 -6 -158 -179 -8 -143 98 130 127 -46 5 -131 -105 -191 10 -186 -38 238 178 -245 245 -11 -181 209 78 179 235 -111 -33 176 -145 195 -56 147 -233 30 14 43 28 -62 -73 -139 150 249 121 -49 -241 -16 -210 177 47 199 -108 -215 227 -86 -71 -147 -9 116 231 -50 -120 -122 137 196 -174 151 4 -161 80 -17 17 45 -67 56 -221 -39 -190 19 124 -84 76 32 -44 61 95 -224 107 -1 -106 -247 185 -250 8 -213 -72 -150 -104 -24 -211 -114 115 233 -205 158 -82 -69 -116 223 220 165 175 247 103 39 -96 63 -95 -166 -29 236 -68 -159 184 -223 241 -52 122 13 -149 51 -20 48 66 191 -18 20 156 -180 -195 123 228 23 169 161 82 138 -125 163 -40 74 242 120 54 55 25 145 -178 207 208 46 83 -113 129 -243 -196 105 -141 -12 -35 134 -201 -187 -78 172 244 -121 50 40 11 -25 164 -228 7 155 -53 213 -202 -109 -117 -144 173 -246 72 -74 -225 174 -85 -188 -21 232 214 12 167 113 -137 181 -103 -3 97 -130 111 139 -63 -41 -240 9 152 6 126 -92 160 64 -123 -146 -136 131 89 -110 42 234 136 217 -184 67 157 104 -160 -219 31 -102 -15 -101 -54 215 77 -128 -124 0 186 225 -199 -119 203 -94 221 21 96 229 44 -193 -47 125 180 -127 248 -173 237 -4 -140 -222 119 135 79 53 171 -57 110 -60 -97 -32 204 140 201 88 205 26 -13 -19 -154 41 -135 -10 -226 -107 -75 -129 188 170 193 133 -36 -155 -227 -165 -234 -239 -14 2 90 -26 -169 -167 -192 -61 -248 -7 -23 -171 218 154 -90 101 189 153 62 -206 16 149 -37 -217 65 166 109 118 102 219 22 222 18 38 -148 117 148 -242 197 182 -22 -28 -27 -216 81 -163 60 -65 -98 -232 3 -126 -164 108 -99 -168 239 141 128 240 -5 -204 114 -83 -88 243 91 246 183 33 -249 84 -220 1 -132 -34 -31 143 58 34 -183 202 -87 15 -91 168 -198 230 144 162 86 93 -230 59 87 146 -238 -100 216 -236 -172 52 -152 49 27 85 -42 -162 -194 224 -235 200 -89 226 -48 35 -156 68 -64 194 -30 -175 -218 211 -134 99 159 -66 -142 -244 -45 -185 190 142 -237 -182 210 94 -133 70 -229 -81 29 -200 132 -209 -118 100 -203 106 -79 -112 -138 -80 24 36 198 -151 75 -170 -76 -77 -55 -197 -176 73 -93 -153 192 92 57 212 206 69 71 187 -115 -43 -59 -212 -157 
TEST 168 ARG:150 169 234 -10 -203 -216 -20 -160 -194 58 214 87 140 177 119 -199 -49 -169 -24 222 148 180 204 -39 167 -181 192 106 209 -133 161 -246 -147 237 0 137 -81 171 -173 -41 -123 9 -200 -187 210 -72 86 -142 -229 -8 163 129 179 151 -243 -80 236 49 74 108 249 -37 45 -223 -88 89 -105 -60 -145 -231 -161 176 -53 51 -1 144 52 -171 94 -65 -249 110 -95 27 -183 33 11 224 -227 47 -59 -44 -63 178 -146 -6 102 85 -180 118 24 -186 -214 -155 -122 233 38 77 91 -238 -128 -99 -241 10 -110 207 32 -26 43 7 182 -36 88 31 245 41 -170 -201 42 160 158 -109 63 57 6 194 -43 -213 -219 -239 -7 -167 -52 -144 61 -129 90 134 186 131 165 -190 -71 -50 -119 243 -140 -120 208 146 99 122 -19 -197 -108 -57 -191 213 46 228 50 170 121 -232 75 156 -89 13 -138 191 22 244 95 -32 -46 235 -2 30 181 -75 115 154 211 15 -68 242 200 -9 53 25 -82 136 -86 -221 -51 83 112 -111 -226 203 155 232 -66 -131 190 126 -102 81 189 -130 -148 114 66 -112 -48 183 -74 247 -166 -151 206 -237 48 -77 -22 79 -87 142 -233 -192 -17 -195 67 -198 17 -35 -217 -150 240 -196 -58 97 -240 -244 -107 231 92 -218 -11 -42 -103 -78 227 168 -236 -64 36 -125 -118 12 -91 199 147 65 -100 -29 157 -205 -136 241 138 37 -33 145 -94 124 -93 76 218 111 230 -30 -113 2 82 -61 201 -79 113 104 -114 64 221 216 -211 166 195 153 34 -84 -25 -12 -208 -141 -179 39 -220 159 -70 -222 202 55 -76 198 -18 44 -4 123 175 162 -5 18 -132 -62 -245 -137 100 68 229 8 101 -152 -178 3 205 -174 56 80 -127 -228 78 60 -206 23 -55 116 -90 -23 -189 -204 28 -164 -104 -224 -69 -96 120 -202 73 -67 -34 130 149 128 -182 -184 197 -45 72 185 187 -207 -250 -230 139 -212 -157 -85 16 -234 -225 152 29 -172 -215 188 -47 14 -210 -28 223 -117 -139 239 220 -126 172 -16 -124 141 -143 -73 19 62 -106 -149 -135 246 -168 196 193 103 212 109 26 219 -21 -153 -154 -31 -3 20 -92 225 84 -56 35 4 69 -134 -163 -121 59 133 -248 127 226 -40 -242 105 -159 40 173 -193 184 238 93 217 54 -176 -27 125 -185 70 107 71 215 -247 -115 -101 143 -83 -235 132 -175 -177 164 135 -38 -97 117 -14 21 -15 96 -162 -98 -156 98 -54 -158 -165 -188 -13 248 1 -209 174 5 -116 
TEST 169 ARG:-147 93 -97 128 97 -149 229 133 152 -133 -142 4 -179 -96 105 107 -249 166 125 -141 -24 -113 213 -211 81 61 -228 108 17 -36 104 -245 124 -130 185 181 -14 -137 -27 -107 -160 88 -92 -112 -93 169 -234 235 -11 -134 -122 -247 -40 -208 -94 179 113 -233 102 1 -210 204 223 -124 -80 202 -195 -1 -15 -13 83 172 -219 65 95 117 -177 20 -28 21 5 215 228 150 -114 -89 -65 92 32 -144 75 -115 -108 225 197 -180 242 -60 -25 -123 -57 217 85 245 42 -8 -204 76 -246 -76 -49 -19 167 11 206 -34 214 248 -226 -69 -199 136 -83 134 194 34 -205 219 174 157 -239 -182 155 -77 -85 -162 110 -50 -174 96 187 -163 -74 143 -43 -109 -71 -181 135 -62 200 123 3 -45 7 -48 -183 25 6 211 -9 57 38 -178 148 -31 -143 139 -176 -220 -56 176 221 161 246 55 -12 173 87 106 -4 -22 78 121 -167 -197 24 -100 115 153 48 -132 68 -120 100 203 -101 30 -59 51 118 -98 195 -37 -2 9 129 -214 -104 91 2 -5 -63 -10 23 198 144 -201 132 59 137 180 73 -215 210 240 224 -145 -88 -54 -17 138 -223 -111 -236 -155 -152 -35 192 126 233 26 160 238 182 8 35 -33 165 119 69 -51 -209 12 -185 63 234 151 79 159 66 149 103 -224 209 220 -84 -169 216 145 247 -157 -175 154 -95 239 44 -244 47 -227 -156 -200 40 -64 -99 -75 94 244 -125 -38 -87 226 -192 33 50 109 18 227 86 -173 -231 -218 72 -127 236 -164 232 163 205 164 -29 -196 -139 -242 249 101 114 -136 -52 -221 -248 -216 142 -129 -55 207 147 -81 -30 -150 -193 -42 45 -198 29 -86 -106 -46 15 243 -3 170 52 -186 -82 64 -7 -6 -21 156 -70 -116 -241 -119 184 56 -229 -159 49 -235 71 -61 -67 218 -58 -138 -79 171 -53 175 -158 -126 46 -194 39 -161 177 -168 37 -26 -140 31 183 -121 14 -68 -44 -207 10 74 -225 -188 -32 -153 -170 58 0 -212 -250 98 80 -18 54 122 188 116 -171 -78 -103 -230 43 99 27 241 189 -90 -110 13 146 -237 193 130 131 70 -191 140 36 28 191 -189 112 84 67 -66 120 -47 -206 208 212 -148 -146 82 158 -184 22 -102 -23 -151 89 -91 186 -135 53 -190 -213 162 -172 -203 -154 -105 19 -166 -39 190 196 168 -187 60 -243 -232 77 178 199 237 -16 127 111 -72 231 141 -20 -238 90 -217 16 -41 -202 201 230 -240 222 -128 -118 -117 -131 62 -73 -165 -222 41 
TEST 170 ARG:-158 23 239 -30 -99 -85 12 147 112 60 -146 -63 105 101 159 21 -163 -84 -71 -176 -72 131 -4 -66 -92 -104 -10 11 -212 -119 10 202 192 -205 -90 65 148 -202 109 -78 189 -44 -87 -192 180 184 124 89 45 88 -29 64 -106 -187 -133 34 1 -68 35 -185 -19 -45 99 69 72 39 216 -160 -73 55 85 151 -171 -211 -214 -149 201 186 191 -8 -94 82 -14 126 56 209 173 187 223 40 143 -181 107 -244 205 207 -229 -230 178 224 102 -77 139 -22 136 116 118 -20 236 52 204 -79 63 106 -166 -150 -157 -175 114 83 -32 97 -125 154 231 19 -129 -168 104 -238 15 145 -198 -120 -164 -114 -223 -34 -1 -196 134 -113 208 -199 128 -165 -241 26 -40 -156 -182 -142 -184 -190 197 -33 -51 123 161 -232 -203 42 -143 181 -5 -126 249 68 91 -132 -151 -177 103 137 66 146 232 -148 -6 244 -118 188 169 225 18 -180 -49 -101 -250 199 -131 98 -121 -201 -48 150 80 110 84 -122 57 -21 -233 -65 8 166 226 122 -227 -98 -110 -208 -242 -58 -188 149 135 100 -46 -193 -64 179 -18 -135 86 58 -186 -152 152 -134 41 37 -47 -197 170 220 -226 31 168 140 0 -62 194 198 -200 -145 245 -159 241 44 -3 27 113 119 -35 22 -221 51 193 222 -225 -228 -248 -235 -179 217 -91 -183 49 -127 14 108 29 -26 -67 171 74 96 163 182 162 -95 -174 177 46 -209 111 -13 -75 -57 -41 -139 -123 6 235 -240 157 78 -102 174 -249 -82 190 233 50 115 62 229 -16 228 87 -28 -42 70 -109 -74 94 -147 -162 47 -213 79 -97 211 160 234 -154 214 25 243 -9 -76 248 -178 -31 156 165 -153 61 43 221 92 -247 73 183 -136 210 125 4 24 -50 -54 155 -25 129 -141 -234 -81 -219 -245 75 93 -24 -237 -236 -191 218 38 -222 -103 247 -155 -17 237 -36 53 -220 71 -137 -210 195 -15 215 48 -70 -128 141 59 200 144 54 -124 127 219 175 196 -173 13 -60 -111 90 -80 -108 -116 -12 -206 -224 -112 16 5 -172 133 -189 158 -130 153 -144 -138 -243 -88 -117 164 33 242 138 -215 230 3 -96 -69 -27 -207 185 -204 -39 -239 117 142 -38 -100 17 121 172 -11 -56 -59 -86 -218 -217 -161 32 -37 -43 132 67 -61 -167 227 -194 -105 -2 30 240 28 2 -140 -7 9 -231 7 -53 -115 -23 -55 -52 -169 246 203 36 -93 213 -246 212 176 -89 76 20 -107 120 167 206 -216 -195 95 77 -83 -170 81 130 238 
TEST 171 ARG:191 -148 152 213 225 -91 -188 -217 130 -191 56 3 128 59 -75 210 117 238 -126 -246 -61 -206 -45 216 -127 135 185 90 219 205 -10 -207 -151 -199 -141 -177 233 76 -166 -250 197 -15 54 8 -128 -243 131 -103 21 33 -211 176 -192 -132 161 79 24 36 50 -149 81 22 179 87 188 -178 51 234 149 165 -180 -189 -139 112 -16 198 218 -200 104 242 -136 115 -98 -143 92 -145 226 28 -36 18 195 -96 -62 160 123 154 159 -3 -56 43 -213 196 -18 206 -35 -229 -210 194 125 -93 -95 -223 -236 -31 -221 -106 -231 5 -53 71 -161 52 202 113 168 -235 -1 231 91 47 223 7 -201 183 193 -73 132 243 -71 9 -174 -185 -220 -83 246 110 -120 -110 -100 11 241 -40 200 -78 -4 35 247 105 45 109 41 235 -2 -219 -228 -115 -170 -224 121 44 -57 -39 187 15 62 -195 141 -179 -125 -124 34 -65 162 74 -102 32 -9 -152 227 -29 181 -239 -33 -237 244 -218 66 -88 -69 -147 -208 137 106 222 20 -158 46 -134 190 72 -32 -74 189 -19 78 153 86 -138 -107 25 -181 68 -94 95 29 217 -119 -248 224 -146 -24 16 1 -105 -86 139 -168 239 177 -47 -183 -197 -68 -104 6 167 -176 38 143 14 -89 118 119 -42 48 -67 -238 4 93 -54 -171 -8 73 186 150 133 84 -153 102 127 70 23 83 -37 -135 -72 -46 -82 156 147 -165 -11 49 -64 -162 -129 215 -116 53 -202 12 107 145 -118 -245 -244 57 -205 146 192 -140 129 80 75 -172 170 37 -187 -222 144 -240 31 126 -13 89 -225 114 -233 65 -249 -173 39 -167 60 171 -58 -63 -154 96 116 201 -226 64 100 -234 -121 136 -130 -70 182 -79 -216 180 17 240 -43 -22 -12 -14 -26 -137 212 -203 151 245 -163 -59 -34 221 -23 -92 -175 108 -123 199 -112 -44 82 -190 -144 -164 155 -99 -204 124 42 -111 -66 -131 157 -227 103 207 -142 163 158 -184 -194 88 85 111 -150 169 -214 27 -17 -60 -51 -80 174 148 -198 -30 98 -21 204 -230 -193 58 228 94 69 175 -101 -81 232 40 -133 2 30 -155 -27 63 120 -76 -97 236 -25 -49 55 -186 249 -109 -156 -232 248 -55 -87 -38 208 -20 -108 -77 -122 0 -84 -113 220 142 -6 -48 -157 164 -212 -41 -242 138 214 13 -50 77 -85 -117 209 134 -182 67 -209 19 99 237 -7 230 10 97 -114 229 173 -241 122 -159 61 172 166 211 -247 203 -52 -90 101 26 -28 -196 184 -215 -160 140 -169 -5 178 
TEST 172 ARG:-90 117 28 -58 24 122 -25 -193 -117 43 -176 -160 -15 234 -248 157 98 115 156 227 237 223 203 125 -94 14 60 -113 -153 183 78 -143 72 -105 159 243 204 214 85 -166 -140 110 -17 -226 -45 161 6 201 198 206 -150 150 -168 -189 -149 220 109 207 5 -171 137 185 103 36 80 218 -124 199 -19 41 -223 -139 -151 52 -222 -158 244 -164 -181 48 -145 -185 -110 -165 -70 -68 -46 15 -239 225 -61 196 -214 -108 -33 46 138 17 -55 31 -245 -82 -79 229 -20 45 179 141 160 -9 165 148 -167 -121 57 -80 -32 186 -14 208 8 -127 -120 -34 -114 -93 -12 -92 -184 162 96 -21 120 230 -97 -10 216 168 124 -53 -56 1 139 -178 82 83 -107 -163 -155 -219 47 -215 155 113 53 -141 32 30 240 11 -7 75 -217 242 167 209 -161 58 33 -22 -71 -241 20 9 92 -180 -172 -24 -50 -122 -86 -154 127 19 -162 -236 -35 -177 3 -99 104 182 -212 -209 149 -48 26 -227 151 134 -49 -59 -159 132 84 111 -173 200 -242 210 135 -197 7 -125 -244 -96 -188 114 154 217 -174 -142 133 -195 -69 169 123 241 171 153 164 -73 70 166 100 29 -175 228 -199 -218 99 -148 89 -84 -138 -231 -221 184 69 22 187 235 105 -77 -237 23 55 -129 146 -4 205 -23 194 215 81 -135 131 -206 87 -144 118 38 245 -204 152 51 59 -192 -18 -216 -229 61 -234 170 -63 174 88 -102 16 -156 190 136 -111 90 213 202 -28 -246 -41 97 231 79 177 86 246 -95 -112 232 -3 94 10 -194 145 65 77 42 -115 -187 -36 -6 -75 107 219 -210 -220 -78 233 -147 -233 -200 -89 -109 -118 163 172 35 -11 -62 -186 224 -205 238 248 -238 175 -5 143 34 247 -132 13 119 -230 -30 -1 -130 236 -88 -40 222 66 -170 102 -126 -202 25 -103 64 197 -207 68 73 239 -44 147 101 2 -81 -87 -67 192 -208 39 12 -183 67 -29 -201 -247 -106 -123 -146 211 -119 176 -98 -16 140 56 71 -13 -60 21 191 40 -169 -131 -128 -37 -47 -225 -190 -235 -137 -83 49 226 -42 158 18 -31 63 95 -249 -228 -43 -51 -26 27 116 -250 -64 -52 -191 -240 130 -54 -66 -116 50 -213 144 -57 -136 -224 195 193 -232 129 54 142 76 121 -243 62 37 212 4 -104 -8 126 188 0 91 -211 -203 -65 -38 178 -133 -152 -91 -2 221 -179 249 106 -76 -85 -74 108 -134 181 -39 -157 112 -101 93 -198 -182 173 -196 74 -27 128 189 180 -72 -100 44 
TEST 173 ARG:-82 202 -67 42 71 -52 154 -160 -105 -143 187 211 113 46 -144 -101 208 -55 144 94 -190 24 -35 146 -137 -15 -58 -155 -238 60 145 -183 58 -199 -91 231 -130 -24 198 -213 226 -114 120 -179 124 -127 87 -242 -116 -119 215 -191 235 67 -239 107 216 -2 -45 65 26 103 -215 121 -48 -6 -99 -124 15 224 -226 181 -100 168 -71 -13 6 125 -216 223 -207 -185 21 210 174 -113 -245 179 -197 -168 96 238 184 -174 -74 237 -178 220 -231 -31 79 -250 34 -53 -166 -73 230 138 8 196 222 206 -98 89 99 -25 -138 116 192 13 18 175 98 -170 155 101 -14 142 72 177 106 -134 245 -131 48 -184 -87 -230 -39 205 -186 -236 -228 82 -118 -247 -209 127 136 -220 -204 35 52 -107 -229 16 141 -18 119 84 57 243 41 212 45 20 194 -147 83 183 47 160 -123 -135 228 171 137 37 242 -223 172 43 74 -26 153 90 182 -211 201 -59 -173 165 -8 -165 -136 63 -22 32 10 -222 -141 -80 173 -146 40 -233 -79 -205 -221 117 49 -126 30 -57 23 240 -3 -102 -192 -219 -95 29 -177 -42 128 115 247 111 69 -38 -140 161 -121 -180 197 -132 -156 -70 0 -64 -162 68 -241 159 -208 -37 109 -30 -89 207 -109 61 86 -90 169 204 199 236 -10 233 -139 50 -51 -152 27 246 -49 -218 135 129 158 -96 3 -237 123 -217 25 -151 64 162 104 78 122 188 157 -154 -12 -234 -243 -167 91 -72 -93 -68 126 -34 -112 19 100 28 62 -189 -214 -232 -1 17 -196 -203 -47 -159 214 143 -33 -206 178 77 -19 148 118 -158 -157 -65 167 -103 -115 -122 239 38 53 -104 -120 95 51 152 -29 218 -41 244 170 -212 -176 180 -40 195 -248 -76 -27 -110 -21 225 -94 213 -54 -148 163 190 114 102 54 -56 -198 -164 12 -181 164 -145 9 -163 -60 232 112 -195 110 147 85 -85 1 80 -108 31 -129 -150 -4 -86 39 191 -111 -117 140 132 -62 -16 185 176 -66 227 -235 -11 97 151 73 -193 5 -187 -84 70 -17 -142 203 92 -240 -194 -28 -92 33 -172 -75 -69 189 241 200 75 -171 217 -227 -50 81 2 4 -81 -20 234 -133 -125 22 -201 -83 -210 -46 -128 66 108 44 248 221 156 7 -32 -153 -77 139 -225 166 -88 -182 11 59 -200 -5 105 -175 -244 36 93 -188 -202 229 -36 219 -106 -97 -161 149 -63 -7 -249 -169 193 76 -224 133 56 -9 249 55 209 -23 -44 150 186 131 88 -61 -246 -149 134 14 -43 130 -78 
TEST 174 ARG:30 154 176 -105 165 144 164 -50 35 -4 -248 -244 -229 189 64 106 -236 6 142 15 -206 210 141 201 -46 -30 -171 -176 196 184 118 170 -92 248 -44 -6 -155 4 229 -228 -240 -199 -52 177 203 23 75 -112 -96 206 -131 208 25 -219 134 -66 -169 246 93 -89 -18 129 -94 -21 -10 -157 149 -178 114 193 205 215 -26 199 247 -101 -122 112 41 -183 -151 140 -69 3 47 -221 -182 -195 -117 -148 146 161 -231 -127 -177 39 49 113 158 -13 45 27 -113 -5 119 52 -43 131 105 172 -173 -181 -139 228 -1 -41 174 -129 -158 194 -200 163 111 191 -79 70 -22 -91 139 -98 -87 -45 -55 171 173 72 -163 29 -179 -153 -164 115 -233 107 109 22 -210 -197 -48 -25 77 10 -110 18 -15 42 -51 -111 245 9 -119 -104 -49 230 237 -168 82 66 58 200 -80 74 -134 -227 231 -109 -53 2 123 1 -249 159 -172 -174 155 102 -36 -73 -211 -237 -11 183 120 71 20 -128 89 19 28 -31 -2 -212 55 143 180 -232 67 178 -71 53 0 7 -137 -62 -205 -238 -33 -196 234 -185 -59 38 -234 43 -38 50 218 76 -124 -223 -184 16 -186 -12 -39 108 -63 -14 13 -108 -207 34 94 103 -166 87 209 128 65 37 117 54 240 -209 152 98 -162 -154 213 -136 122 -28 225 192 136 -65 -246 169 182 167 -61 63 51 95 242 -58 -150 -245 -97 31 -88 99 -161 -16 -159 -17 -86 -9 -217 220 160 -8 -7 17 -123 -198 227 -57 -78 -32 79 -115 222 -214 69 11 145 -23 -180 -143 91 -90 -187 -147 -222 -215 190 -239 -114 -74 -27 -133 233 -56 -70 -81 -208 84 5 -220 -226 -152 -224 249 61 57 110 116 -190 88 -213 -194 62 -216 104 212 -125 232 -202 14 -40 -132 132 175 44 80 -77 148 202 -60 -167 217 137 179 186 226 -83 -67 -140 -20 -3 -126 124 243 83 -250 -135 204 -243 -149 -146 221 -103 -99 -142 224 -203 -118 135 -116 150 -225 -201 -160 101 56 223 125 -19 -93 -24 195 21 187 32 33 26 -145 207 -82 -106 -95 96 86 -85 -193 214 -165 -54 48 85 -138 -247 12 239 -75 24 238 -37 138 59 211 -144 -204 -102 -241 168 60 46 162 126 121 40 147 97 -35 -189 68 36 92 -130 -120 100 197 -42 81 -121 -64 236 166 -107 90 -191 -175 153 -72 -68 -235 188 -192 151 130 -218 -156 -242 -76 -100 198 244 133 185 157 -230 -188 -141 181 -34 -170 216 -29 156 241 235 -84 219 -47 127 8 78 73 
TEST 175 ARG:115 207 -36 -33 -90 -150 -196 180 238 172 -140 65 -137 18 -195 -30 -85 -94 213 -176 -225 -123 88 -80 54 185 -147 89 -5 46 -129 224 -83 121 -45 -14 223 205 -100 183 245 87 -136 73 221 134 47 133 -246 -102 -214 -199 112 -93 12 200 77 175 214 -250 -48 182 236 -234 242 155 -110 234 -52 -142 -70 161 -10 36 -185 -58 202 171 -236 -160 122 -112 11 61 -60 -55 -216 108 -198 142 81 -103 194 -172 197 -50 -97 26 -43 119 16 239 39 19 222 -247 208 -219 -193 -149 -39 -135 177 -38 168 98 78 146 -157 -29 82 -6 167 143 -120 -204 248 -220 -152 32 231 10 96 -61 -202 -170 -228 -101 -108 217 -84 -243 21 237 20 37 -25 62 30 156 14 170 -230 -169 -81 -221 -109 103 247 -73 68 -159 -177 -211 -232 -17 150 5 -3 -153 66 233 124 -212 -194 136 219 50 45 -146 195 216 41 215 59 -118 23 -187 -124 -155 241 101 100 71 188 230 -239 -208 210 -35 52 -13 235 -19 63 70 -171 229 31 -51 240 2 -68 -41 -240 -37 187 165 126 145 -65 148 -23 74 -156 -66 104 79 -186 -107 76 -122 203 192 -205 -72 83 -192 -121 154 -188 -4 198 232 35 226 64 -166 244 -59 -95 91 125 33 -201 -141 199 -162 160 -163 -138 55 137 -210 -178 164 -215 138 -197 -88 -104 -40 158 -67 25 -20 -209 144 -15 -242 109 113 94 -180 3 -231 -9 34 -223 -133 85 114 -116 243 128 173 -1 42 -139 -32 204 -167 176 75 40 -86 -114 27 117 -207 -53 -79 209 86 -130 48 -46 -184 80 227 212 -158 -27 -190 -222 93 56 -174 15 -119 135 -229 178 -12 -106 -132 60 152 8 1 220 105 7 129 -175 -76 -203 201 -179 58 162 -56 -99 -218 67 120 -151 -125 -248 -31 193 -164 -235 -28 -224 123 139 -75 17 163 -54 -105 132 -87 184 -226 111 97 -131 196 -63 -92 -2 13 110 181 102 106 218 -82 -244 -78 190 38 140 131 -127 -183 -182 -249 -64 51 130 249 186 92 -165 -143 0 -117 211 -173 -113 -217 -96 -26 28 4 -128 44 9 -44 166 -49 -69 -57 -161 -47 -11 228 -237 -126 151 -62 -111 -245 149 225 -233 -89 69 -144 -200 24 -34 127 -206 -227 90 -238 49 -22 -115 72 118 246 206 -42 22 179 95 116 99 57 -16 147 141 -241 169 -191 -181 29 -213 -74 84 -77 -8 -21 -154 -145 -91 159 53 157 -189 -24 189 43 191 153 174 -134 6 -168 107 -98 -148 -71 -7 -18 
TEST 176 ARG:-2 237 84 -214 26 -155 -166 21 101 224 139 7 -195 204 91 126 -167 -158 131 -226 47 79 -108 -163 54 -91 8 64 -88 -249 154 -97 -24 -95 218 158 160 162 -176 76 -43 -236 14 -74 -225 -38 130 37 30 -187 111 -242 86 61 -180 83 180 215 51 -220 18 214 -80 92 -156 -127 71 -59 -60 13 -105 12 62 27 -23 40 -9 78 57 4 -47 -145 110 137 228 -199 179 222 20 -13 90 74 132 -101 -82 -169 -37 -120 -58 138 -92 -177 -188 -229 -113 -12 45 -235 182 185 -86 -39 -85 98 -135 22 -69 232 -228 -207 38 249 175 242 -234 -222 106 -179 -153 25 -35 32 153 -125 -143 -212 233 -30 -245 67 -146 109 -17 -90 -73 -186 41 80 -81 -205 231 -124 -54 -248 -62 -123 151 -100 -93 -216 127 -147 -110 -112 223 133 -96 -218 210 171 -198 -224 -150 -154 44 -79 -34 -15 177 -246 93 227 -65 248 -28 99 16 144 -138 23 -83 82 103 -178 -194 -181 -121 53 -217 11 -70 -215 -182 155 -29 235 172 17 5 247 -114 244 60 -196 -44 -27 -160 -75 196 116 9 -192 31 102 -230 219 66 -51 29 56 164 -42 108 -134 -7 -152 -45 68 -111 -71 -189 191 -171 -26 -239 -67 -66 -129 63 -61 -190 -162 -250 141 42 124 202 118 213 -128 169 77 238 70 -4 -55 194 -40 212 -139 -107 34 0 134 166 201 -185 -168 129 87 -173 159 234 -76 240 -36 -94 208 174 59 96 186 58 189 -22 6 149 -64 52 119 168 173 -20 -240 -210 -10 95 -141 150 3 -115 -33 -25 -78 197 48 -164 -209 -3 -142 -77 -49 105 157 -53 -174 167 -211 -144 243 -203 49 -109 33 203 -200 -170 -175 -132 122 69 230 -213 -184 -243 -63 120 226 -223 209 115 229 217 136 -11 220 -193 135 89 225 -119 152 142 -87 -221 -41 -5 198 145 176 -8 211 -133 -241 192 161 125 187 163 24 1 -52 -227 94 88 -197 -31 -165 207 -172 156 195 117 -201 140 206 -46 -204 -98 165 -159 170 -131 -148 114 10 113 85 -118 -106 -117 -14 -136 148 147 -89 -57 -140 -72 216 246 -99 -237 -202 -126 -137 193 73 -1 -116 -151 -232 100 -16 -18 -104 -122 -32 107 188 -206 46 28 -68 -149 -56 -231 245 -48 75 146 19 97 -233 -19 -183 35 128 178 181 -102 -84 121 55 36 183 50 123 2 -219 221 43 -21 15 199 81 236 184 65 -244 -6 104 -157 -130 -247 -50 -191 143 -103 239 -161 200 205 72 190 112 -208 -238 39 241 
TEST 177 ARG:8 -49 151 -102 55 102 145 -244 -58 33 225 -8 165 51 -209 166 128 -151 -157 -162 -123 -59 -174 232 -214 237 53 -27 238 244 -145 -25 174 152 -112 89 214 144 -37 28 247 -237 216 -22 -1 221 -107 -199 173 -169 -210 79 -220 -13 242 -239 -138 92 43 131 -109 124 83 -170 170 -99 -100 74 -212 134 81 -7 -227 158 -131 24 -200 25 18 31 207 157 12 70 -24 189 183 -77 46 107 78 -84 -94 -38 190 -124 -125 71 154 -158 -194 -246 47 181 80 161 56 -15 6 76 54 9 61 142 -121 63 88 -106 -168 97 -186 -6 218 -32 -62 -10 -148 169 193 159 90 -175 147 40 29 -40 -224 -20 -46 222 195 117 60 -221 126 -61 95 217 38 122 168 -72 206 -167 -88 -219 -179 -110 203 32 -129 68 64 100 160 36 -115 50 39 69 22 208 -232 121 -34 -56 -135 188 143 -156 123 -66 3 -189 231 75 -105 -42 245 48 176 194 164 -203 137 171 93 -45 -184 -141 146 49 -28 -191 153 103 -114 44 -53 96 197 -155 -122 201 -182 -23 133 84 -19 -188 243 -228 -104 205 -132 -71 -198 186 -217 196 58 -116 138 5 26 135 -90 213 -154 -87 13 20 52 -130 -193 -247 -69 172 177 -134 -229 209 215 241 198 -82 -197 -31 -226 -54 191 -11 -113 -127 -207 175 234 87 -213 -160 -233 -35 99 -178 37 -240 -231 230 -215 82 -18 -147 104 -60 141 -164 -243 -190 85 -2 -48 23 -142 -67 148 -236 -43 129 224 227 -117 -21 1 7 -3 -57 66 -97 -126 187 248 -235 -78 -80 106 180 -74 140 199 98 45 -93 -192 136 -55 -152 115 -206 155 94 15 -111 211 -128 -103 -143 86 178 125 14 -196 -173 162 -185 192 -120 109 -172 184 -108 -137 -83 42 -230 -144 179 -238 21 130 -39 -63 -180 -223 -150 -81 -89 -202 -30 -95 -218 -204 182 -183 -85 -242 -181 -4 -177 132 19 -101 -149 -140 156 114 -166 -245 -159 -133 -195 16 -50 -98 67 -201 65 210 77 127 -91 112 -44 110 -250 228 -75 -119 -17 105 219 -241 17 34 116 -211 249 -222 -208 229 -225 235 4 -68 -9 -33 101 -234 -165 57 185 120 -76 113 239 -136 -29 10 -205 -86 -118 -79 167 2 236 226 149 -163 -5 62 -139 -64 118 -248 73 220 -146 59 -47 212 -26 119 -176 240 -12 -14 91 -36 -161 163 -249 -171 108 -65 72 -41 -73 -153 -52 41 27 0 111 -16 246 11 -216 -96 -51 -187 202 -92 150 30 35 223 233 139 200 204 -70 
TEST 178 ARG:222 34 -145 -249 84 51 76 114 138 237 145 154 -196 -248 157 -74 -239 -93 -82 -11 -56 -28 183 -243 -53 64 -213 92 22 95 -122 227 211 -220 177 196 -123 -111 -84 -22 248 87 194 -216 134 -163 -219 1 -42 210 -227 97 71 -72 -4 -200 -170 243 166 -188 -14 19 -67 11 21 -68 -36 37 -164 -158 -146 127 -140 -101 226 186 198 136 14 73 221 189 -108 -90 178 -99 119 219 124 -92 162 -16 -124 -35 -138 -135 239 191 -169 244 54 -20 -177 104 -222 192 -241 16 -119 -235 55 208 63 -181 140 -91 -77 80 -106 151 110 -133 -174 66 82 -89 28 228 199 -190 -232 72 -191 155 207 -150 -25 -132 -225 233 205 -136 150 132 230 -143 -236 -179 235 -152 161 -30 -97 -141 4 -55 125 129 242 39 171 -156 -228 206 152 224 29 245 -172 -50 184 -153 -175 232 130 -144 -81 -2 123 -33 -183 156 -104 8 -148 -12 -45 -192 215 -128 -165 59 225 -237 6 40 -127 26 -223 -94 212 -32 -168 44 -173 9 -10 247 -98 -197 -208 203 -44 -112 -211 -139 53 -231 42 217 -142 -54 -238 70 220 -162 41 -217 74 24 -116 179 -250 31 -37 231 20 113 -76 -233 -130 249 109 -160 -109 -65 -96 -207 -19 12 200 -3 47 33 -161 35 46 -210 -59 131 -242 15 144 -13 -15 -134 -48 23 -8 -43 56 91 -221 77 89 86 32 -52 -204 193 116 -113 120 172 -180 -88 117 2 -245 133 0 -85 195 -75 -244 -189 169 -80 27 146 -79 -186 -201 148 -195 -83 167 159 -209 107 52 -218 7 -103 105 -137 -115 185 -17 43 -58 -51 -159 173 -105 -214 142 164 160 69 25 103 83 -107 175 -229 181 141 -151 -176 -49 246 -240 201 57 -95 65 188 5 -224 -39 234 61 137 -57 98 214 -182 -187 58 -61 -199 -129 -69 78 -184 111 68 -62 149 -102 62 -185 -212 45 -198 -147 -230 -71 121 218 -121 -125 81 93 -215 85 204 -70 -5 238 75 -38 -202 -194 48 30 -234 -166 17 112 174 143 202 241 36 -40 -9 101 99 -117 -23 190 -34 -41 -118 -73 3 -126 216 -7 165 -178 106 -60 213 180 223 13 -66 -203 88 -157 -1 -149 -154 176 158 -100 236 168 -171 -78 135 163 126 197 -18 -63 -226 108 10 -247 -46 187 -27 67 49 90 60 94 102 153 -205 -87 115 -131 50 182 -193 -31 -21 -206 -24 229 139 -6 209 118 96 100 -26 -110 -167 -47 -114 -155 147 128 -86 -64 18 79 -29 38 122 -246 -120 170 240 
TEST 179 ARG:247 118 112 13 -104 -245 74 100 -11 -166 130 3 47 -105 -19 156 233 -241 34 117 -229 12 -63 -131 98 -9 -130 -21 79 -44 241 178 245 -116 -5 -62 -92 44 -3 -177 114 53 144 -155 187 163 -125 -139 -184 -142 202 190 134 192 -158 -83 -99 183 167 242 -236 2 -90 -43 210 244 -74 -144 68 -6 149 -101 -39 150 -153 -53 -57 64 132 -168 82 -200 -86 -56 161 -88 143 41 105 109 139 189 -72 155 -106 197 -123 -224 218 236 -163 -122 -174 11 -225 -204 121 35 119 9 -16 216 243 215 239 123 -201 -40 -136 -134 71 38 -70 224 40 86 95 -45 103 232 29 229 -47 133 -111 -66 24 -17 -36 63 -147 217 -206 16 -8 36 21 223 140 -223 228 176 -179 59 147 6 -187 -33 18 158 211 207 -239 226 -7 179 172 -28 154 -189 124 -120 45 -15 -107 195 -178 -159 20 -150 116 -135 -235 70 -169 90 169 237 96 -185 -249 -61 97 128 -51 174 193 -199 -41 240 -149 -29 201 -240 -216 43 -196 153 62 164 138 184 -65 -132 0 175 30 -207 -121 -24 23 -173 -115 -175 -238 -233 -77 1 -138 -151 81 181 -18 -87 199 31 -219 -191 213 -188 -46 212 200 -59 93 -32 -210 -109 -27 186 8 49 51 231 17 -68 57 -154 -186 162 69 -102 209 25 -37 15 152 110 55 -12 208 -55 -220 66 -232 194 75 48 -1 126 -230 46 185 -54 87 4 -23 85 -13 28 -2 -38 80 -22 -161 -247 -157 84 -30 -126 60 -119 -79 -243 -67 246 -108 52 -128 39 32 145 135 248 -71 113 -165 78 -20 122 -137 37 -97 -171 -73 148 -208 83 222 91 196 -197 249 -94 -250 67 -113 131 -75 10 -85 101 -205 -218 -160 -217 -117 203 -167 111 180 -221 157 -58 173 99 92 -148 177 -146 221 227 115 -129 -10 -4 -84 -48 -237 108 -81 -96 -244 -242 -180 206 -133 -248 -124 -60 -234 -226 106 -91 -228 -100 -69 -246 73 -52 -89 -82 -198 204 22 50 -110 151 191 -222 230 -195 125 77 42 -49 7 198 225 -98 72 -203 -118 -211 -50 -78 -170 107 159 120 -215 -95 -112 127 -162 -192 166 219 -209 -76 -194 -31 188 205 102 -64 -202 54 -181 -176 182 94 -182 220 171 137 160 -213 -164 234 33 26 -212 61 -34 -231 -35 104 -141 214 238 -25 88 -193 -93 -14 -145 136 14 65 -80 89 27 -214 235 -26 141 -127 168 165 -103 -140 -156 -42 -183 19 142 56 170 -172 5 -190 -143 146 -152 76 129 -227 -114 58 
TEST 180 ARG:174 31 34 55 156 -80 244 -181 -54 203 36 -67 -136 134 125 -149 -55 37 -81 -105 74 166 -89 -217 -175 3 229 -116 -218 -8 -122 -33 -156 133 -153 -124 73 -163 -155 100 172 168 -169 147 -170 225 -186 217 185 7 230 -31 139 -236 -246 130 -173 -160 -232 -237 216 149 -108 -87 150 169 103 161 9 75 -76 -189 -19 186 115 -39 -103 -69 -21 -219 -134 226 -126 -201 190 46 192 -198 -20 214 -102 -130 -42 173 242 -111 183 -68 127 -150 178 -159 96 -220 -16 209 -118 -51 -132 -85 -83 206 -88 -41 45 19 -157 -43 84 -29 -216 205 116 120 -94 -53 -86 93 11 81 -221 -161 42 -110 162 -77 13 -70 -230 179 0 63 -204 -228 153 -147 -91 222 64 53 -215 -2 -44 88 23 -250 48 -142 35 -180 -56 233 198 118 114 177 165 160 195 14 10 -245 -12 -226 117 102 219 -84 108 83 188 101 -174 -37 -224 -199 51 157 79 -58 -48 184 89 -78 -60 90 -125 -227 142 -178 -182 176 -193 -172 241 -13 -128 -45 213 155 -47 -5 12 86 191 159 238 211 -113 197 110 -62 112 -223 6 199 8 -72 -32 -25 -30 -117 -203 234 54 95 -6 4 78 -233 52 -211 43 -166 -92 235 -129 -249 -106 -146 -57 122 158 2 141 49 227 60 -194 -179 -184 187 236 193 -162 50 202 21 109 135 -100 107 201 66 152 82 -196 -229 239 -127 -71 28 145 123 -239 18 17 -176 -4 -197 -121 -109 245 200 -168 70 -96 218 20 -59 -190 -141 -183 99 -154 207 26 94 171 221 56 148 -28 77 33 -97 105 -145 41 189 32 164 126 -11 59 -191 -202 129 -74 247 39 -24 25 -144 212 87 38 220 65 71 1 -98 -90 61 -22 -64 106 -192 163 196 -207 -133 113 -50 -242 175 -139 47 146 68 98 76 -27 -165 -46 72 231 180 194 -7 136 -205 182 -148 97 121 -241 92 -52 -238 -104 24 40 85 154 -137 -234 -112 140 -120 -231 138 -140 224 58 167 119 249 -212 -73 143 62 -36 204 -222 -185 -200 132 128 131 -244 -209 -49 -66 -79 -235 15 -177 -123 -247 232 -23 104 29 44 -75 80 111 -208 -34 -171 -143 -82 -40 -10 -14 -210 -213 -135 -214 -1 -151 91 -195 67 -3 -38 223 -65 -188 248 -35 -95 228 30 -114 137 208 -243 -93 69 -18 151 57 -138 -240 246 181 -61 -15 -158 -206 -9 -119 124 -107 -99 243 -131 -152 -248 -26 144 215 22 -63 237 -17 -115 -164 27 -101 210 240 16 170 -225 5 -167 -187 
TEST 181 ARG:143 -12 -61 -57 -19 -127 19 26 55 54 182 111 -72 166 220 -16 -59 148 -239 -34 28 2 210 -68 18 122 -51 212 -46 162 74 211 21 204 -126 -45 -145 40 -121 -3 188 -97 44 -47 -201 178 151 139 150 -131 -70 75 13 187 -157 215 -115 -222 231 -203 -140 -105 113 222 155 -156 31 159 -151 33 -175 68 -28 193 3 0 -220 -192 146 93 -161 94 22 137 225 -205 -44 101 -170 240 -76 -102 144 72 -218 38 117 -81 81 -53 -13 -30 -162 24 -43 52 134 177 -90 -42 145 -169 124 -225 116 -246 46 197 82 -113 130 126 -213 -18 -217 14 118 86 -15 -211 34 -188 -216 147 -96 141 -23 37 -241 160 20 -177 -99 73 61 -165 104 207 181 245 76 -138 -243 -228 -7 67 85 -80 79 95 41 -244 45 69 -40 -56 -212 -163 43 -35 -26 53 -71 191 -82 -75 -111 -171 179 175 49 -158 11 78 -104 214 -123 -134 -160 106 229 -83 164 -215 -36 32 -219 -229 -55 218 -9 -231 233 -5 131 36 -247 -178 -195 120 -207 216 114 -27 -84 -89 176 -22 132 -182 189 -33 -100 -172 -17 169 -117 219 -149 -237 -242 238 -150 56 -60 168 108 -118 83 35 -142 62 -187 -92 167 42 -2 121 87 109 205 172 1 107 -119 29 226 -14 96 186 -101 -189 105 -10 232 110 -91 70 201 -4 -208 -58 142 -109 -221 154 -107 48 -38 98 5 140 -236 195 198 -202 6 152 -191 119 -49 50 -198 -128 -238 -141 -144 -79 88 247 123 -226 183 77 217 242 127 135 -37 60 -11 59 133 -112 -95 -50 -32 -108 -186 90 -64 -193 -223 156 170 -62 180 -248 17 -74 -6 129 -154 -41 -73 -69 -143 -184 243 -93 248 57 -116 9 -206 97 -153 -155 -190 158 165 99 -183 196 51 -29 136 249 236 -235 192 206 -20 -167 185 173 -139 -133 -233 -39 112 161 12 -137 -194 -234 -132 -185 224 89 239 202 -54 -166 -249 174 234 209 228 25 -196 -87 -204 -122 -130 23 190 64 -25 -86 230 227 -94 102 -106 66 -85 -98 -197 -210 10 100 -147 -24 27 125 8 65 -214 63 80 194 -77 221 -181 -230 200 -103 -124 -1 -232 15 -21 -173 208 -110 -135 -180 -174 244 -200 -78 -52 -164 -152 -199 163 128 -224 103 -67 92 -31 203 -63 199 84 153 -159 -176 -250 -48 184 -129 47 -146 241 -179 213 -227 -114 -88 -148 138 -66 237 7 -8 115 16 91 157 58 223 -120 246 39 71 -240 -245 171 -168 -125 30 4 -65 -136 149 235 -209 
TEST 182 ARG:-245 -42 -113 -183 220 -47 116 179 141 -102 -40 -197 -239 -199 -23 193 -5 -92 71 -159 -52 80 -160 -65 -103 210 14 243 225 -99 27 -73 -71 121 4 -189 -218 -45 241 89 -80 -55 83 -117 218 -213 69 147 182 212 186 242 -181 -188 -18 123 -69 -147 -34 -114 120 -194 199 7 -77 67 152 175 -140 135 42 -198 166 -164 196 47 -32 -248 -132 65 15 222 137 178 -14 245 224 105 -20 78 -165 -219 19 74 234 29 129 1 112 221 -2 -215 -96 -135 -124 171 73 96 -182 -237 117 -62 165 -4 227 -195 82 233 187 167 238 -180 -152 -125 -243 -75 -66 -246 226 169 59 -154 -101 -123 107 41 205 -29 -15 -232 -83 -36 -13 180 148 2 -41 114 -16 -58 240 -116 97 -44 198 -211 -224 -50 145 -107 118 239 -120 91 36 -104 -43 -6 232 223 -110 127 163 -133 -38 -241 119 -146 6 34 -89 39 -167 -145 191 -247 103 -202 237 -91 172 10 154 51 -56 38 -230 -129 -78 -39 22 228 -53 92 -90 12 132 -171 -158 31 -234 64 -126 192 -130 -74 -24 -174 66 98 77 -233 99 9 72 -155 153 -163 35 -156 37 53 48 104 -192 -149 -94 202 57 43 -85 216 26 247 229 -201 209 -87 -49 181 -70 -59 49 125 11 -236 -212 52 -190 106 40 215 203 -121 142 88 102 -153 195 -11 -72 -179 -222 -128 -169 75 183 -139 156 -93 0 208 -173 -225 -106 248 70 189 -200 60 62 -157 -209 113 -138 -79 151 214 28 -33 -226 149 -9 -203 -28 217 -137 61 -187 140 13 236 160 -206 -244 -3 100 56 211 246 235 109 177 -7 -151 184 -196 -127 168 -81 -10 -235 -64 -240 143 -136 -238 18 -37 -115 -61 -134 -112 8 213 -161 -229 -186 159 -208 44 85 50 174 130 -250 55 25 -144 -162 249 -76 -67 -95 46 -25 -48 155 230 87 -172 54 -21 3 201 190 -175 -131 138 231 207 -193 139 -12 131 -17 -228 150 -166 170 -35 -51 -191 126 81 206 146 -60 -97 101 68 -168 23 111 93 -119 -88 200 -22 -68 197 76 194 -216 162 -30 176 -84 -178 115 -177 -204 128 -142 -108 32 95 16 -141 -143 -57 17 24 -46 -86 204 -184 20 124 -54 -26 -217 173 185 63 -242 161 -150 -100 108 219 -249 -122 -31 122 5 -207 -105 144 86 -82 -170 30 244 -109 21 188 136 -176 -231 157 110 -227 45 158 58 -214 33 -27 -220 -98 -1 -63 -8 -111 164 94 134 -185 133 -221 -19 -210 -148 -118 79 -205 84 -223 90 
TEST 183 ARG:-226 -222 106 57 -250 212 127 -41 204 -77 63 -46 -221 -227 -16 -34 -94 74 32 -102 125 158 -121 -195 1 -19 -150 145 182 15 -3 -131 159 238 -140 147 54 210 99 86 -37 224 18 -127 102 -231 58 -111 -35 -167 206 -189 -96 -1 -186 -133 -228 -148 48 -107 202 -137 -130 234 2 20 216 179 -129 -205 23 108 59 -215 203 -17 161 -122 -23 -198 128 -118 -95 34 -170 -243 -143 -142 109 -20 -191 90 -187 -203 30 219 -185 192 -48 124 189 247 -230 175 -112 37 -32 -120 181 47 -117 -156 -33 211 173 -89 -154 -209 -119 -9 -171 82 92 118 -178 75 154 138 200 -174 180 177 29 -213 167 160 184 135 -144 -113 174 69 240 -152 -60 197 -39 -10 -153 10 45 122 -237 -218 -188 -193 -158 149 -219 227 185 144 241 -135 208 -49 187 -207 199 65 242 148 67 176 -54 -212 -50 171 155 16 -82 52 -157 56 248 5 -179 -52 -70 230 -76 -159 14 -14 -69 79 190 235 -247 -124 68 -249 -166 244 -238 213 -147 -175 31 236 237 -180 226 -136 222 71 24 -84 -43 -5 157 113 -220 84 -4 12 -128 -8 -109 231 -248 -146 22 -13 -31 153 -211 -18 -161 245 8 -196 -86 -225 36 53 183 165 163 -98 51 -66 116 -83 -68 195 205 -181 -71 -56 -229 -165 -201 -240 0 42 162 136 43 -87 76 19 11 -21 -132 217 117 -190 39 223 41 -216 -149 -194 44 -103 232 103 166 95 -233 -59 -24 97 60 -173 207 -72 246 228 129 96 -27 85 -104 21 -74 130 132 -88 -192 221 -97 186 -6 178 225 -151 -176 -162 -208 -55 -78 249 191 -30 -183 151 201 121 198 100 215 78 -62 137 -40 -85 -182 80 -184 146 33 91 -116 83 -53 172 220 -79 13 168 -90 3 62 -199 169 101 131 -99 -242 87 98 -22 55 -145 -45 -12 -224 -155 -134 -91 110 -25 -114 -236 -177 7 25 17 49 61 218 196 -206 -210 -2 115 -244 -245 70 134 -241 -141 -57 -138 120 72 -26 -92 -223 89 -105 -38 -214 40 119 -101 126 -160 -108 -11 104 -28 -169 141 112 9 -232 152 114 -163 -64 -65 64 -93 -7 143 139 -123 164 -217 229 -73 105 81 -235 38 -202 -115 170 -139 243 214 26 35 66 -200 28 194 209 -110 94 50 -168 133 -51 111 -61 107 77 -204 193 -15 -164 -239 -63 -58 -172 46 -246 88 123 -36 -29 -67 -42 142 -81 140 -100 188 -125 -234 150 27 233 -75 156 -80 -197 -44 -106 4 6 73 -126 93 239 -47 
TEST 184 ARG:38 -148 165 218 241 -211 145 -192 -187 -213 15 28 217 114 -56 -247 -45 207 111 -165 151 -68 -98 35 -229 216 -79 -2 36 79 177 232 -142 -242 195 -110 -61 3 220 -104 -18 -76 -48 -239 -158 -19 -12 -105 13 31 -146 -199 139 -231 237 -190 130 -87 5 214 45 11 -177 -154 -114 181 -108 -16 47 -163 -35 -93 137 138 -133 72 134 -136 -225 25 198 -237 -207 -197 -217 68 14 -121 -86 52 193 -191 62 -14 -59 88 -137 -151 -103 95 -3 223 71 -51 -102 -29 96 -4 -149 -15 164 235 -182 19 -97 209 -179 171 230 147 236 188 39 -118 -40 204 -67 210 44 -219 -69 -95 63 -100 -84 -160 -143 184 -63 -52 46 94 -53 -186 -130 109 -198 242 82 -156 -178 18 -241 70 -34 -80 154 178 213 -7 1 224 -99 -124 -168 -83 -75 2 -71 249 -38 48 -88 -249 -152 -66 113 135 -42 -214 -140 192 32 55 86 -116 -185 42 -236 43 -112 107 -234 -224 103 78 -62 206 -167 -204 -189 -122 -250 -94 143 208 124 97 20 -30 -36 221 197 -222 0 16 -240 34 33 102 84 116 -89 233 -9 205 -126 89 -57 -145 118 247 12 -159 -96 59 126 -195 77 239 51 75 191 -64 -200 172 186 -201 76 128 144 108 222 161 49 176 196 -174 -218 132 240 -227 127 66 112 -139 -74 -46 211 -6 -1 -173 -25 -235 187 -196 -134 122 -238 -230 -212 50 -55 133 -44 -31 101 104 -41 -170 -181 162 -82 225 -107 -215 -180 -131 -147 129 -228 246 -223 -164 -155 60 166 7 245 40 -135 -20 -17 -78 244 119 150 -161 61 -33 157 41 -220 80 -26 4 93 -150 -92 -119 -10 174 231 -132 173 87 153 -153 -248 167 -216 248 110 29 -72 -85 199 -24 -226 -23 -28 238 37 26 175 228 -188 -101 27 234 229 -208 160 -13 215 -11 98 120 -120 123 -232 74 105 -233 115 180 -113 194 149 99 6 56 85 67 226 156 -37 185 146 81 141 106 -206 22 54 219 182 -194 58 -243 -245 202 -138 69 -21 121 170 168 -171 -47 -209 91 -58 23 169 24 -111 -54 -106 -70 148 152 -81 -221 -144 -244 -109 158 227 8 -203 21 -27 -169 190 -205 201 159 212 -123 73 155 -39 -162 243 92 -128 -91 163 57 -22 -77 117 -202 10 -65 -90 200 179 100 -176 -210 -175 -125 -8 64 136 -60 -193 -32 -43 -50 -141 -166 53 131 -5 -115 -127 17 -129 65 90 -184 9 -183 30 125 -73 140 -172 189 203 -157 83 183 -49 142 -117 -246 
TEST 185 ARG:49 206 116 3 -2 156 181 -181 42 -18 -16 239 -22 -100 225 -159 -114 31 -166 90 -32 100 -49 125 -217 -56 161 86 193 -9 0 112 -27 178 69 -51 -89 -158 30 59 218 -209 -205 123 -106 -215 -6 -224 -204 -127 -21 4 -91 -239 23 101 88 -28 57 150 -165 -98 -142 107 -164 147 -143 221 240 -144 55 -201 7 -216 48 -219 208 -249 77 -29 -3 -171 -229 158 -170 234 37 136 -82 -33 -109 -154 61 169 -59 -220 120 -87 -20 -185 -125 212 -44 -226 -118 -26 110 80 133 -54 -237 18 -30 -134 -83 60 36 22 -129 79 -236 -112 -47 137 -136 -113 -52 -186 29 52 108 140 -168 159 -242 -221 -157 -148 -153 -103 -46 15 -4 197 -197 71 167 -140 -213 249 -137 83 -172 -117 238 -124 127 189 -246 244 51 -139 119 -62 176 -225 10 -63 130 -111 -210 217 -206 33 155 -95 174 -25 -227 -203 194 9 -202 8 -31 -156 -163 248 -175 12 47 -110 -79 237 63 -173 19 -104 81 203 134 -1 -247 -116 82 65 -223 -64 186 111 200 199 -5 -67 -73 -147 78 45 -84 13 -132 160 -212 105 114 201 -61 215 -162 185 -243 91 -35 177 -193 135 89 -38 220 129 93 -13 43 26 106 224 157 76 -248 -14 -133 -190 -75 14 -37 227 17 183 -196 -141 34 132 -218 -10 -97 -214 72 -195 153 -107 35 171 99 73 -68 40 -180 -77 204 247 66 180 243 184 92 -232 -58 27 232 54 -238 144 74 -8 11 223 196 -19 96 149 -187 -228 -41 124 -85 -222 -244 138 -167 -81 25 192 -72 -36 58 -121 -184 -188 -194 102 152 146 202 195 -131 -50 121 188 115 -199 -176 231 164 172 165 141 -250 39 -160 -34 -120 32 214 -234 -105 142 233 205 191 38 75 166 -108 -123 -74 207 168 209 -150 -231 -208 2 -101 104 -45 -40 53 85 98 -200 -43 -245 1 -57 -15 -78 -69 67 21 56 245 198 228 -198 -145 -138 -151 -48 -11 179 -94 -177 163 -130 117 -71 128 28 241 -240 118 145 16 -7 -93 -155 -179 -207 -90 -189 -42 97 154 -66 87 -174 222 226 -24 6 230 219 -182 -86 -135 -55 -115 216 -233 68 -183 -149 -60 -17 -122 122 126 213 -70 -39 -88 162 187 190 148 95 -178 -96 5 182 62 175 -12 170 -76 151 24 235 113 229 143 -211 41 64 84 -230 46 211 103 131 -126 20 242 246 -191 44 109 -146 -99 -161 236 -23 210 173 94 -119 -192 -80 -169 -235 139 -65 -102 50 -92 -241 -53 70 -128 -152 
TEST 186 ARG:-17 16 -208 228 62 47 86 57 -235 -210 79 214 -121 -250 119 124 218 61 41 107 50 185 -20 59 -239 -229 -158 -36 -182 -62 39 -179 171 193 -50 -164 206 -37 197 -232 54 -119 -99 175 139 -134 249 -192 190 148 -14 -65 1 -114 239 -15 -73 111 -58 205 -148 98 12 -144 69 -241 203 -180 131 -32 -75 -81 -109 19 -163 -67 104 223 -165 231 238 -126 -123 33 -200 -44 164 -101 -234 -69 -227 22 -206 102 110 211 -46 -1 122 25 44 105 -149 9 40 154 -219 -68 48 -138 -207 213 70 109 113 -40 242 -84 -4 -55 -89 -45 -136 136 34 -47 133 179 -21 -131 -23 96 -237 -108 63 -105 -96 31 -34 112 73 -172 83 -120 121 -174 -59 217 -185 64 -103 159 -220 -166 77 -33 170 -191 -194 -226 18 -83 -87 74 -150 192 225 82 -111 -139 229 -30 -184 81 -60 176 66 -51 -133 130 56 155 -173 196 -29 202 227 224 -64 -218 -35 -86 80 -141 -66 -38 241 85 -171 222 -160 -153 230 75 118 -157 -118 -85 43 4 -112 -170 247 -228 240 -61 93 -212 132 137 -140 -5 245 221 -243 -78 -233 -159 -8 -53 -80 -190 -24 169 92 58 138 162 65 146 -57 23 13 -188 198 -202 -223 -76 -43 95 212 -98 120 115 129 -248 -246 226 166 -249 100 -151 161 -130 -176 -9 -48 -77 147 32 89 -189 189 243 219 36 -224 150 151 10 24 174 -156 -88 -128 78 99 117 -93 -94 -74 35 207 134 -6 -169 -199 156 -49 11 -222 -18 152 232 15 76 27 135 -221 -106 210 21 -135 94 -63 184 45 -181 -7 -186 -124 51 178 142 -168 233 -90 128 -216 -54 -71 87 215 141 -79 187 55 0 37 165 -154 42 26 -52 173 199 106 -197 126 144 28 -183 -214 114 -19 -147 -236 -13 -16 195 -162 88 -31 49 181 -152 53 177 125 -116 157 8 140 -41 -95 246 -82 46 -238 71 29 194 234 101 3 123 163 -209 -145 -107 -10 -72 -11 172 5 -244 201 -225 237 -240 14 -155 -215 -230 236 -115 191 -201 -28 -117 -146 91 52 -198 149 -129 -3 68 182 -193 158 -42 143 -132 153 244 72 -92 209 180 -56 127 -125 -245 -178 145 7 -104 67 17 -177 -143 84 -12 167 216 2 -231 97 -175 -195 108 20 168 -203 183 -110 -137 -22 116 -25 220 -2 -213 -70 103 -187 -127 -161 -205 -247 -91 -113 -196 30 235 -27 -204 60 -97 -100 90 186 38 -142 188 -102 204 -26 160 -122 -167 248 -211 208 -39 -217 -242 200 6 
TEST 187 ARG:-168 -173 -179 227 164 52 135 110 74 38 95 6 -202 131 -183 99 53 -192 2 -21 -199 187 199 -75 59 211 45 47 173 157 60 -147 240 -114 -234 -240 172 101 143 -38 234 -211 133 -101 -159 -4 11 -225 -243 142 -39 -245 160 65 -105 159 5 223 -88 163 -70 132 118 197 -45 124 -52 139 75 18 204 241 -167 -34 -174 116 136 -110 71 -249 -47 -154 171 61 55 -203 -217 -6 -149 -138 -201 -215 104 -69 -150 4 179 -23 -95 -92 -82 242 212 -235 -77 175 217 19 -181 213 -233 -97 -212 -175 201 -5 -208 243 -128 183 200 51 119 62 -160 67 -122 -121 111 -236 153 46 -56 83 222 -96 -93 -50 -37 10 113 -78 -190 129 -220 16 -15 43 -227 -14 141 209 -119 210 -107 -59 156 -76 -49 72 215 194 48 -169 -36 -124 -177 -206 -224 27 105 77 -18 -80 -29 -146 -102 85 195 -223 -218 -22 180 202 84 127 161 -115 205 37 1 117 -111 -57 -162 -43 -8 235 158 -41 -166 -200 -131 -231 186 100 -239 8 228 -27 34 -143 -46 -67 248 134 -194 144 -11 69 165 25 -164 102 169 168 -112 -127 167 -184 -84 30 218 188 -130 207 214 42 126 33 -191 -222 -176 -62 196 41 -135 -148 203 112 -64 -187 -63 239 20 50 93 36 22 154 -87 -144 -72 -60 -51 -3 146 236 39 57 -68 224 -210 31 -1 -228 15 -13 103 220 109 -161 -193 -248 -40 73 115 -79 -246 107 23 -17 245 -100 54 -117 130 3 -85 -103 114 90 0 -226 -137 162 177 -26 -42 -71 -142 237 -33 -185 92 150 -219 -163 185 -55 -204 -35 151 14 89 -129 178 -197 184 176 12 76 -28 -136 70 -86 122 -134 -98 -157 231 152 -133 -109 244 -237 82 189 58 147 198 190 -118 94 -65 -32 -189 -209 -213 106 -139 -152 26 208 9 -12 -94 17 -247 -221 -74 97 216 246 -58 191 -10 -153 128 86 7 -140 66 181 -244 -151 21 206 225 56 182 -172 -232 -171 -145 -180 192 -214 -9 -24 -123 63 35 -31 226 78 238 -242 -182 -48 219 -205 -126 49 249 -178 88 125 -89 40 -113 87 108 221 91 -90 120 81 -198 149 229 -30 -104 -238 -141 232 98 193 64 -108 -125 145 -16 -186 -155 -7 -195 137 -250 -230 -106 -229 -44 140 -207 13 68 -170 96 230 -53 -188 166 123 32 -81 -19 -91 28 -196 80 -20 -116 29 233 -2 79 -83 -61 -158 -216 174 -156 -73 -241 170 138 -25 -66 -132 24 -99 -120 247 -165 44 155 121 148 -54 
TEST 188 ARG:-173 54 -234 -189 108 91 189 239 -131 -200 -193 -220 -79 156 -167 249 176 235 -43 -140 245 6 175 57 18 -97 134 -94 137 140 93 119 -215 -23 -165 -115 -93 -38 186 86 -178 -225 -83 -53 -147 88 -112 127 163 21 60 -120 128 237 -107 192 -138 -206 178 -181 -51 219 -142 -54 45 -64 -86 -33 -162 -169 210 168 -210 -14 -76 27 -103 -7 227 33 132 126 -132 238 69 113 66 158 -226 223 -13 -222 -161 -4 -186 -124 8 106 213 105 41 129 236 217 -183 13 -192 -136 171 19 -25 85 159 -139 109 89 -108 -211 100 -197 194 131 -228 -250 5 -244 63 -9 -100 -113 247 -69 -27 10 -81 -22 -235 -212 241 120 -41 221 147 25 145 193 -80 160 -21 -15 148 -88 211 -150 -74 -180 172 -91 230 -105 -217 97 -231 -199 98 -3 12 72 -239 214 84 79 102 196 117 233 -143 4 226 -73 -221 216 199 -45 164 139 -44 -84 107 50 197 -249 111 83 -82 20 228 43 232 -184 174 -40 80 246 -2 -36 121 -187 -233 -195 142 -177 166 130 -95 99 -207 -158 -130 -11 -146 149 -133 -230 -248 38 116 -202 -219 -34 29 -145 76 -37 62 42 2 96 181 47 -10 70 82 -204 103 -128 -188 124 -236 -201 231 -127 -237 28 138 185 -55 -50 48 9 -87 16 14 1 125 242 -154 94 26 -241 162 195 222 -48 31 -174 -18 198 -227 118 -163 -35 -209 39 -159 -214 -205 -137 73 200 -75 215 61 136 146 -194 -223 7 212 115 123 -102 -60 75 22 187 90 -90 218 -123 -111 -65 -243 -66 101 -238 67 240 -246 -141 -72 -12 243 -118 179 -117 -245 244 -119 -110 151 -116 -98 -46 153 36 180 135 173 -101 -114 220 203 32 206 -218 -176 46 224 52 -151 35 202 51 92 110 71 -78 -71 190 165 74 -153 -57 154 -19 229 -58 -135 133 -104 -26 -175 -149 -134 -166 -92 201 64 -208 208 184 -191 -179 -168 -196 95 -157 -31 169 207 37 30 177 -216 81 161 -62 -24 56 -96 143 141 -99 -185 -109 225 87 188 -29 182 -85 -156 -67 -52 -39 -89 -49 -126 -171 -77 58 -8 -203 191 53 167 -172 104 150 -122 112 11 -63 49 -28 152 -160 68 234 183 -229 -32 24 -224 17 -232 59 -155 -5 40 209 155 77 55 65 -213 44 122 -170 -152 -30 -148 -190 144 0 23 -56 -240 248 -164 -121 170 -242 -61 -247 -47 78 -68 -106 15 -1 -182 114 -70 157 -17 -125 -16 34 -20 -198 -42 -59 3 205 -6 -129 204 -144 
TEST 189 ARG:-142 -10 198 -248 30 14 4 117 190 -198 -130 -31 104 153 -101 -225 92 127 -138 74 -2 235 -90 109 -52 -205 108 142 -42 85 -47 -242 -3 71 211 112 162 -19 184 207 -66 172 180 24 -68 -136 88 86 -56 16 -14 -49 -78 79 216 185 19 -107 213 224 -194 -37 194 -152 -121 225 89 -73 6 249 -167 -82 -196 243 -180 -1 181 -28 48 226 -111 70 25 -133 7 -234 175 -18 -15 -212 222 125 -127 -102 171 228 -154 -98 128 -79 -132 57 241 197 -4 122 -96 93 87 141 -208 113 61 64 -8 -40 -162 18 221 50 103 151 -65 -150 -20 9 206 245 239 -13 42 119 -87 -192 -113 182 -185 247 138 -134 -241 -238 55 173 43 -228 90 168 -24 -54 -59 -223 98 67 105 -115 123 -165 26 -116 -206 -190 195 -240 -100 130 237 -145 -236 -21 156 22 161 -32 -22 96 -5 -131 -112 219 137 192 -72 139 163 -156 205 -232 -89 220 129 20 148 -26 -233 -126 -243 -105 -197 -221 -193 -204 12 196 2 -16 52 51 13 -203 -117 -84 199 155 58 135 -140 -6 170 -172 -202 232 -176 -229 -177 177 -109 -188 -246 -211 -149 75 32 179 23 102 -174 -166 -106 -25 -214 -30 -75 -199 191 65 56 244 53 -119 -34 189 -244 -61 -168 -216 149 246 -11 -163 66 -120 -80 -86 -217 39 124 -155 217 121 -207 -69 -64 -249 44 34 -146 -153 -231 116 59 -220 29 99 -104 -60 101 -48 -108 158 169 94 167 -147 233 178 -222 -200 -118 -29 136 114 -63 -97 236 -27 15 -219 -170 95 209 -7 -71 218 -247 -33 164 -173 126 78 -144 -128 -43 201 -57 -171 146 -23 223 11 -45 40 -36 8 -110 -186 -83 47 38 46 150 200 -51 -99 -161 37 -12 -224 157 -182 -235 -141 -77 -103 63 -50 -187 212 -169 5 160 110 202 -213 -38 147 118 -245 186 193 -94 -184 -114 84 -44 -237 62 -157 81 -88 -201 -148 133 152 -46 -250 -209 -81 80 187 -227 -74 -58 17 159 -159 -95 -17 230 240 -183 76 -137 -160 -226 188 166 -92 54 183 -35 143 -123 215 -215 49 -129 176 82 -151 229 -175 3 36 27 115 100 234 -55 231 -143 35 174 -70 73 28 -125 31 -139 140 77 -67 144 154 -164 33 -124 -91 10 165 -93 -191 97 -39 -230 72 -41 -218 134 248 111 145 131 107 91 208 -53 214 238 60 83 106 68 -189 -195 -239 242 -85 69 41 -76 -178 -122 -135 -179 45 -158 210 -9 21 120 204 -210 203 -181 132 -62 227 0 1 
TEST 190 ARG:-108 -156 170 -133 158 -203 -150 -177 -184 106 113 -122 249 78 -47 45 -185 93 67 -84 86 -120 38 99 186 -187 73 85 98 20 -145 231 41 -13 -58 163 -176 -125 46 -183 -189 -30 -241 126 185 68 4 -238 -140 -99 110 -81 -55 -127 -39 -164 -126 189 -116 -229 -247 -155 -69 -157 -190 19 -104 -51 -26 -36 -21 221 -195 247 57 11 25 201 -154 -79 -152 89 178 146 -161 -57 214 -1 -204 101 -118 -109 -70 -131 -83 108 -224 142 -10 159 0 6 204 127 35 -215 56 31 196 -250 131 193 187 -218 182 96 88 -148 -62 129 -42 103 -198 -210 -240 64 3 -105 62 -82 69 -28 220 70 125 27 -20 100 -110 -209 190 -48 34 -248 188 -139 132 -75 -239 195 -233 117 114 -86 81 48 -236 222 -141 24 243 55 -142 76 128 199 17 160 9 107 140 -12 -212 203 52 -208 205 248 -244 -216 79 -7 8 14 80 139 -44 -54 -5 -9 74 -113 -225 -162 47 115 -16 -115 -72 -167 -146 -34 232 -100 -226 -89 209 15 -33 208 157 22 194 215 144 -134 184 -103 42 -76 -66 77 -207 -231 -200 223 119 -32 -45 13 -52 183 10 39 236 1 21 -73 224 -153 -119 -170 37 154 245 61 -60 2 148 -95 -221 210 60 -172 -77 124 84 71 216 -129 -97 179 -3 50 -130 130 -6 -90 116 -223 152 49 -132 -31 192 -214 143 191 225 211 219 -11 228 28 91 -174 -65 102 -173 -112 238 121 -18 122 -186 -128 -111 112 -56 105 -102 -74 -217 169 -201 -38 151 -88 92 -169 197 29 -35 -220 133 -227 -64 -106 -37 177 -151 32 -235 -199 -168 235 -136 153 171 -41 104 65 -242 -137 44 43 167 -25 -80 -8 54 -171 137 -197 30 -230 217 244 -149 -43 -17 -192 175 -163 150 -219 109 241 75 237 173 -158 233 95 -165 5 -234 -202 242 -159 -143 -22 -191 18 -135 230 -194 -166 141 147 51 -179 161 26 -87 -124 198 90 -178 181 -160 40 162 -175 97 135 -24 -138 -196 53 -98 226 240 -93 -71 234 72 111 -249 246 200 -147 23 -96 -46 -243 12 -92 136 207 -4 118 59 -144 -182 87 66 -68 -29 83 -85 -213 -123 180 -14 202 -114 120 -94 -61 134 164 58 -23 -63 -27 -245 149 176 -181 156 -188 -211 155 174 123 -78 168 16 -237 213 7 166 229 145 -53 -121 -205 -222 212 33 -19 -206 82 -180 138 -246 206 -101 227 63 -91 -50 -117 165 -107 -193 -59 218 -49 -40 -228 -2 94 -232 36 172 -15 239 -67 
TEST 191 ARG:-78 -35 163 121 -85 112 199 34 61 -88 204 -219 77 248 -65 74 126 -159 -209 242 -233 -124 173 38 -86 -182 -118 4 8 62 -165 185 207 -176 -130 -184 -145 51 176 45 21 83 9 59 241 -19 145 -6 182 -34 -205 -226 35 -64 -156 -21 -196 -36 -115 -119 104 -120 -61 -168 195 -187 226 -250 -50 -129 -104 57 237 134 -90 -155 -67 132 170 78 203 189 47 -58 -101 -186 -222 -30 -72 52 -181 -180 -55 225 -82 -95 -149 79 97 -97 2 -247 -102 -170 -73 -208 120 81 194 108 107 147 -18 -138 245 -142 -246 196 209 148 29 162 -177 -140 -44 205 161 84 -28 -179 -79 -128 -74 -193 -231 191 227 243 19 -199 33 16 188 -131 -245 122 124 -15 -48 -121 -70 87 235 165 -69 -212 210 -137 37 110 -216 224 129 22 -33 -107 116 -161 234 100 -110 -71 -41 43 158 -183 -87 141 25 -5 -206 105 12 175 153 94 -32 -220 58 -132 -111 102 136 -25 -126 36 -24 192 11 55 -91 -169 -66 174 160 -202 151 -105 76 239 212 70 -81 111 17 88 -189 146 -201 -23 201 -84 39 -185 -17 236 190 233 14 54 133 -134 7 -54 -133 197 85 -229 -93 -164 -248 222 223 -4 -37 -3 -147 65 -14 49 -80 27 53 166 -197 -166 240 167 -141 -163 89 115 13 218 66 -26 -52 -218 -234 41 -39 -153 50 -9 138 -16 101 -106 179 92 198 184 56 23 152 -83 211 -152 -109 -135 109 169 -158 -237 44 -92 164 183 67 -207 -224 60 82 -139 -99 -217 -191 -96 -76 73 127 131 247 72 -31 -13 193 157 1 -225 -108 117 -77 -11 206 -29 -214 20 -178 155 181 -98 69 68 -89 -57 213 -213 6 -198 -190 30 15 91 150 -53 -223 -51 96 28 220 80 142 143 -40 -173 -127 90 -60 187 -244 232 63 244 -171 -136 168 172 208 -62 -174 -100 123 -94 -151 -42 -56 -238 249 98 31 -75 128 -154 -204 -68 -221 -7 125 -240 -116 159 -215 178 93 -112 186 171 -12 95 217 177 -20 -203 149 26 -150 103 75 -211 -167 -10 -125 230 -175 -194 -162 -63 113 -157 -192 -200 -236 144 -8 -228 -243 -123 -122 -160 -59 221 180 156 154 140 -230 118 114 71 -103 202 -2 42 246 64 46 -113 200 -241 5 135 -143 -117 -227 -47 48 99 -46 -144 -43 -242 228 -148 40 18 -45 130 3 -22 -172 -239 -210 214 -27 139 137 215 238 216 32 -146 106 219 0 -38 119 -49 -249 86 -1 -235 -232 24 10 -195 -114 -188 229 231 
TEST 192 ARG:-125 23 -43 -5 -112 -231 220 155 89 128 -139 -160 151 -63 -222 -155 10 -24 -53 224 -136 138 94 25 200 64 236 218 -246 -152 67 -141 -16 -49 4 56 5 -153 192 -21 -84 34 75 -25 -197 33 -233 196 -71 -67 195 62 132 -36 -52 -100 49 240 -39 136 180 -99 -40 39 -149 -97 -202 -114 47 127 -4 -2 -207 -111 229 104 27 109 -90 -212 -243 232 52 -241 -74 -144 -8 233 22 159 202 -175 114 -9 -66 168 -134 225 -126 -128 197 183 -217 216 178 53 144 -185 210 -121 -148 18 149 -56 -22 -164 133 150 -223 -194 -78 222 103 -101 -219 92 -170 -108 -201 176 0 -221 -213 -129 -11 65 54 -239 -42 187 59 -130 217 -80 121 118 177 111 137 -232 -1 60 -15 101 84 -143 -116 -83 -118 45 -54 205 167 179 -70 73 201 -190 161 219 78 -211 212 214 -124 -115 96 -47 173 -173 -229 123 -146 174 -198 83 -59 36 -69 -89 38 124 -210 -156 -122 -208 -107 227 -102 100 -6 105 -61 139 -113 -230 -123 145 -215 -168 -203 135 190 93 -20 -10 -35 130 -28 194 -225 -30 243 -131 -250 -205 148 238 29 -162 40 143 -85 -94 231 221 43 228 -214 -171 157 -151 208 12 -76 211 241 107 198 7 -19 -206 90 -48 87 41 165 -174 37 -227 230 125 -86 153 -157 191 -193 13 57 -237 -95 -38 11 215 -7 226 126 117 42 21 26 74 -226 85 35 51 106 207 -57 -209 213 -200 55 -14 8 -41 129 -161 249 -91 204 -58 186 -142 -29 154 163 98 -119 63 -167 120 -192 -242 152 -191 203 244 -51 -186 -154 -135 69 -33 68 -23 -3 122 184 58 116 48 -87 -218 -180 -18 206 6 234 171 119 31 99 -179 147 223 -248 -133 162 -64 -50 -172 -199 -224 -120 32 28 -145 91 -127 -68 15 76 -235 88 170 97 164 131 193 -187 188 -158 -184 185 3 -109 61 -96 -196 141 -31 82 -165 181 -169 -88 146 247 -65 -73 160 -32 -244 -245 246 172 112 9 -37 -45 115 102 -104 -188 -17 -13 -159 -103 -106 235 108 -27 -117 -138 -92 -12 95 66 158 50 86 -177 140 -216 -240 -181 -150 70 71 -238 -81 -137 -140 79 -247 -62 110 81 14 -178 239 -220 -204 72 16 30 -60 182 113 199 -236 209 -189 134 2 -77 -147 -228 -75 20 19 -79 -234 175 -163 -55 -34 -105 44 -110 -98 17 -46 1 -132 169 156 -195 242 46 77 -44 -93 -176 -183 -166 -249 80 248 -182 -26 166 24 245 -82 189 -72 142 237 
TEST 193 ARG:47 76 -238 95 109 70 247 224 3 73 97 153 -188 88 -48 29 -228 -87 229 161 244 -17 -69 -100 45 -247 -221 -24 -199 213 115 -47 237 49 66 -205 -159 -161 -18 202 68 -246 -68 42 94 -136 36 102 185 34 79 -145 -219 -85 192 -70 210 -217 -184 -55 -75 55 150 62 -138 148 176 -16 72 162 236 197 -200 43 1 144 214 220 -30 167 147 24 135 -132 92 231 11 -57 46 -103 139 10 -174 248 143 -115 16 -173 -230 179 -179 69 93 208 -99 -49 177 199 -178 20 -110 -166 -141 164 -35 37 104 -51 171 -52 132 -46 -78 -223 50 41 -185 56 22 -77 -216 249 151 -98 -186 -112 -117 -6 -93 172 -74 -164 -183 44 234 -23 -62 -235 217 116 -137 -63 124 -149 -158 186 26 128 118 -187 -80 -168 -116 84 146 158 63 64 -61 -245 194 35 -33 -31 -129 -163 17 -155 77 14 -165 123 -83 -50 -237 155 -171 -25 -212 215 -206 9 -239 15 -203 -204 -14 160 -67 30 -197 239 -37 60 -226 -91 -7 203 48 193 -12 188 149 99 -60 242 75 52 -79 -241 -119 145 240 191 226 113 2 81 200 205 169 -225 -125 -2 219 -95 -189 117 87 -36 166 175 40 54 -142 129 209 71 18 -143 127 -231 103 141 -94 189 238 230 5 86 182 157 19 243 184 -39 -160 -41 -128 201 -152 228 -134 218 187 -229 -127 110 -135 53 206 21 38 -192 -202 222 85 -82 -105 -38 -26 8 -182 -76 -5 -215 225 -84 195 80 -107 -15 133 -214 235 27 -213 32 114 13 211 -65 152 -167 -13 -19 -191 -196 -133 -118 -89 181 190 -208 -222 111 -190 -111 -249 -139 159 -242 154 100 28 126 -172 -140 165 25 -109 -92 -21 136 131 0 -88 39 -1 -153 65 -58 12 -20 170 23 212 89 -131 -8 51 -53 207 -157 227 98 121 -224 134 233 -227 232 -169 -4 216 -72 -201 223 178 130 -101 -102 168 74 -220 -10 -59 -194 -40 -126 -175 -106 246 -233 -162 101 58 -180 -11 -42 173 -113 125 105 -104 83 -248 -146 -108 -198 -181 119 82 221 -9 -32 -232 -114 61 -244 -176 -71 142 -45 -97 -156 -44 108 198 -207 31 120 78 -144 -121 7 245 156 -81 -64 -29 -124 -86 67 112 59 -193 -218 241 -236 163 -195 174 -123 -56 140 90 -122 107 -22 -66 -209 -54 -43 -211 -120 -147 -34 -234 -150 137 138 57 4 204 -243 196 -73 -148 -96 6 -28 -90 -27 106 183 122 -154 180 -3 33 -177 -170 91 -250 -151 -130 -210 96 -240 
TEST 194 ARG:-28 -92 230 188 -176 -75 108 102 172 -5 247 140 179 237 -17 -188 40 -108 -163 65 173 -39 68 -166 85 -145 -59 90 99 227 123 224 -109 -46 154 -194 -229 138 197 -181 207 115 -134 114 219 220 -57 -244 -107 -53 206 -11 94 222 192 -98 130 75 -131 95 -4 249 -172 45 -217 71 107 -63 -160 -199 -153 16 241 -86 238 -55 8 -193 246 54 -177 105 93 -73 213 -171 125 -16 -189 -170 84 47 -13 64 39 242 -239 -51 43 -77 -241 81 136 6 74 144 225 -97 -103 -49 -152 -141 -222 -111 91 160 248 13 73 -36 80 -80 -208 -61 -94 132 -122 -221 165 -234 -185 240 137 131 -44 170 212 98 -148 97 -48 -215 -247 182 1 -144 -85 -31 -205 -33 174 -116 77 -237 -202 -149 151 178 -204 2 -70 -190 162 159 86 28 38 -169 -233 -43 63 -8 103 25 92 -118 72 189 66 -14 -125 187 9 -3 41 61 215 5 33 29 -174 176 221 -236 70 -64 -137 -238 27 -129 141 -102 181 59 56 204 55 226 208 -100 166 -119 -20 243 18 51 -230 167 199 -32 0 50 17 31 -90 -96 139 7 201 76 -93 158 79 229 194 -117 161 -135 129 -142 -155 -6 -45 30 62 -178 20 149 -210 -22 -165 -68 -112 -211 24 184 -66 117 -220 153 -72 -23 -161 -12 -197 -248 -113 195 11 -187 -79 -191 -120 133 196 82 -212 124 -105 -168 111 -52 101 193 67 185 -41 -71 -127 223 122 231 15 120 -186 233 89 112 104 -54 -47 -227 -162 -74 -99 235 -19 146 175 171 135 58 234 -69 -104 217 -67 110 -2 -195 -213 -154 23 -110 245 198 -200 -42 -164 -132 228 -91 -121 83 -216 -101 -223 -35 -124 142 -232 -226 210 191 -89 -21 -37 26 -156 143 -115 -182 155 78 148 -88 168 19 232 183 -87 -18 -84 218 60 -82 -225 -231 177 -159 214 163 -179 127 -65 44 -209 32 -143 53 87 48 -136 244 -157 157 -76 42 10 -50 -1 202 109 -29 -25 12 116 -62 -192 -128 -207 -203 -58 106 -78 190 100 200 180 -158 46 -167 14 -34 -242 -24 -183 205 -95 -15 -106 -81 -218 126 3 -139 -206 152 -56 -224 147 35 164 37 -240 216 -246 -133 -60 -7 96 121 21 -38 156 118 -250 -184 57 -30 145 -146 34 203 134 52 -175 -198 -235 -201 -123 -150 -114 -196 169 209 -40 -219 -26 186 36 -10 -130 128 4 -228 88 -173 -245 119 49 -83 -180 -151 -214 -27 236 -9 239 -249 211 -138 -126 -147 -140 150 69 113 22 -243 
TEST 195 ARG:152 -63 -213 -38 231 -216 -142 190 -5 220 -25 -190 -149 -233 62 211 -135 -92 30 -229 -191 -232 140 66 156 -104 -148 91 132 -196 -184 -215 -44 230 -69 -199 65 146 -248 105 -117 -244 180 -9 -127 39 115 73 -160 226 178 -90 94 -208 -20 130 -31 -197 113 -194 99 179 59 -56 -204 -89 -81 -58 -231 -109 -225 216 -143 168 98 205 53 238 165 189 192 81 -93 164 141 138 120 197 -26 -80 -120 -169 237 177 232 -107 -128 109 -224 89 198 126 -227 49 203 80 223 74 24 -82 -159 -28 -67 -171 107 -223 212 10 -146 -245 22 1 233 -218 236 -14 -247 -68 -71 -73 -7 -188 196 228 -161 -180 -35 208 82 162 -70 213 -207 79 -33 12 -116 201 -61 -139 -119 222 -96 26 124 246 11 -3 -2 6 92 134 136 -95 204 21 25 -168 -183 -99 28 -45 123 -226 -30 76 90 -153 154 55 57 -130 -220 -228 -100 210 95 -205 -39 245 75 -21 64 199 248 63 46 -64 36 143 235 221 240 191 -144 -174 -76 -138 122 -10 -52 2 -57 33 -53 153 -236 93 -202 -77 -182 61 160 0 128 121 -27 -105 -41 214 -98 159 -49 -102 69 71 52 15 101 -40 -185 -172 -186 -175 3 -163 -164 -23 -150 83 -13 193 239 -192 -15 -55 209 202 -187 166 -122 -88 -179 127 181 -177 23 148 -118 -42 -24 149 5 42 163 16 119 -147 171 112 -152 218 194 -136 142 184 4 -8 -101 217 -51 110 -48 -234 -47 -126 -75 175 -170 -211 229 -242 -214 -114 -237 -125 40 241 174 108 225 100 -201 215 -173 -94 -222 -1 157 17 161 -110 -246 68 -209 97 -221 -112 37 -79 -65 155 244 -59 38 32 -121 -66 -157 -239 114 -200 144 -230 185 219 -158 106 -17 183 129 -219 -156 -243 -210 -165 -195 234 -132 -193 135 -85 176 182 188 -145 150 247 -115 -83 -86 158 200 186 31 -249 125 -6 34 139 167 77 -62 -189 -72 206 145 85 -87 88 67 -217 -212 -43 -238 51 249 104 -34 29 -103 18 -151 133 -37 224 47 -113 8 72 -108 227 -54 -84 147 -18 -240 195 19 58 -11 -29 -106 -134 96 86 -91 -167 -111 111 44 -181 -124 -131 -129 87 131 243 102 45 173 54 172 -178 -162 -141 -166 -137 118 -250 -50 -4 -60 84 169 170 -74 242 20 -16 56 27 -32 -176 -206 14 35 -241 103 78 48 7 -78 41 -203 50 43 -123 -155 207 137 -235 -198 60 -19 13 70 -133 -36 -46 187 -12 -154 117 9 -97 -140 -22 151 116 
TEST 196 ARG:208 -170 -39 -5 153 -215 -70 7 -21 -31 249 -159 -224 -148 -242 206 94 112 6 -97 75 77 58 133 -146 203 -236 101 148 -57 29 102 -208 -94 -250 -247 -100 93 80 -114 -71 236 97 -234 95 142 221 199 242 24 9 -1 158 -95 79 -197 -205 192 137 -239 239 180 41 -176 -233 -35 175 -11 -207 -248 115 222 -200 -228 1 -131 -209 17 -38 59 -210 -202 -111 218 30 -45 173 51 238 155 248 -132 -25 78 143 130 -109 -249 152 -67 -50 21 -121 181 -138 88 65 -140 96 63 207 247 -183 70 -198 84 16 170 157 -179 -33 -158 -231 234 47 -24 164 183 169 -3 -129 -216 -4 -184 -99 -78 57 91 -41 176 129 227 35 -189 134 69 -178 -219 -237 -243 -96 215 122 -142 -58 -79 116 132 25 -102 198 -223 -203 -211 -113 45 110 -192 -144 229 103 -9 15 -204 241 -68 11 31 0 22 -90 10 119 8 -72 -65 243 107 235 -105 -46 -220 -42 149 -43 159 -12 -75 113 3 33 12 -240 -18 54 -162 -17 26 -40 232 -59 111 193 168 114 -112 166 228 -23 -63 -49 62 -235 226 85 -85 -155 178 108 -61 171 -230 28 -150 120 -115 -201 -22 -48 -15 -77 161 -88 -86 -56 -13 -194 -188 -20 -167 13 -74 -217 204 68 -245 135 233 -32 -93 -54 104 -7 213 -29 55 163 -156 -187 179 -91 -47 165 -26 -160 195 87 136 -53 -181 105 19 100 -213 -226 190 92 -128 196 216 -221 224 -164 -125 -87 244 -227 -214 49 -196 -212 156 225 38 32 -69 -73 140 -172 -199 231 245 -232 145 -92 81 43 223 39 73 -83 -149 214 -107 -62 172 147 -137 67 182 34 127 -108 -186 82 -98 61 -27 177 162 64 -124 -244 220 -165 -80 -225 18 -185 200 -177 86 -173 -171 36 -166 -193 144 52 186 2 -134 20 -34 -147 -206 -241 48 217 121 -143 -81 98 4 -118 -135 66 37 219 71 -119 -122 -145 -51 202 160 191 56 72 -55 205 46 201 240 -229 -44 23 40 -76 -104 -28 -82 189 185 -154 197 -152 -14 83 50 109 -169 -19 -103 89 138 209 139 -8 -151 126 -161 -133 128 -37 -117 117 141 246 146 -218 -120 167 -2 -168 123 211 131 -130 -16 237 -136 174 -64 -84 -174 -66 151 -157 -238 -126 154 -89 212 -182 60 53 -163 -110 -6 184 -36 -153 44 125 187 -190 124 -101 27 14 -116 -106 194 -195 99 -180 -139 210 -175 106 -60 -127 -123 5 -141 -30 -191 230 118 -10 -52 -222 -246 90 150 42 76 74 188 
TEST 197 ARG:90 67 -135 -118 -66 208 7 -193 133 -42 52 -32 -117 172 -89 123 13 -164 157 18 -50 153 99 19 86 61 152 -128 -197 231 43 143 -79 62 64 -151 -70 196 -144 206 -154 -47 -67 -178 -21 60 169 179 203 -171 -204 -24 -142 -123 210 -186 -211 -34 229 120 -233 -84 -55 -159 20 144 -8 -149 -241 28 209 58 -157 -131 -180 1 236 34 -245 -239 -61 -4 160 -130 92 -14 -59 217 159 29 89 -71 114 -75 81 94 226 130 -51 -87 -249 -108 178 156 147 98 241 202 95 -232 -236 204 41 -49 167 -114 200 59 -188 -124 82 -213 -105 -158 -173 -156 218 -129 108 -200 36 213 22 148 -223 -196 -40 -2 194 8 -18 91 31 141 -76 168 80 -174 -244 -212 162 0 -93 -88 25 132 245 150 -161 35 191 39 -242 -41 -224 -195 73 -99 -97 -115 -240 187 180 -107 15 -168 76 247 -45 199 -7 12 124 -184 -111 -230 -175 224 65 119 -216 125 -221 102 70 -163 -19 -103 249 57 -225 -94 -198 10 161 55 182 185 -104 -26 16 186 -62 173 -27 177 -140 228 23 -172 -208 214 -22 54 104 -152 -72 88 -199 75 121 -153 -110 -25 140 106 -33 -113 3 -11 -92 190 -201 50 -138 220 -98 107 -218 -119 -44 32 -160 2 -82 -116 139 77 128 -1 48 -30 184 40 78 79 -237 -147 85 225 -219 -133 216 207 -10 -148 219 96 158 100 -81 246 83 -64 116 -143 46 -126 -217 -95 189 126 -127 211 9 4 244 -57 -90 -243 -63 -68 127 238 239 117 56 -192 -132 -91 -209 -78 135 215 63 -155 -12 129 163 -177 -226 -187 14 -141 240 183 -162 -102 71 -214 233 -37 -39 113 101 -194 -122 -169 17 138 27 -48 -185 87 -6 -31 -206 68 -43 -36 176 -136 111 26 230 -146 -85 142 -247 109 145 -106 -182 -101 232 -65 146 -145 -134 165 115 -234 -137 51 11 -238 6 -17 42 154 -190 -176 235 -121 38 149 198 -210 5 -112 166 242 97 21 -100 -181 122 136 -166 -215 171 69 -28 223 192 -202 -125 197 -220 -74 -205 -83 -5 112 181 -96 -228 188 -189 234 -227 -109 105 -58 -179 24 164 -16 174 -73 -222 -120 205 243 212 227 110 -13 66 -38 -170 45 30 44 175 -9 118 -29 74 195 155 -77 -150 222 103 237 221 -80 -229 -203 -69 -53 170 -207 72 -231 134 -60 37 -15 93 137 33 -183 -165 -250 49 131 -20 -35 193 201 -3 -23 -46 -86 -246 -139 -167 -56 47 -248 -52 -235 53 -191 151 -54 84 248 
TEST 198 ARG:196 -96 -199 -42 -237 89 -215 -169 -5 236 -140 1 -248 -117 9 231 -232 -208 -136 179 -192 -69 52 -201 -193 -57 -114 166 -41 191 243 -80 82 143 -239 -86 105 7 154 57 75 -200 -121 -198 -178 -105 -125 100 -207 197 -107 -204 150 11 -130 183 -174 101 -31 -153 -128 -83 -118 14 -24 3 -168 164 36 134 204 117 -172 61 113 227 -176 -27 5 235 168 -146 97 -35 40 16 -36 77 -131 241 -39 93 188 -56 130 158 -181 141 -205 129 -170 -126 120 -233 -108 189 -63 148 -111 222 -191 240 -182 91 -244 -7 17 239 -223 132 233 -180 -79 -243 149 226 34 -94 195 156 -211 -132 -242 -50 -231 -25 73 -98 165 207 210 -120 -1 216 -47 103 -92 133 139 205 -64 -163 30 -72 56 -190 172 -228 247 -235 174 -160 136 84 163 -142 116 -78 -220 159 -224 -74 -166 -46 -71 -184 169 -75 -250 131 128 -11 -17 65 -21 -234 54 -99 -147 213 237 46 48 -152 -19 -156 180 42 -221 -104 232 71 246 70 -197 -10 124 -187 28 12 145 186 223 234 60 44 -110 -188 6 4 24 -59 -179 249 -161 85 -209 201 -38 47 -48 90 245 63 13 58 -149 -148 225 80 31 200 67 -159 -213 220 -87 238 -171 59 -165 -113 21 -134 -138 -55 -90 135 138 49 -54 -77 -29 -238 106 62 -73 68 -196 -3 -2 -106 -81 -154 -40 43 -67 15 108 -229 -30 215 86 157 155 161 198 -43 51 -135 146 -62 181 96 -95 219 170 78 208 -195 -186 206 18 -70 242 -206 217 193 -247 -240 -85 -137 2 218 -103 147 50 203 -91 229 -124 -185 -61 35 187 -212 122 38 142 32 199 -66 -194 -157 -26 27 -28 -9 -122 209 41 -16 -84 107 248 212 194 -115 39 190 -45 95 -34 144 -119 -139 25 119 -37 -12 -129 -100 -127 151 64 224 88 109 118 -76 -203 114 214 126 184 -22 175 -33 10 -32 221 55 83 19 -112 -89 23 127 76 -8 -189 26 -249 94 -145 167 -202 -150 -20 104 -219 -144 -82 45 -158 112 29 20 -143 79 -141 -123 -183 102 -4 115 -175 -164 69 123 -49 185 -225 176 -155 33 -102 -162 -227 -167 53 -23 153 111 81 192 125 87 -226 -210 8 162 -246 74 177 228 -177 99 22 -15 -93 92 -18 110 -44 -241 -6 121 -218 -217 202 244 37 -53 -151 -97 72 -214 -13 230 152 -173 140 98 -68 160 -133 171 -14 -58 -60 -52 -109 -51 -88 -216 -236 -116 -245 -101 -65 178 211 -222 173 182 137 0 -230 66 
TEST 199 ARG:-61 54 58 133 241 -157 105 -183 -180 163 -219 -15 178 49 68 -96 -126 139 -26 -119 84 -111 -5 228 145 122 31 -158 167 41 224 -167 -107 21 210 -123 -194 22 -77 116 -128 -73 179 -239 166 -140 -184 -236 -22 9 -114 60 -132 -213 -208 -185 183 -103 -134 -175 -144 -214 -137 165 -1 11 -173 -90 -4 207 170 -170 175 -240 -58 38 200 -195 180 -197 233 -116 -82 146 209 -235 -196 154 -124 -243 -217 -120 -162 25 -178 -215 -20 -206 232 -246 222 -85 -27 -68 34 7 225 65 -63 135 130 197 -54 -136 -7 205 -244 -155 132 -122 184 -41 -13 243 155 47 82 35 -234 -154 173 -70 -171 -10 193 -12 104 201 -152 -131 148 -83 -188 -60 76 33 -102 -71 -133 -31 44 -127 26 -17 37 -201 -250 -74 27 -182 -192 -55 238 19 -51 16 -224 -199 78 -146 18 137 -67 -242 -191 12 -230 5 162 -48 158 -46 -220 -130 -53 -248 111 -179 -193 -168 -151 234 -212 -141 -14 88 -98 -45 91 -110 -135 177 20 -3 108 138 -49 119 92 199 127 -190 192 62 218 71 142 1 157 -203 14 235 81 118 117 174 40 -47 -187 -105 109 141 -104 245 247 -118 -174 -147 -28 -121 107 -233 198 -189 -62 -247 -160 220 -228 -65 -150 153 -143 -16 110 -142 23 -149 -44 189 -32 70 191 -38 187 181 244 85 -218 29 -9 75 -205 -33 237 -106 -221 -181 95 -108 150 114 -92 -125 24 74 -40 30 229 80 195 215 100 -101 149 -207 -8 48 10 -21 -57 -25 -166 -129 90 125 151 -100 -34 -50 -176 -35 -238 -72 97 -109 79 -138 -202 -232 -169 -30 -226 -89 -112 83 115 69 123 53 -87 3 -225 -161 32 129 -237 66 56 -42 219 2 -91 15 50 93 -153 -231 -186 57 128 0 -37 -93 188 -19 121 -64 73 51 182 -11 126 86 239 152 -23 217 240 -2 -159 212 8 17 89 -172 94 -210 -245 -163 52 223 190 221 -113 39 -209 -78 -211 -165 -115 168 -43 101 4 55 59 -97 -200 216 -56 -29 87 -84 169 96 140 161 -75 42 -24 -79 -229 13 172 -148 196 202 249 -39 -6 -156 226 99 227 -222 144 120 -241 63 203 -59 -18 131 -227 -223 46 171 -81 -177 28 136 -249 -88 124 230 194 106 112 43 36 236 -198 -76 77 103 -204 -86 98 214 143 -95 67 -117 -69 -36 -145 45 159 231 -216 208 64 -99 -66 113 246 185 186 134 6 -80 -164 61 -52 211 -139 176 204 248 213 206 -94 102 72 164 156 147 242 160 
TEST 200 ARG:-212 -241 197 -35 -210 -242 118 -123 -109 52 215 -159 111 196 -187 135 -181 -46 -161 172 100 -1 8 55 70 -108 177 5 -106 72 -235 -112 168 -243 -145 128 -10 -174 -207 -15 62 -165 -146 230 139 105 242 126 -22 -139 78 220 173 221 -232 -26 -90 58 6 66 182 214 -206 219 246 -56 -180 -157 63 -34 93 245 -168 -219 -105 -128 238 110 213 10 -153 -58 -17 -37 -175 -147 -111 -51 -74 -162 -30 244 146 -217 60 41 -52 0 -216 54 28 -61 -19 -154 -197 99 241 -68 -102 170 -200 -75 -196 -152 -148 -67 158 202 -100 -227 109 -115 186 -140 249 25 195 -129 -60 90 190 1 -245 -244 -225 124 -144 -103 -20 14 247 144 133 48 75 -163 3 191 -29 -6 -119 161 162 229 36 -24 178 156 -82 51 -190 -33 -122 16 153 -130 68 -59 24 240 163 88 117 -135 -137 -50 -45 222 -8 -87 -96 -120 -246 -25 -167 98 151 84 -177 -42 120 92 21 114 183 18 159 -237 -114 231 140 119 125 -44 89 -250 59 210 149 142 -88 -192 -98 -204 -156 -97 -81 232 -178 -124 -117 -28 180 181 -150 -5 -182 235 -170 131 -133 216 -134 -172 79 -83 184 176 -12 169 -166 -77 211 15 -64 -201 4 -202 91 194 -110 -185 141 33 -23 188 -186 -149 116 -183 81 -142 46 187 -173 174 -228 -92 73 -85 96 83 -224 23 -11 -218 152 108 198 -63 -215 104 56 102 -248 204 -104 -2 136 171 20 -13 -222 94 -54 -136 199 97 22 9 76 122 -116 248 80 148 185 205 -95 -39 -78 207 -27 -221 -239 -36 -194 239 69 206 -126 -203 -91 138 -79 137 -240 212 -43 32 -208 -231 -48 -223 71 -125 -7 -38 -47 -73 -199 -16 74 233 43 -70 82 192 106 -155 243 50 130 -40 26 53 -107 -121 -86 29 87 -32 127 -18 134 42 2 -169 -230 -220 -76 44 -94 224 95 -62 -211 201 145 -41 112 86 47 113 -113 -249 -80 7 -99 123 -164 166 237 -238 -171 -72 -184 -4 -233 -189 209 -131 -3 31 -69 129 107 101 77 -71 103 -14 19 49 -209 -191 203 217 167 -138 179 157 115 193 37 -118 57 -127 189 160 227 -236 85 143 64 121 -93 154 -143 -234 65 -49 39 132 -65 236 27 17 225 35 -176 -89 -188 -158 -57 38 -53 30 12 234 -141 223 -198 218 -66 -84 165 -205 -31 40 45 11 -213 34 67 13 226 -101 -193 155 -160 175 -229 228 -179 -55 -151 -9 -214 147 200 -132 -21 -247 -226 208 164 -195 150 61 
TEST 201 ARG:-93 41 -129 -100 -10 204 -245 52 -249 124 77 128 215 -223 108 161 70 246 -90 142 87 198 14 -4 126 -225 -2 -232 180 206 -195 -182 -51 46 214 -181 -175 -151 -224 -109 -47 -65 -13 -55 -28 36 127 33 111 -103 -58 -219 139 113 25 -157 160 225 21 104 -26 -50 -164 -37 149 -148 34 205 -27 -149 -94 44 -108 -188 249 -33 -15 3 135 91 116 169 -87 -198 -169 -238 -126 53 31 243 97 47 107 -137 188 -116 -206 152 -81 62 -73 -140 -243 50 187 -112 174 192 -162 221 -161 -156 24 -199 -130 -117 -190 235 208 22 76 -145 190 39 -72 92 236 58 153 229 242 -82 80 12 125 207 218 -91 -247 -209 -59 151 183 168 -12 -208 16 -102 200 -8 -17 -168 -115 -159 -21 84 -75 -138 -141 147 -45 -174 132 -89 74 -220 -36 185 -236 93 -155 -228 -84 -229 -135 -5 -85 -131 -25 -214 69 -201 -31 -136 172 -118 179 -96 -22 -6 -24 166 -7 115 11 10 1 68 -54 -62 145 220 -213 -158 134 13 -57 4 63 -104 -203 -44 233 224 38 -71 -46 57 -23 -192 -77 148 -29 -142 114 -204 165 238 99 -98 -119 216 59 66 -240 -179 -250 167 237 -97 -153 -43 -205 -163 15 154 -212 102 26 -35 202 82 -70 199 5 -56 -191 -207 43 -106 -99 176 -19 -218 -76 -173 -147 121 171 201 -30 -196 103 17 -9 105 247 -226 182 140 117 -244 -121 -246 110 -146 241 186 88 65 42 72 -52 98 232 -132 191 6 2 230 60 210 -133 -184 19 -202 177 89 -80 173 -235 -79 136 7 -227 101 -53 130 -200 162 -105 109 -194 106 137 -127 146 -187 -14 90 141 73 -128 203 -74 164 61 -1 -152 28 -171 -165 143 175 231 -234 -101 -38 227 -122 85 0 244 -83 67 94 -11 55 -49 -189 -64 -16 100 -39 -20 78 45 219 79 -239 245 228 30 -210 -123 86 -241 158 211 -150 133 -88 157 -86 -95 -144 209 131 -185 -215 81 239 223 -92 71 -211 8 -41 144 -113 213 -177 -183 -114 20 163 -176 -68 -167 120 222 138 96 -42 217 35 -120 -111 234 9 40 -248 83 54 189 -230 -134 226 123 212 194 248 129 -186 -217 -48 -3 -231 -160 -18 -170 -237 197 -166 23 119 48 -78 75 181 195 -197 184 64 -34 -32 -154 -216 -139 -107 156 -193 32 -63 112 -124 -66 -143 196 -172 -178 95 56 -110 170 -61 178 159 150 -242 -221 51 -60 118 -180 29 -40 37 -125 27 -222 -67 -69 -233 240 193 49 18 155 122 
All size test
OK
